# Blender 5.0.1
# www.blender.org
mtllib madara_white_scaled.mtl
o madara_white
v 0.009000 0.000000 0.134998
v 0.008912 0.001253 0.134998
v 0.008651 0.002481 0.134998
v 0.008222 0.003661 0.134998
v 0.007632 0.004769 0.134998
v 0.006894 0.005785 0.134998
v 0.006022 0.006688 0.134998
v 0.005033 0.007461 0.134998
v 0.003945 0.008089 0.134998
v 0.002781 0.008559 0.134998
v 0.001563 0.008863 0.134998
v 0.000314 0.008994 0.134998
v -0.000941 0.008951 0.134998
v -0.002177 0.008733 0.134998
v -0.003371 0.008345 0.134998
v -0.004500 0.007794 0.134998
v -0.005541 0.007092 0.134998
v -0.006474 0.006252 0.134998
v -0.007281 0.005290 0.134998
v -0.007946 0.004225 0.134998
v -0.008457 0.003078 0.134998
v -0.008803 0.001871 0.134998
v -0.008978 0.000628 0.134998
v -0.008978 -0.000628 0.134998
v -0.008803 -0.001871 0.134998
v -0.008457 -0.003078 0.134998
v -0.007946 -0.004225 0.134998
v -0.007281 -0.005290 0.134998
v -0.006474 -0.006252 0.134998
v -0.005541 -0.007092 0.134998
v -0.004500 -0.007794 0.134998
v -0.003371 -0.008345 0.134998
v -0.002177 -0.008733 0.134998
v -0.000941 -0.008951 0.134998
v 0.000314 -0.008994 0.134998
v 0.001563 -0.008863 0.134998
v 0.002781 -0.008559 0.134998
v 0.003945 -0.008089 0.134998
v 0.005033 -0.007461 0.134998
v 0.006022 -0.006688 0.134998
v 0.006894 -0.005785 0.134998
v 0.007632 -0.004769 0.134998
v 0.008222 -0.003661 0.134998
v 0.008651 -0.002481 0.134998
v 0.008912 -0.001253 0.134998
v 0.009000 0.000000 0.118998
v 0.008912 -0.001253 0.118998
v 0.008651 -0.002481 0.118998
v 0.008222 -0.003661 0.118998
v 0.007632 -0.004769 0.118998
v 0.006894 -0.005785 0.118998
v 0.006022 -0.006688 0.118998
v 0.005033 -0.007461 0.118998
v 0.003945 -0.008089 0.118998
v 0.002781 -0.008559 0.118998
v 0.001563 -0.008863 0.118998
v 0.000314 -0.008994 0.118998
v -0.000941 -0.008951 0.118998
v -0.002177 -0.008733 0.118998
v -0.003371 -0.008345 0.118998
v -0.004500 -0.007794 0.118998
v -0.005541 -0.007092 0.118998
v -0.006474 -0.006252 0.118998
v -0.007281 -0.005290 0.118998
v -0.007946 -0.004225 0.118998
v -0.008457 -0.003078 0.118998
v -0.008803 -0.001871 0.118998
v -0.008978 -0.000628 0.118998
v -0.008978 0.000628 0.118998
v -0.008803 0.001871 0.118998
v -0.008457 0.003078 0.118998
v -0.007946 0.004225 0.118998
v -0.007281 0.005290 0.118998
v -0.006474 0.006252 0.118998
v -0.005541 0.007092 0.118998
v -0.004500 0.007794 0.118998
v -0.003371 0.008345 0.118998
v -0.002177 0.008733 0.118998
v -0.000941 0.008951 0.118998
v 0.000314 0.008994 0.118998
v 0.001563 0.008863 0.118998
v 0.002781 0.008559 0.118998
v 0.003945 0.008089 0.118998
v 0.005033 0.007461 0.118998
v 0.006022 0.006688 0.118998
v 0.006894 0.005785 0.118998
v 0.007632 0.004769 0.118998
v 0.008222 0.003661 0.118998
v 0.008651 0.002481 0.118998
v 0.008912 0.001253 0.118998
v -0.015000 0.000000 0.001000
v -0.014909 0.001650 0.001000
v -0.014637 0.003280 0.001000
v -0.014187 0.004870 0.001000
v -0.013565 0.006402 0.001000
v -0.012779 0.007855 0.001000
v -0.011837 0.009213 0.001000
v -0.010752 0.010459 0.001000
v -0.009536 0.011579 0.001000
v -0.008204 0.012557 0.001000
v -0.006773 0.013384 0.001000
v -0.005259 0.014047 0.001000
v -0.003682 0.014541 0.001000
v -0.002060 0.014858 0.001000
v -0.000413 0.014994 0.001000
v 0.001239 0.014949 0.001000
v 0.002876 0.014722 0.001000
v 0.004478 0.014316 0.001000
v 0.006025 0.013736 0.001000
v 0.007500 0.012990 0.001000
v 0.008883 0.012086 0.001000
v 0.010159 0.011036 0.001000
v 0.011311 0.009851 0.001000
v 0.012327 0.008547 0.001000
v 0.013192 0.007139 0.001000
v 0.013897 0.005645 0.001000
v 0.014434 0.004081 0.001000
v 0.014795 0.002469 0.001000
v 0.014977 0.000826 0.001000
v 0.014977 -0.000826 0.001000
v 0.014795 -0.002469 0.001000
v 0.014434 -0.004081 0.001000
v 0.013897 -0.005645 0.001000
v 0.013192 -0.007139 0.001000
v 0.012327 -0.008547 0.001000
v 0.011311 -0.009851 0.001000
v 0.010159 -0.011036 0.001000
v 0.008883 -0.012086 0.001000
v 0.007500 -0.012990 0.001000
v 0.006025 -0.013736 0.001000
v 0.004478 -0.014316 0.001000
v 0.002876 -0.014722 0.001000
v 0.001239 -0.014949 0.001000
v -0.000413 -0.014994 0.001000
v -0.002060 -0.014858 0.001000
v -0.003682 -0.014541 0.001000
v -0.005259 -0.014047 0.001000
v -0.006773 -0.013384 0.001000
v -0.008204 -0.012557 0.001000
v -0.009536 -0.011579 0.001000
v -0.010752 -0.010459 0.001000
v -0.011837 -0.009213 0.001000
v -0.012779 -0.007855 0.001000
v -0.013565 -0.006402 0.001000
v -0.014187 -0.004870 0.001000
v -0.014637 -0.003280 0.001000
v -0.014909 -0.001650 0.001000
v -0.016500 0.000000 0.002500
v -0.016409 -0.001725 0.002500
v -0.016139 -0.003430 0.002500
v -0.015692 -0.005099 0.002500
v -0.015073 -0.006711 0.002500
v -0.014289 -0.008250 0.002500
v -0.013349 -0.009698 0.002500
v -0.012262 -0.011041 0.002500
v -0.011041 -0.012262 0.002500
v -0.009698 -0.013349 0.002500
v -0.008250 -0.014289 0.002500
v -0.006711 -0.015073 0.002500
v -0.005099 -0.015692 0.002500
v -0.003430 -0.016139 0.002500
v -0.001725 -0.016409 0.002500
v 0.000000 -0.016500 0.002500
v 0.001725 -0.016409 0.002500
v 0.003430 -0.016139 0.002500
v 0.005099 -0.015692 0.002500
v 0.006711 -0.015073 0.002500
v 0.008250 -0.014289 0.002500
v 0.009698 -0.013349 0.002500
v 0.011041 -0.012262 0.002500
v 0.012262 -0.011041 0.002500
v 0.013349 -0.009698 0.002500
v 0.014289 -0.008250 0.002500
v 0.015073 -0.006711 0.002500
v 0.015692 -0.005099 0.002500
v 0.016139 -0.003430 0.002500
v 0.016409 -0.001725 0.002500
v 0.016500 0.000000 0.002500
v 0.016409 0.001725 0.002500
v 0.016139 0.003430 0.002500
v 0.015692 0.005099 0.002500
v 0.015073 0.006711 0.002500
v 0.014289 0.008250 0.002500
v 0.013349 0.009698 0.002500
v 0.012262 0.011041 0.002500
v 0.011041 0.012262 0.002500
v 0.009698 0.013349 0.002500
v 0.008250 0.014289 0.002500
v 0.006711 0.015073 0.002500
v 0.005099 0.015692 0.002500
v 0.003430 0.016139 0.002500
v 0.001725 0.016409 0.002500
v 0.000000 0.016500 0.002500
v -0.001725 0.016409 0.002500
v -0.003430 0.016139 0.002500
v -0.005099 0.015692 0.002500
v -0.006711 0.015073 0.002500
v -0.008250 0.014289 0.002500
v -0.009698 0.013349 0.002500
v -0.011041 0.012262 0.002500
v -0.012262 0.011041 0.002500
v -0.013349 0.009698 0.002500
v -0.014289 0.008250 0.002500
v -0.015073 0.006711 0.002500
v -0.015692 0.005099 0.002500
v -0.016139 0.003430 0.002500
v -0.016409 0.001725 0.002500
v -0.015388 0.000000 0.001051
v -0.015750 0.000000 0.001201
v -0.016060 0.000000 0.001439
v -0.016299 0.000000 0.001750
v -0.016449 0.000000 0.002112
v -0.015304 0.001608 0.001051
v -0.015664 0.001646 0.001201
v -0.015972 0.001679 0.001439
v -0.016210 0.001704 0.001750
v -0.016359 0.001719 0.002112
v -0.015052 0.003199 0.001051
v -0.015406 0.003275 0.001201
v -0.015709 0.003339 0.001439
v -0.015943 0.003389 0.001750
v -0.016089 0.003420 0.002112
v -0.014635 0.004755 0.001051
v -0.014979 0.004867 0.001201
v -0.015274 0.004963 0.001439
v -0.015501 0.005037 0.001750
v -0.015644 0.005083 0.002112
v -0.014058 0.006259 0.001051
v -0.014388 0.006406 0.001201
v -0.014672 0.006532 0.001439
v -0.014890 0.006629 0.001750
v -0.015027 0.006690 0.002112
v -0.013326 0.007694 0.001051
v -0.013640 0.007875 0.001201
v -0.013909 0.008030 0.001439
v -0.014115 0.008149 0.001750
v -0.014245 0.008224 0.002112
v -0.012449 0.009045 0.001051
v -0.012742 0.009257 0.001201
v -0.012993 0.009440 0.001439
v -0.013186 0.009580 0.001750
v -0.013307 0.009668 0.002112
v -0.011436 0.010297 0.001051
v -0.011704 0.010539 0.001201
v -0.011935 0.010747 0.001439
v -0.012112 0.010906 0.001750
v -0.012224 0.011006 0.002112
v -0.010297 0.011436 0.001051
v -0.010539 0.011704 0.001201
v -0.010747 0.011935 0.001439
v -0.010906 0.012112 0.001750
v -0.011006 0.012224 0.002112
v -0.009045 0.012449 0.001051
v -0.009257 0.012742 0.001201
v -0.009440 0.012993 0.001439
v -0.009580 0.013186 0.001750
v -0.009668 0.013307 0.002112
v -0.007694 0.013326 0.001051
v -0.007875 0.013640 0.001201
v -0.008030 0.013909 0.001439
v -0.008149 0.014115 0.001750
v -0.008224 0.014245 0.002112
v -0.006259 0.014058 0.001051
v -0.006406 0.014388 0.001201
v -0.006532 0.014672 0.001439
v -0.006629 0.014890 0.001750
v -0.006690 0.015027 0.002112
v -0.004755 0.014635 0.001051
v -0.004867 0.014979 0.001201
v -0.004963 0.015274 0.001439
v -0.005037 0.015501 0.001750
v -0.005083 0.015644 0.002112
v -0.003199 0.015052 0.001051
v -0.003275 0.015406 0.001201
v -0.003339 0.015709 0.001439
v -0.003389 0.015943 0.001750
v -0.003420 0.016089 0.002112
v -0.001608 0.015304 0.001051
v -0.001646 0.015664 0.001201
v -0.001679 0.015972 0.001439
v -0.001704 0.016210 0.001750
v -0.001719 0.016359 0.002112
v 0.000000 0.015388 0.001051
v 0.000000 0.015750 0.001201
v 0.000000 0.016060 0.001439
v 0.000000 0.016299 0.001750
v 0.000000 0.016449 0.002112
v 0.001608 0.015304 0.001051
v 0.001646 0.015664 0.001201
v 0.001679 0.015972 0.001439
v 0.001704 0.016210 0.001750
v 0.001719 0.016359 0.002112
v 0.003199 0.015052 0.001051
v 0.003275 0.015406 0.001201
v 0.003339 0.015709 0.001439
v 0.003389 0.015943 0.001750
v 0.003420 0.016089 0.002112
v 0.004755 0.014635 0.001051
v 0.004867 0.014979 0.001201
v 0.004963 0.015274 0.001439
v 0.005037 0.015501 0.001750
v 0.005083 0.015644 0.002112
v 0.006259 0.014058 0.001051
v 0.006406 0.014388 0.001201
v 0.006532 0.014672 0.001439
v 0.006629 0.014890 0.001750
v 0.006690 0.015027 0.002112
v 0.009045 0.012449 0.001051
v 0.009257 0.012742 0.001201
v 0.009440 0.012993 0.001439
v 0.009580 0.013186 0.001750
v 0.009668 0.013307 0.002112
v 0.008224 0.014245 0.002112
v 0.008149 0.014115 0.001750
v 0.008030 0.013909 0.001439
v 0.007875 0.013640 0.001201
v 0.007694 0.013326 0.001051
v 0.010297 0.011436 0.001051
v 0.010539 0.011704 0.001201
v 0.010747 0.011935 0.001439
v 0.010906 0.012112 0.001750
v 0.011006 0.012224 0.002112
v 0.011436 0.010297 0.001051
v 0.011704 0.010539 0.001201
v 0.011935 0.010747 0.001439
v 0.012112 0.010906 0.001750
v 0.012224 0.011006 0.002112
v 0.012449 0.009045 0.001051
v 0.012742 0.009257 0.001201
v 0.012993 0.009440 0.001439
v 0.013186 0.009580 0.001750
v 0.013307 0.009668 0.002112
v 0.013326 0.007694 0.001051
v 0.013640 0.007875 0.001201
v 0.013909 0.008030 0.001439
v 0.014115 0.008149 0.001750
v 0.014245 0.008224 0.002112
v 0.014058 0.006259 0.001051
v 0.014388 0.006406 0.001201
v 0.014672 0.006532 0.001439
v 0.014890 0.006629 0.001750
v 0.015027 0.006690 0.002112
v 0.014635 0.004755 0.001051
v 0.014979 0.004867 0.001201
v 0.015274 0.004963 0.001439
v 0.015501 0.005037 0.001750
v 0.015644 0.005083 0.002112
v 0.015052 0.003199 0.001051
v 0.015406 0.003275 0.001201
v 0.015709 0.003339 0.001439
v 0.015943 0.003389 0.001750
v 0.016089 0.003420 0.002112
v 0.015304 0.001608 0.001051
v 0.015664 0.001646 0.001201
v 0.015972 0.001679 0.001439
v 0.016210 0.001704 0.001750
v 0.016359 0.001719 0.002112
v 0.015388 0.000000 0.001051
v 0.015750 0.000000 0.001201
v 0.016060 0.000000 0.001439
v 0.016299 0.000000 0.001750
v 0.016449 0.000000 0.002112
v 0.015304 -0.001608 0.001051
v 0.015664 -0.001646 0.001201
v 0.015972 -0.001679 0.001439
v 0.016210 -0.001704 0.001750
v 0.016359 -0.001719 0.002112
v 0.015052 -0.003199 0.001051
v 0.015406 -0.003275 0.001201
v 0.015709 -0.003339 0.001439
v 0.015943 -0.003389 0.001750
v 0.016089 -0.003420 0.002112
v 0.014635 -0.004755 0.001051
v 0.014979 -0.004867 0.001201
v 0.015274 -0.004963 0.001439
v 0.015501 -0.005037 0.001750
v 0.015644 -0.005083 0.002112
v 0.014058 -0.006259 0.001051
v 0.014388 -0.006406 0.001201
v 0.014672 -0.006532 0.001439
v 0.014890 -0.006629 0.001750
v 0.015027 -0.006690 0.002112
v 0.013326 -0.007694 0.001051
v 0.013640 -0.007875 0.001201
v 0.013909 -0.008030 0.001439
v 0.014115 -0.008149 0.001750
v 0.014245 -0.008224 0.002112
v 0.012449 -0.009045 0.001051
v 0.012742 -0.009257 0.001201
v 0.012993 -0.009440 0.001439
v 0.013186 -0.009580 0.001750
v 0.013307 -0.009668 0.002112
v 0.011436 -0.010297 0.001051
v 0.011704 -0.010539 0.001201
v 0.011935 -0.010747 0.001439
v 0.012112 -0.010906 0.001750
v 0.012224 -0.011006 0.002112
v 0.010297 -0.011436 0.001051
v 0.010539 -0.011704 0.001201
v 0.010747 -0.011935 0.001439
v 0.010906 -0.012112 0.001750
v 0.011006 -0.012224 0.002112
v 0.009045 -0.012449 0.001051
v 0.009257 -0.012742 0.001201
v 0.009440 -0.012993 0.001439
v 0.009580 -0.013186 0.001750
v 0.009668 -0.013307 0.002112
v 0.006259 -0.014058 0.001051
v 0.006406 -0.014388 0.001201
v 0.006532 -0.014672 0.001439
v 0.006629 -0.014890 0.001750
v 0.006690 -0.015027 0.002112
v 0.008224 -0.014245 0.002112
v 0.008149 -0.014115 0.001750
v 0.008030 -0.013909 0.001439
v 0.007875 -0.013640 0.001201
v 0.007694 -0.013326 0.001051
v 0.004755 -0.014635 0.001051
v 0.004867 -0.014979 0.001201
v 0.004963 -0.015274 0.001439
v 0.005037 -0.015501 0.001750
v 0.005083 -0.015644 0.002112
v 0.003199 -0.015052 0.001051
v 0.003275 -0.015406 0.001201
v 0.003339 -0.015709 0.001439
v 0.003389 -0.015943 0.001750
v 0.003420 -0.016089 0.002112
v 0.001608 -0.015304 0.001051
v 0.001646 -0.015664 0.001201
v 0.001679 -0.015972 0.001439
v 0.001704 -0.016210 0.001750
v 0.001719 -0.016359 0.002112
v 0.000000 -0.015388 0.001051
v 0.000000 -0.015750 0.001201
v 0.000000 -0.016060 0.001439
v 0.000000 -0.016299 0.001750
v 0.000000 -0.016449 0.002112
v -0.001608 -0.015304 0.001051
v -0.001646 -0.015664 0.001201
v -0.001679 -0.015972 0.001439
v -0.001704 -0.016210 0.001750
v -0.001719 -0.016359 0.002112
v -0.003199 -0.015052 0.001051
v -0.003275 -0.015406 0.001201
v -0.003339 -0.015709 0.001439
v -0.003389 -0.015943 0.001750
v -0.003420 -0.016089 0.002112
v -0.004755 -0.014635 0.001051
v -0.004867 -0.014979 0.001201
v -0.004963 -0.015274 0.001439
v -0.005037 -0.015501 0.001750
v -0.005083 -0.015644 0.002112
v -0.006259 -0.014058 0.001051
v -0.006406 -0.014388 0.001201
v -0.006532 -0.014672 0.001439
v -0.006629 -0.014890 0.001750
v -0.006690 -0.015027 0.002112
v -0.007694 -0.013326 0.001051
v -0.007875 -0.013640 0.001201
v -0.008030 -0.013909 0.001439
v -0.008149 -0.014115 0.001750
v -0.008224 -0.014245 0.002112
v -0.009045 -0.012449 0.001051
v -0.009257 -0.012742 0.001201
v -0.009440 -0.012993 0.001439
v -0.009580 -0.013186 0.001750
v -0.009668 -0.013307 0.002112
v -0.010297 -0.011436 0.001051
v -0.010539 -0.011704 0.001201
v -0.010747 -0.011935 0.001439
v -0.010906 -0.012112 0.001750
v -0.011006 -0.012224 0.002112
v -0.011436 -0.010297 0.001051
v -0.011704 -0.010539 0.001201
v -0.011935 -0.010747 0.001439
v -0.012112 -0.010906 0.001750
v -0.012224 -0.011006 0.002112
v -0.012449 -0.009045 0.001051
v -0.012742 -0.009257 0.001201
v -0.012993 -0.009440 0.001439
v -0.013186 -0.009580 0.001750
v -0.013307 -0.009668 0.002112
v -0.013326 -0.007694 0.001051
v -0.013640 -0.007875 0.001201
v -0.013909 -0.008030 0.001439
v -0.014115 -0.008149 0.001750
v -0.014245 -0.008224 0.002112
v -0.014058 -0.006259 0.001051
v -0.014388 -0.006406 0.001201
v -0.014672 -0.006532 0.001439
v -0.014890 -0.006629 0.001750
v -0.015027 -0.006690 0.002112
v -0.014635 -0.004755 0.001051
v -0.014979 -0.004867 0.001201
v -0.015274 -0.004963 0.001439
v -0.015501 -0.005037 0.001750
v -0.015644 -0.005083 0.002112
v -0.015052 -0.003199 0.001051
v -0.015406 -0.003275 0.001201
v -0.015709 -0.003339 0.001439
v -0.015943 -0.003389 0.001750
v -0.016089 -0.003420 0.002112
v -0.015304 -0.001608 0.001051
v -0.015664 -0.001646 0.001201
v -0.015972 -0.001679 0.001439
v -0.016210 -0.001704 0.001750
v -0.016359 -0.001719 0.002112
v -0.016500 0.000000 0.117498
v -0.016409 -0.001725 0.117498
v -0.016139 -0.003430 0.117498
v -0.015692 -0.005099 0.117498
v -0.015073 -0.006711 0.117498
v -0.014289 -0.008250 0.117498
v -0.013349 -0.009698 0.117498
v -0.012262 -0.011041 0.117498
v -0.011041 -0.012262 0.117498
v -0.009698 -0.013349 0.117498
v -0.008250 -0.014289 0.117498
v -0.006711 -0.015073 0.117498
v -0.005099 -0.015692 0.117498
v -0.003430 -0.016139 0.117498
v -0.001725 -0.016409 0.117498
v 0.000000 -0.016500 0.117498
v 0.001725 -0.016409 0.117498
v 0.003430 -0.016139 0.117498
v 0.005099 -0.015692 0.117498
v 0.006711 -0.015073 0.117498
v 0.008250 -0.014289 0.117498
v 0.009698 -0.013349 0.117498
v 0.011041 -0.012262 0.117498
v 0.012262 -0.011041 0.117498
v 0.013349 -0.009698 0.117498
v 0.014289 -0.008250 0.117498
v 0.015073 -0.006711 0.117498
v 0.015692 -0.005099 0.117498
v 0.016139 -0.003430 0.117498
v 0.016409 -0.001725 0.117498
v 0.016500 0.000000 0.117498
v 0.016409 0.001725 0.117498
v 0.016139 0.003431 0.117498
v 0.015692 0.005099 0.117498
v 0.015073 0.006711 0.117498
v 0.014289 0.008250 0.117498
v 0.013349 0.009698 0.117498
v 0.012262 0.011041 0.117498
v 0.011041 0.012262 0.117498
v 0.009698 0.013349 0.117498
v 0.008250 0.014289 0.117498
v 0.006711 0.015073 0.117498
v 0.005099 0.015692 0.117498
v 0.003430 0.016139 0.117498
v 0.001725 0.016409 0.117498
v 0.000000 0.016500 0.117498
v -0.001725 0.016409 0.117498
v -0.003430 0.016139 0.117498
v -0.005099 0.015692 0.117498
v -0.006711 0.015073 0.117498
v -0.008250 0.014289 0.117498
v -0.009698 0.013349 0.117498
v -0.011041 0.012262 0.117498
v -0.012262 0.011041 0.117498
v -0.013349 0.009698 0.117498
v -0.014289 0.008250 0.117498
v -0.015073 0.006711 0.117498
v -0.015692 0.005099 0.117498
v -0.016139 0.003431 0.117498
v -0.016409 0.001725 0.117498
v -0.016500 0.000000 0.079166
v -0.016500 0.000000 0.040833
v -0.016409 -0.001725 0.079166
v -0.016409 -0.001725 0.040833
v -0.016139 -0.003430 0.079166
v -0.016139 -0.003430 0.040833
v -0.015692 -0.005099 0.079166
v -0.015692 -0.005099 0.040833
v -0.015073 -0.006711 0.079166
v -0.015073 -0.006711 0.040833
v -0.014289 -0.008250 0.079166
v -0.014289 -0.008250 0.040833
v -0.013349 -0.009698 0.079166
v -0.013349 -0.009698 0.040833
v -0.012262 -0.011041 0.079166
v -0.012262 -0.011041 0.040833
v -0.011041 -0.012262 0.079166
v -0.011041 -0.012262 0.040833
v -0.009698 -0.013349 0.079166
v -0.009698 -0.013349 0.040833
v -0.008250 -0.014289 0.079166
v -0.008250 -0.014289 0.040833
v -0.006711 -0.015073 0.079166
v -0.006711 -0.015073 0.040833
v -0.005099 -0.015692 0.079166
v -0.005099 -0.015692 0.040833
v -0.003430 -0.016139 0.079166
v -0.003430 -0.016139 0.040833
v -0.001725 -0.016409 0.079166
v -0.001725 -0.016409 0.040833
v 0.000000 -0.016500 0.079166
v 0.000000 -0.016500 0.040833
v 0.001725 -0.016409 0.079166
v 0.001725 -0.016409 0.040833
v 0.003430 -0.016139 0.079166
v 0.003430 -0.016139 0.040833
v 0.005099 -0.015692 0.079166
v 0.005099 -0.015692 0.040833
v 0.006711 -0.015073 0.079166
v 0.006711 -0.015073 0.040833
v 0.008250 -0.014289 0.079166
v 0.008250 -0.014289 0.040833
v 0.009698 -0.013349 0.079166
v 0.009698 -0.013349 0.040833
v 0.011041 -0.012262 0.079166
v 0.011041 -0.012262 0.040833
v 0.012262 -0.011041 0.079166
v 0.012262 -0.011041 0.040833
v 0.013349 -0.009698 0.079166
v 0.013349 -0.009698 0.040833
v 0.014289 -0.008250 0.079166
v 0.014289 -0.008250 0.040833
v 0.015073 -0.006711 0.079166
v 0.015073 -0.006711 0.040833
v 0.015692 -0.005099 0.079166
v 0.015692 -0.005099 0.040833
v 0.016139 -0.003430 0.079166
v 0.016139 -0.003430 0.040833
v 0.016409 -0.001725 0.079166
v 0.016409 -0.001725 0.040833
v 0.016500 0.000000 0.079166
v 0.016500 0.000000 0.040833
v 0.016409 0.001725 0.079166
v 0.016409 0.001725 0.040833
v 0.016139 0.003431 0.079166
v 0.016139 0.003431 0.040833
v 0.015692 0.005099 0.079166
v 0.015692 0.005099 0.040833
v 0.015073 0.006711 0.079166
v 0.015073 0.006711 0.040833
v 0.014289 0.008250 0.079166
v 0.014289 0.008250 0.040833
v 0.013349 0.009698 0.079166
v 0.013349 0.009698 0.040833
v 0.012262 0.011041 0.079166
v 0.012262 0.011041 0.040833
v 0.011041 0.012262 0.079166
v 0.011041 0.012262 0.040833
v 0.009698 0.013349 0.079166
v 0.009698 0.013349 0.040833
v 0.008250 0.014289 0.079166
v 0.008250 0.014289 0.040833
v 0.006711 0.015073 0.079166
v 0.006711 0.015073 0.040833
v 0.005099 0.015692 0.079166
v 0.005099 0.015692 0.040833
v 0.003430 0.016139 0.079166
v 0.003430 0.016139 0.040833
v 0.001725 0.016409 0.079166
v 0.001725 0.016409 0.040833
v 0.000000 0.016500 0.079166
v 0.000000 0.016500 0.040833
v -0.001725 0.016409 0.079166
v -0.001725 0.016409 0.040833
v -0.003430 0.016139 0.079166
v -0.003430 0.016139 0.040833
v -0.005099 0.015692 0.079166
v -0.005099 0.015692 0.040833
v -0.006711 0.015073 0.079166
v -0.006711 0.015073 0.040833
v -0.008250 0.014289 0.079166
v -0.008250 0.014289 0.040833
v -0.009698 0.013349 0.079166
v -0.009698 0.013349 0.040833
v -0.011041 0.012262 0.079166
v -0.011041 0.012262 0.040833
v -0.012262 0.011041 0.079166
v -0.012262 0.011041 0.040833
v -0.013349 0.009698 0.079166
v -0.013349 0.009698 0.040833
v -0.014289 0.008250 0.079166
v -0.014289 0.008250 0.040833
v -0.015073 0.006711 0.079166
v -0.015073 0.006711 0.040833
v -0.015692 0.005099 0.079166
v -0.015692 0.005099 0.040833
v -0.016139 0.003431 0.079166
v -0.016139 0.003431 0.040833
v -0.016409 0.001725 0.079166
v -0.016409 0.001725 0.040833
v -0.015000 0.000000 0.118998
v -0.014909 -0.001650 0.118998
v -0.014637 -0.003280 0.118998
v -0.014187 -0.004870 0.118998
v -0.013565 -0.006402 0.118998
v -0.012779 -0.007855 0.118998
v -0.011837 -0.009213 0.118998
v -0.010752 -0.010459 0.118998
v -0.009536 -0.011579 0.118998
v -0.008204 -0.012557 0.118998
v -0.006773 -0.013384 0.118998
v -0.005259 -0.014047 0.118998
v -0.003682 -0.014541 0.118998
v -0.002060 -0.014858 0.118998
v -0.000413 -0.014994 0.118998
v 0.001239 -0.014949 0.118998
v 0.002876 -0.014722 0.118998
v 0.004478 -0.014316 0.118998
v 0.006025 -0.013736 0.118998
v 0.007500 -0.012990 0.118998
v 0.008883 -0.012086 0.118998
v 0.010159 -0.011036 0.118998
v 0.011311 -0.009851 0.118998
v 0.012327 -0.008547 0.118998
v 0.013192 -0.007139 0.118998
v 0.013897 -0.005645 0.118998
v 0.014434 -0.004081 0.118998
v 0.014795 -0.002469 0.118998
v 0.014977 -0.000826 0.118998
v 0.014977 0.000826 0.118998
v 0.014795 0.002469 0.118998
v 0.014434 0.004082 0.118998
v 0.013897 0.005645 0.118998
v 0.013192 0.007139 0.118998
v 0.012327 0.008547 0.118998
v 0.011311 0.009851 0.118998
v 0.010159 0.011036 0.118998
v 0.008883 0.012086 0.118998
v 0.007500 0.012990 0.118998
v 0.006025 0.013736 0.118998
v 0.004478 0.014316 0.118998
v 0.002876 0.014722 0.118998
v 0.001239 0.014949 0.118998
v -0.000413 0.014994 0.118998
v -0.002060 0.014858 0.118998
v -0.003682 0.014541 0.118998
v -0.005259 0.014047 0.118998
v -0.006773 0.013384 0.118998
v -0.008204 0.012557 0.118998
v -0.009536 0.011579 0.118998
v -0.010752 0.010459 0.118998
v -0.011837 0.009213 0.118998
v -0.012779 0.007855 0.118998
v -0.013565 0.006402 0.118998
v -0.014187 0.004870 0.118998
v -0.014637 0.003280 0.118998
v -0.014909 0.001650 0.118998
v -0.016449 0.000000 0.117887
v -0.016299 0.000000 0.118248
v -0.016060 0.000000 0.118559
v -0.015750 0.000000 0.118798
v -0.015388 0.000000 0.118947
v -0.016359 0.001719 0.117887
v -0.016210 0.001704 0.118248
v -0.015972 0.001679 0.118559
v -0.015664 0.001646 0.118798
v -0.015304 0.001608 0.118947
v -0.016089 0.003420 0.117887
v -0.015943 0.003389 0.118248
v -0.015709 0.003339 0.118559
v -0.015406 0.003275 0.118798
v -0.015052 0.003199 0.118947
v -0.015644 0.005083 0.117887
v -0.015501 0.005037 0.118248
v -0.015274 0.004963 0.118559
v -0.014979 0.004867 0.118798
v -0.014635 0.004755 0.118947
v -0.015027 0.006690 0.117887
v -0.014890 0.006629 0.118248
v -0.014672 0.006532 0.118559
v -0.014388 0.006406 0.118798
v -0.014058 0.006259 0.118947
v -0.014245 0.008224 0.117887
v -0.014115 0.008149 0.118248
v -0.013909 0.008030 0.118559
v -0.013640 0.007875 0.118798
v -0.013326 0.007694 0.118947
v -0.013307 0.009668 0.117887
v -0.013186 0.009580 0.118248
v -0.012993 0.009440 0.118559
v -0.012742 0.009258 0.118798
v -0.012449 0.009045 0.118947
v -0.012224 0.011006 0.117887
v -0.012112 0.010906 0.118248
v -0.011935 0.010747 0.118559
v -0.011704 0.010539 0.118798
v -0.011436 0.010297 0.118947
v -0.011006 0.012224 0.117887
v -0.010906 0.012112 0.118248
v -0.010747 0.011935 0.118559
v -0.010539 0.011704 0.118798
v -0.010297 0.011436 0.118947
v -0.009668 0.013307 0.117887
v -0.009580 0.013186 0.118248
v -0.009440 0.012993 0.118559
v -0.009257 0.012742 0.118798
v -0.009045 0.012449 0.118947
v -0.008224 0.014245 0.117887
v -0.008149 0.014115 0.118248
v -0.008030 0.013909 0.118559
v -0.007875 0.013640 0.118798
v -0.007694 0.013326 0.118947
v -0.006690 0.015027 0.117887
v -0.006629 0.014890 0.118248
v -0.006532 0.014672 0.118559
v -0.006406 0.014388 0.118798
v -0.006259 0.014058 0.118947
v -0.005083 0.015644 0.117887
v -0.005037 0.015501 0.118248
v -0.004963 0.015274 0.118559
v -0.004867 0.014979 0.118798
v -0.004755 0.014635 0.118947
v -0.003420 0.016089 0.117887
v -0.003389 0.015943 0.118248
v -0.003339 0.015710 0.118559
v -0.003275 0.015406 0.118798
v -0.003199 0.015052 0.118947
v -0.001719 0.016359 0.117887
v -0.001704 0.016210 0.118248
v -0.001679 0.015972 0.118559
v -0.001646 0.015664 0.118798
v -0.001608 0.015304 0.118947
v 0.000000 0.016449 0.117887
v 0.000000 0.016299 0.118248
v 0.000000 0.016060 0.118559
v 0.000000 0.015750 0.118798
v 0.000000 0.015388 0.118947
v 0.001719 0.016359 0.117887
v 0.001704 0.016210 0.118248
v 0.001679 0.015972 0.118559
v 0.001646 0.015664 0.118798
v 0.001608 0.015304 0.118947
v 0.003420 0.016089 0.117887
v 0.003389 0.015943 0.118248
v 0.003339 0.015710 0.118559
v 0.003275 0.015406 0.118798
v 0.003199 0.015052 0.118947
v 0.005083 0.015644 0.117887
v 0.005037 0.015501 0.118248
v 0.004963 0.015274 0.118559
v 0.004867 0.014979 0.118798
v 0.004755 0.014635 0.118947
v 0.006690 0.015027 0.117887
v 0.006629 0.014890 0.118248
v 0.006532 0.014672 0.118559
v 0.006406 0.014388 0.118798
v 0.006259 0.014058 0.118947
v 0.008224 0.014245 0.117887
v 0.008149 0.014115 0.118248
v 0.008030 0.013909 0.118559
v 0.007875 0.013640 0.118798
v 0.007694 0.013326 0.118947
v 0.009668 0.013307 0.117887
v 0.009580 0.013186 0.118248
v 0.009440 0.012993 0.118559
v 0.009257 0.012742 0.118798
v 0.009045 0.012449 0.118947
v 0.011006 0.012224 0.117887
v 0.010906 0.012112 0.118248
v 0.010747 0.011935 0.118559
v 0.010539 0.011704 0.118798
v 0.010297 0.011436 0.118947
v 0.012224 0.011006 0.117887
v 0.012112 0.010906 0.118248
v 0.011935 0.010747 0.118559
v 0.011704 0.010539 0.118798
v 0.011436 0.010297 0.118947
v 0.013307 0.009668 0.117887
v 0.013186 0.009580 0.118248
v 0.012993 0.009440 0.118559
v 0.012742 0.009258 0.118798
v 0.012449 0.009045 0.118947
v 0.014245 0.008224 0.117887
v 0.014115 0.008149 0.118248
v 0.013909 0.008030 0.118559
v 0.013640 0.007875 0.118798
v 0.013326 0.007694 0.118947
v 0.015027 0.006690 0.117887
v 0.014890 0.006629 0.118248
v 0.014672 0.006532 0.118559
v 0.014388 0.006406 0.118798
v 0.014058 0.006259 0.118947
v 0.015644 0.005083 0.117887
v 0.015501 0.005037 0.118248
v 0.015274 0.004963 0.118559
v 0.014979 0.004867 0.118798
v 0.014635 0.004755 0.118947
v 0.016089 0.003420 0.117887
v 0.015943 0.003389 0.118248
v 0.015709 0.003339 0.118559
v 0.015406 0.003275 0.118798
v 0.015052 0.003199 0.118947
v 0.016359 0.001719 0.117887
v 0.016210 0.001704 0.118248
v 0.015972 0.001679 0.118559
v 0.015664 0.001646 0.118798
v 0.015304 0.001608 0.118947
v 0.016449 0.000000 0.117887
v 0.016299 0.000000 0.118248
v 0.016060 0.000000 0.118559
v 0.015750 0.000000 0.118798
v 0.015388 0.000000 0.118947
v 0.016359 -0.001719 0.117887
v 0.016210 -0.001704 0.118248
v 0.015972 -0.001679 0.118559
v 0.015664 -0.001646 0.118798
v 0.015304 -0.001608 0.118947
v 0.016089 -0.003420 0.117887
v 0.015943 -0.003389 0.118248
v 0.015709 -0.003339 0.118559
v 0.015406 -0.003275 0.118798
v 0.015052 -0.003199 0.118947
v 0.015644 -0.005083 0.117887
v 0.015501 -0.005037 0.118248
v 0.015274 -0.004963 0.118559
v 0.014979 -0.004867 0.118798
v 0.014635 -0.004755 0.118947
v 0.015027 -0.006690 0.117887
v 0.014890 -0.006629 0.118248
v 0.014672 -0.006532 0.118559
v 0.014388 -0.006406 0.118798
v 0.014058 -0.006259 0.118947
v 0.014245 -0.008224 0.117887
v 0.014115 -0.008149 0.118248
v 0.013909 -0.008030 0.118559
v 0.013640 -0.007875 0.118798
v 0.013326 -0.007694 0.118947
v 0.013307 -0.009668 0.117887
v 0.013186 -0.009580 0.118248
v 0.012993 -0.009440 0.118559
v 0.012742 -0.009257 0.118798
v 0.012449 -0.009045 0.118947
v 0.012224 -0.011006 0.117887
v 0.012112 -0.010906 0.118248
v 0.011935 -0.010747 0.118559
v 0.011704 -0.010539 0.118798
v 0.011436 -0.010297 0.118947
v 0.011006 -0.012224 0.117887
v 0.010906 -0.012112 0.118248
v 0.010747 -0.011935 0.118559
v 0.010539 -0.011704 0.118798
v 0.010297 -0.011436 0.118947
v 0.009668 -0.013307 0.117887
v 0.009580 -0.013186 0.118248
v 0.009440 -0.012993 0.118559
v 0.009257 -0.012742 0.118798
v 0.009045 -0.012449 0.118947
v 0.008224 -0.014245 0.117887
v 0.008149 -0.014115 0.118248
v 0.008030 -0.013909 0.118559
v 0.007875 -0.013640 0.118798
v 0.007694 -0.013326 0.118947
v 0.006690 -0.015027 0.117887
v 0.006629 -0.014890 0.118248
v 0.006532 -0.014672 0.118559
v 0.006406 -0.014388 0.118798
v 0.006259 -0.014058 0.118947
v 0.005083 -0.015644 0.117887
v 0.005037 -0.015501 0.118248
v 0.004963 -0.015274 0.118559
v 0.004867 -0.014979 0.118798
v 0.004755 -0.014635 0.118947
v 0.003420 -0.016089 0.117887
v 0.003389 -0.015943 0.118248
v 0.003339 -0.015709 0.118559
v 0.003275 -0.015406 0.118798
v 0.003199 -0.015052 0.118947
v 0.001719 -0.016359 0.117887
v 0.001704 -0.016210 0.118248
v 0.001679 -0.015972 0.118559
v 0.001646 -0.015664 0.118798
v 0.001608 -0.015304 0.118947
v 0.000000 -0.016449 0.117887
v 0.000000 -0.016299 0.118248
v 0.000000 -0.016060 0.118559
v 0.000000 -0.015750 0.118798
v 0.000000 -0.015388 0.118947
v -0.001719 -0.016359 0.117887
v -0.001704 -0.016210 0.118248
v -0.001679 -0.015972 0.118559
v -0.001646 -0.015664 0.118798
v -0.001608 -0.015304 0.118947
v -0.003420 -0.016089 0.117887
v -0.003389 -0.015943 0.118248
v -0.003339 -0.015709 0.118559
v -0.003275 -0.015406 0.118798
v -0.003199 -0.015052 0.118947
v -0.005083 -0.015644 0.117887
v -0.005037 -0.015501 0.118248
v -0.004963 -0.015274 0.118559
v -0.004867 -0.014979 0.118798
v -0.004755 -0.014635 0.118947
v -0.006690 -0.015027 0.117887
v -0.006629 -0.014890 0.118248
v -0.006532 -0.014672 0.118559
v -0.006406 -0.014388 0.118798
v -0.006259 -0.014058 0.118947
v -0.008224 -0.014245 0.117887
v -0.008149 -0.014115 0.118248
v -0.008030 -0.013909 0.118559
v -0.007875 -0.013640 0.118798
v -0.007694 -0.013326 0.118947
v -0.009668 -0.013307 0.117887
v -0.009580 -0.013186 0.118248
v -0.009440 -0.012993 0.118559
v -0.009257 -0.012742 0.118798
v -0.009045 -0.012449 0.118947
v -0.011006 -0.012224 0.117887
v -0.010906 -0.012112 0.118248
v -0.010747 -0.011935 0.118559
v -0.010539 -0.011704 0.118798
v -0.010297 -0.011436 0.118947
v -0.012224 -0.011006 0.117887
v -0.012112 -0.010906 0.118248
v -0.011935 -0.010747 0.118559
v -0.011704 -0.010539 0.118798
v -0.011436 -0.010297 0.118947
v -0.013307 -0.009668 0.117887
v -0.013186 -0.009580 0.118248
v -0.012993 -0.009440 0.118559
v -0.012742 -0.009257 0.118798
v -0.012449 -0.009045 0.118947
v -0.014245 -0.008224 0.117887
v -0.014115 -0.008149 0.118248
v -0.013909 -0.008030 0.118559
v -0.013640 -0.007875 0.118798
v -0.013326 -0.007694 0.118947
v -0.015027 -0.006690 0.117887
v -0.014890 -0.006629 0.118248
v -0.014672 -0.006532 0.118559
v -0.014388 -0.006406 0.118798
v -0.014058 -0.006259 0.118947
v -0.015644 -0.005083 0.117887
v -0.015501 -0.005037 0.118248
v -0.015274 -0.004963 0.118559
v -0.014979 -0.004867 0.118798
v -0.014635 -0.004755 0.118947
v -0.016089 -0.003420 0.117887
v -0.015943 -0.003389 0.118248
v -0.015709 -0.003339 0.118559
v -0.015406 -0.003275 0.118798
v -0.015052 -0.003199 0.118947
v -0.016359 -0.001719 0.117887
v -0.016210 -0.001704 0.118248
v -0.015972 -0.001679 0.118559
v -0.015664 -0.001646 0.118798
v -0.015304 -0.001608 0.118947
v 0.010000 0.000000 0.133998
v 0.009911 0.001333 0.133998
v 0.009645 0.002642 0.133998
v 0.009206 0.003904 0.133998
v 0.008604 0.005096 0.133998
v 0.007848 0.006197 0.133998
v 0.006952 0.007188 0.133998
v 0.005932 0.008051 0.133998
v 0.004806 0.008769 0.133998
v 0.003594 0.009332 0.133998
v 0.002318 0.009727 0.133998
v 0.001001 0.009950 0.133998
v -0.000334 0.009994 0.133998
v -0.001663 0.009861 0.133998
v -0.002963 0.009551 0.133998
v -0.004209 0.009071 0.133998
v -0.005381 0.008429 0.133998
v -0.006456 0.007636 0.133998
v -0.007416 0.006708 0.133998
v -0.008244 0.005659 0.133998
v -0.008925 0.004510 0.133998
v -0.009447 0.003280 0.133998
v -0.009799 0.001992 0.133998
v -0.009978 0.000668 0.133998
v -0.009978 -0.000668 0.133998
v -0.009799 -0.001992 0.133998
v -0.009447 -0.003280 0.133998
v -0.008925 -0.004510 0.133998
v -0.008244 -0.005659 0.133998
v -0.007416 -0.006708 0.133998
v -0.006456 -0.007636 0.133998
v -0.005381 -0.008429 0.133998
v -0.004209 -0.009071 0.133998
v -0.002963 -0.009551 0.133998
v -0.001663 -0.009861 0.133998
v -0.000334 -0.009994 0.133998
v 0.001001 -0.009950 0.133998
v 0.002318 -0.009727 0.133998
v 0.003594 -0.009332 0.133998
v 0.004806 -0.008769 0.133998
v 0.005932 -0.008051 0.133998
v 0.006952 -0.007188 0.133998
v 0.007848 -0.006197 0.133998
v 0.008604 -0.005096 0.133998
v 0.009206 -0.003904 0.133998
v 0.009645 -0.002642 0.133998
v 0.009911 -0.001333 0.133998
v -0.009966 0.000000 0.134257
v -0.009866 0.000000 0.134498
v -0.009707 0.000000 0.134705
v -0.009500 0.000000 0.134864
v -0.009259 0.000000 0.134964
v -0.000927 -0.009212 0.134964
v -0.000927 0.009212 0.134964
v 0.009944 0.000666 0.134257
v 0.009844 0.000659 0.134498
v 0.009685 0.000648 0.134705
v 0.009479 0.000635 0.134864
v 0.009238 0.000618 0.134964
v 0.009238 -0.000618 0.134964
v 0.009479 -0.000635 0.134864
v 0.009685 -0.000648 0.134705
v 0.009844 -0.000659 0.134498
v 0.009944 -0.000666 0.134257
v 0.009766 0.001985 0.134257
v 0.009668 0.001965 0.134498
v 0.009512 0.001934 0.134705
v 0.009310 0.001892 0.134864
v 0.009073 0.001844 0.134964
v 0.009414 0.003269 0.134257
v 0.009320 0.003236 0.134498
v 0.009170 0.003184 0.134705
v 0.008974 0.003116 0.134864
v 0.008746 0.003037 0.134964
v 0.008895 0.004495 0.134257
v 0.008806 0.004450 0.134498
v 0.008664 0.004378 0.134705
v 0.008479 0.004285 0.134864
v 0.008264 0.004176 0.134964
v 0.008216 0.005640 0.134257
v 0.008134 0.005584 0.134498
v 0.008003 0.005494 0.134705
v 0.007832 0.005376 0.134864
v 0.007633 0.005240 0.134964
v 0.007391 0.006685 0.134257
v 0.007317 0.006618 0.134498
v 0.007199 0.006511 0.134705
v 0.007046 0.006372 0.134864
v 0.006867 0.006211 0.134964
v 0.006434 0.007610 0.134257
v 0.006370 0.007534 0.134498
v 0.006267 0.007413 0.134705
v 0.006133 0.007255 0.134864
v 0.005978 0.007070 0.134964
v 0.005362 0.008400 0.134257
v 0.005309 0.008316 0.134498
v 0.005223 0.008182 0.134705
v 0.005112 0.008007 0.134864
v 0.004982 0.007804 0.134964
v 0.004195 0.009040 0.134257
v 0.004153 0.008949 0.134498
v 0.004086 0.008805 0.134705
v 0.003999 0.008617 0.134864
v 0.003897 0.008398 0.134964
v 0.002953 0.009518 0.134257
v 0.002923 0.009423 0.134498
v 0.002876 0.009271 0.134705
v 0.002815 0.009073 0.134864
v 0.002743 0.008843 0.134964
v 0.001658 0.009827 0.134257
v 0.001641 0.009728 0.134498
v 0.001615 0.009572 0.134705
v 0.001580 0.009368 0.134864
v 0.001540 0.009130 0.134964
v 0.000333 0.009960 0.134257
v 0.000330 0.009860 0.134498
v 0.000324 0.009702 0.134705
v 0.000317 0.009495 0.134864
v 0.000309 0.009254 0.134964
v -0.000998 0.009916 0.134257
v -0.000988 0.009816 0.134498
v -0.000972 0.009658 0.134705
v -0.000951 0.009452 0.134864
v -0.002310 0.009694 0.134257
v -0.002287 0.009597 0.134498
v -0.002250 0.009443 0.134705
v -0.002202 0.009241 0.134864
v -0.002146 0.009006 0.134964
v -0.003582 0.009300 0.134257
v -0.003546 0.009207 0.134498
v -0.003489 0.009058 0.134705
v -0.003414 0.008865 0.134864
v -0.003328 0.008640 0.134964
v -0.004789 0.008740 0.134257
v -0.004741 0.008652 0.134498
v -0.004665 0.008513 0.134705
v -0.004565 0.008331 0.134864
v -0.004450 0.008119 0.134964
v -0.005912 0.008023 0.134257
v -0.005852 0.007943 0.134498
v -0.005758 0.007815 0.134705
v -0.005635 0.007648 0.134864
v -0.005492 0.007454 0.134964
v -0.006928 0.007164 0.134257
v -0.006859 0.007092 0.134498
v -0.006748 0.006978 0.134705
v -0.006604 0.006829 0.134864
v -0.006437 0.006655 0.134964
v -0.007821 0.006176 0.134257
v -0.007743 0.006114 0.134498
v -0.007618 0.006016 0.134705
v -0.007455 0.005888 0.134864
v -0.007266 0.005738 0.134964
v -0.008575 0.005079 0.134257
v -0.008489 0.005028 0.134498
v -0.008352 0.004947 0.134705
v -0.008174 0.004841 0.134864
v -0.007966 0.004718 0.134964
v -0.009175 0.003891 0.134257
v -0.009083 0.003852 0.134498
v -0.008937 0.003790 0.134705
v -0.008746 0.003709 0.134864
v -0.008524 0.003615 0.134964
v -0.009612 0.002633 0.134257
v -0.009515 0.002607 0.134498
v -0.009362 0.002565 0.134705
v -0.009162 0.002510 0.134864
v -0.008930 0.002446 0.134964
v -0.009877 0.001328 0.134257
v -0.009778 0.001315 0.134498
v -0.009620 0.001294 0.134705
v -0.009415 0.001266 0.134864
v -0.009176 0.001234 0.134964
v -0.009877 -0.001328 0.134257
v -0.009778 -0.001315 0.134498
v -0.009620 -0.001294 0.134705
v -0.009415 -0.001266 0.134864
v -0.009176 -0.001234 0.134964
v -0.009612 -0.002633 0.134257
v -0.009515 -0.002607 0.134498
v -0.009362 -0.002565 0.134705
v -0.009162 -0.002510 0.134864
v -0.008930 -0.002446 0.134964
v -0.009175 -0.003891 0.134257
v -0.009083 -0.003852 0.134498
v -0.008937 -0.003789 0.134705
v -0.008746 -0.003709 0.134864
v -0.008524 -0.003614 0.134964
v -0.008575 -0.005079 0.134257
v -0.008489 -0.005028 0.134498
v -0.008352 -0.004947 0.134705
v -0.008174 -0.004841 0.134864
v -0.007966 -0.004718 0.134964
v -0.007821 -0.006176 0.134257
v -0.007743 -0.006114 0.134498
v -0.007618 -0.006016 0.134705
v -0.007455 -0.005888 0.134864
v -0.007266 -0.005738 0.134964
v -0.006928 -0.007164 0.134257
v -0.006859 -0.007092 0.134498
v -0.006748 -0.006978 0.134705
v -0.006604 -0.006829 0.134864
v -0.006437 -0.006655 0.134964
v -0.005912 -0.008023 0.134257
v -0.005852 -0.007943 0.134498
v -0.005758 -0.007815 0.134705
v -0.005635 -0.007648 0.134864
v -0.005492 -0.007454 0.134964
v -0.004789 -0.008739 0.134257
v -0.004741 -0.008652 0.134498
v -0.004665 -0.008513 0.134705
v -0.004565 -0.008331 0.134864
v -0.004450 -0.008119 0.134964
v -0.003582 -0.009300 0.134257
v -0.003546 -0.009207 0.134498
v -0.003489 -0.009058 0.134705
v -0.003414 -0.008865 0.134864
v -0.003328 -0.008640 0.134964
v -0.002310 -0.009694 0.134257
v -0.002287 -0.009597 0.134498
v -0.002250 -0.009443 0.134705
v -0.002202 -0.009241 0.134864
v -0.002146 -0.009006 0.134964
v -0.000998 -0.009916 0.134257
v -0.000988 -0.009816 0.134498
v -0.000972 -0.009658 0.134705
v -0.000951 -0.009452 0.134864
v 0.000333 -0.009960 0.134257
v 0.000330 -0.009860 0.134498
v 0.000324 -0.009702 0.134705
v 0.000317 -0.009495 0.134864
v 0.000309 -0.009254 0.134964
v 0.001658 -0.009827 0.134257
v 0.001641 -0.009728 0.134498
v 0.001615 -0.009572 0.134705
v 0.001580 -0.009368 0.134864
v 0.001540 -0.009130 0.134964
v 0.002953 -0.009518 0.134257
v 0.002923 -0.009423 0.134498
v 0.002876 -0.009271 0.134705
v 0.002815 -0.009073 0.134864
v 0.002743 -0.008843 0.134964
v 0.004195 -0.009040 0.134257
v 0.004153 -0.008949 0.134498
v 0.004086 -0.008805 0.134705
v 0.003999 -0.008617 0.134864
v 0.003897 -0.008398 0.134964
v 0.005362 -0.008400 0.134257
v 0.005309 -0.008316 0.134498
v 0.005223 -0.008182 0.134705
v 0.005112 -0.008007 0.134864
v 0.004982 -0.007804 0.134964
v 0.006434 -0.007610 0.134257
v 0.006370 -0.007534 0.134498
v 0.006267 -0.007413 0.134705
v 0.006133 -0.007255 0.134864
v 0.005978 -0.007070 0.134964
v 0.007391 -0.006685 0.134257
v 0.007317 -0.006618 0.134498
v 0.007199 -0.006511 0.134705
v 0.007046 -0.006372 0.134864
v 0.006867 -0.006211 0.134964
v 0.008216 -0.005640 0.134257
v 0.008134 -0.005584 0.134498
v 0.008003 -0.005494 0.134705
v 0.007832 -0.005376 0.134864
v 0.007633 -0.005240 0.134964
v 0.008895 -0.004495 0.134257
v 0.008806 -0.004450 0.134498
v 0.008664 -0.004378 0.134705
v 0.008479 -0.004285 0.134864
v 0.008264 -0.004176 0.134964
v 0.009414 -0.003269 0.134257
v 0.009320 -0.003236 0.134498
v 0.009170 -0.003184 0.134705
v 0.008974 -0.003116 0.134864
v 0.008746 -0.003037 0.134964
v 0.009766 -0.001985 0.134257
v 0.009668 -0.001965 0.134498
v 0.009512 -0.001933 0.134705
v 0.009310 -0.001892 0.134864
v 0.009073 -0.001844 0.134964
v 0.010000 0.000000 0.119998
v 0.009911 0.001333 0.119998
v 0.009645 0.002642 0.119998
v 0.009206 0.003904 0.119998
v 0.008604 0.005096 0.119998
v 0.007848 0.006197 0.119998
v 0.006952 0.007188 0.119998
v 0.005932 0.008051 0.119998
v 0.004806 0.008769 0.119998
v 0.003594 0.009332 0.119998
v 0.002318 0.009727 0.119998
v 0.001001 0.009950 0.119998
v -0.000334 0.009994 0.119998
v -0.001663 0.009861 0.119998
v -0.002963 0.009551 0.119998
v -0.004209 0.009071 0.119998
v -0.005381 0.008429 0.119998
v -0.006456 0.007636 0.119998
v -0.007416 0.006708 0.119998
v -0.008244 0.005659 0.119998
v -0.008925 0.004510 0.119998
v -0.009447 0.003280 0.119998
v -0.009799 0.001992 0.119998
v -0.009978 0.000668 0.119998
v -0.009978 -0.000668 0.119998
v -0.009799 -0.001992 0.119998
v -0.009447 -0.003280 0.119998
v -0.008925 -0.004510 0.119998
v -0.008244 -0.005659 0.119998
v -0.007416 -0.006708 0.119998
v -0.006456 -0.007636 0.119998
v -0.005381 -0.008429 0.119998
v -0.004209 -0.009071 0.119998
v -0.002963 -0.009551 0.119998
v -0.001663 -0.009861 0.119998
v -0.000334 -0.009994 0.119998
v 0.001001 -0.009950 0.119998
v 0.002318 -0.009727 0.119998
v 0.003594 -0.009332 0.119998
v 0.004806 -0.008769 0.119998
v 0.005932 -0.008051 0.119998
v 0.006952 -0.007188 0.119998
v 0.007848 -0.006197 0.119998
v 0.008604 -0.005096 0.119998
v 0.009206 -0.003904 0.119998
v 0.009645 -0.002642 0.119998
v 0.009911 -0.001333 0.119998
v -0.015000 0.000000 0.000000
v -0.014909 -0.001650 0.000000
v -0.014637 -0.003280 0.000000
v -0.014187 -0.004870 0.000000
v -0.013565 -0.006402 0.000000
v -0.012779 -0.007855 0.000000
v -0.011837 -0.009213 0.000000
v -0.010752 -0.010459 0.000000
v -0.009536 -0.011579 0.000000
v -0.008204 -0.012557 0.000000
v -0.006773 -0.013384 0.000000
v -0.005259 -0.014047 0.000000
v -0.003682 -0.014541 0.000000
v -0.002060 -0.014858 0.000000
v -0.000413 -0.014994 0.000000
v 0.001239 -0.014949 0.000000
v 0.002876 -0.014722 0.000000
v 0.004478 -0.014316 0.000000
v 0.006025 -0.013736 0.000000
v 0.007500 -0.012990 0.000000
v 0.008883 -0.012086 0.000000
v 0.010159 -0.011036 0.000000
v 0.011311 -0.009851 0.000000
v 0.012327 -0.008547 0.000000
v 0.013192 -0.007139 0.000000
v 0.013897 -0.005645 0.000000
v 0.014434 -0.004081 0.000000
v 0.014795 -0.002469 0.000000
v 0.014977 -0.000826 0.000000
v 0.014977 0.000826 -0.000000
v 0.014795 0.002469 -0.000000
v 0.014434 0.004081 -0.000000
v 0.013897 0.005645 -0.000000
v 0.013192 0.007139 -0.000000
v 0.012327 0.008547 -0.000000
v 0.011311 0.009851 -0.000000
v 0.010159 0.011036 -0.000000
v 0.008883 0.012086 -0.000000
v 0.007500 0.012990 -0.000000
v 0.006025 0.013736 -0.000000
v 0.004478 0.014316 -0.000000
v 0.002876 0.014722 -0.000000
v 0.001239 0.014949 -0.000000
v -0.000413 0.014994 -0.000000
v -0.002060 0.014858 -0.000000
v -0.003682 0.014541 -0.000000
v -0.005259 0.014047 -0.000000
v -0.006773 0.013384 -0.000000
v -0.008204 0.012557 -0.000000
v -0.009536 0.011579 -0.000000
v -0.010752 0.010459 -0.000000
v -0.011837 0.009213 -0.000000
v -0.012779 0.007855 -0.000000
v -0.013565 0.006402 -0.000000
v -0.014187 0.004870 -0.000000
v -0.014637 0.003280 -0.000000
v -0.014909 0.001650 -0.000000
v -0.017500 0.000000 0.002500
v -0.017410 0.001770 0.002500
v -0.017142 0.003523 0.002500
v -0.016697 0.005239 0.002500
v -0.016082 0.006901 0.002500
v -0.015301 0.008493 0.002500
v -0.014363 0.009997 0.002500
v -0.013278 0.011399 0.002500
v -0.012057 0.012684 0.002500
v -0.010712 0.013838 0.002500
v -0.009257 0.014851 0.002500
v -0.007707 0.015711 0.002500
v -0.006078 0.016410 0.002500
v -0.004386 0.016941 0.002500
v -0.002650 0.017298 0.002500
v -0.000886 0.017477 0.002500
v 0.000886 0.017477 0.002500
v 0.002650 0.017298 0.002500
v 0.004386 0.016941 0.002500
v 0.006078 0.016410 0.002500
v 0.007707 0.015711 0.002500
v 0.009257 0.014851 0.002500
v 0.010712 0.013838 0.002500
v 0.012057 0.012684 0.002500
v 0.013278 0.011399 0.002500
v 0.014363 0.009997 0.002500
v 0.015301 0.008493 0.002500
v 0.016082 0.006901 0.002500
v 0.016697 0.005239 0.002500
v 0.017142 0.003523 0.002500
v 0.017410 0.001770 0.002500
v 0.017500 0.000000 0.002500
v 0.017410 -0.001770 0.002500
v 0.017142 -0.003523 0.002500
v 0.016697 -0.005239 0.002500
v 0.016082 -0.006901 0.002500
v 0.015301 -0.008493 0.002500
v 0.014363 -0.009997 0.002500
v 0.013278 -0.011399 0.002500
v 0.012057 -0.012684 0.002500
v 0.010712 -0.013838 0.002500
v 0.009257 -0.014851 0.002500
v 0.007707 -0.015711 0.002500
v 0.006078 -0.016410 0.002500
v 0.004386 -0.016941 0.002500
v 0.002650 -0.017298 0.002500
v 0.000886 -0.017477 0.002500
v -0.000886 -0.017477 0.002500
v -0.002650 -0.017298 0.002500
v -0.004386 -0.016941 0.002500
v -0.006078 -0.016410 0.002500
v -0.007707 -0.015711 0.002500
v -0.009257 -0.014851 0.002500
v -0.010712 -0.013838 0.002500
v -0.012057 -0.012684 0.002500
v -0.013278 -0.011399 0.002500
v -0.014363 -0.009997 0.002500
v -0.015301 -0.008493 0.002500
v -0.016082 -0.006901 0.002500
v -0.016697 -0.005239 0.002500
v -0.017142 -0.003523 0.002500
v -0.017410 -0.001770 0.002500
v -0.015647 0.000000 0.000085
v -0.016250 0.000000 0.000335
v -0.016768 0.000000 0.000732
v -0.017165 0.000000 0.001250
v -0.017415 0.000000 0.001853
v -0.003922 -0.015147 0.000085
v 0.011872 -0.010192 0.000085
v 0.011872 0.010192 0.000085
v -0.003922 0.015147 0.000085
v -0.015567 -0.001583 0.000085
v -0.016166 -0.001644 0.000335
v -0.016682 -0.001696 0.000732
v -0.017077 -0.001737 0.001250
v -0.017325 -0.001762 0.001853
v -0.015327 -0.003150 0.000085
v -0.015917 -0.003271 0.000335
v -0.016424 -0.003375 0.000732
v -0.016813 -0.003455 0.001250
v -0.017058 -0.003506 0.001853
v -0.014929 -0.004684 0.000085
v -0.015505 -0.004865 0.000335
v -0.015999 -0.005020 0.000732
v -0.016378 -0.005139 0.001250
v -0.016616 -0.005213 0.001853
v -0.014379 -0.006170 0.000085
v -0.014933 -0.006408 0.000335
v -0.015409 -0.006612 0.000732
v -0.015774 -0.006769 0.001250
v -0.016003 -0.006868 0.001853
v -0.013681 -0.007593 0.000085
v -0.014208 -0.007886 0.000335
v -0.014661 -0.008137 0.000732
v -0.015008 -0.008330 0.001250
v -0.015226 -0.008451 0.001853
v -0.012842 -0.008939 0.000085
v -0.013337 -0.009283 0.000335
v -0.013762 -0.009579 0.000732
v -0.014088 -0.009806 0.001250
v -0.014293 -0.009948 0.001853
v -0.011872 -0.010192 0.000085
v -0.012330 -0.010585 0.000335
v -0.012723 -0.010922 0.000732
v -0.013024 -0.011181 0.001250
v -0.013213 -0.011343 0.001853
v -0.010780 -0.011341 0.000085
v -0.011196 -0.011778 0.000335
v -0.011552 -0.012153 0.000732
v -0.011826 -0.012441 0.001250
v -0.011998 -0.012622 0.001853
v -0.009578 -0.012373 0.000085
v -0.009947 -0.012850 0.000335
v -0.010264 -0.013259 0.000732
v -0.010507 -0.013574 0.001250
v -0.010660 -0.013771 0.001853
v -0.008277 -0.013279 0.000085
v -0.008596 -0.013790 0.000335
v -0.008869 -0.014230 0.000732
v -0.009080 -0.014567 0.001250
v -0.009212 -0.014779 0.001853
v -0.006891 -0.014048 0.000085
v -0.007156 -0.014589 0.000335
v -0.007384 -0.015054 0.000732
v -0.007559 -0.015411 0.001250
v -0.007669 -0.015635 0.001853
v -0.005434 -0.014673 0.000085
v -0.005644 -0.015238 0.000335
v -0.005823 -0.015724 0.000732
v -0.005961 -0.016096 0.001250
v -0.006048 -0.016331 0.001853
v -0.002369 -0.015466 0.000085
v -0.002461 -0.016062 0.000335
v -0.002539 -0.016574 0.000732
v -0.002599 -0.016967 0.001250
v -0.002637 -0.017214 0.001853
v -0.004365 -0.016859 0.001853
v -0.004302 -0.016617 0.001250
v -0.004203 -0.016232 0.000732
v -0.004073 -0.015731 0.000335
v -0.000792 -0.015627 0.000085
v -0.000823 -0.016229 0.000335
v -0.000849 -0.016746 0.000732
v -0.000869 -0.017143 0.001250
v -0.000882 -0.017392 0.001853
v 0.000792 -0.015627 0.000085
v 0.000823 -0.016229 0.000335
v 0.000849 -0.016746 0.000732
v 0.000869 -0.017143 0.001250
v 0.000882 -0.017392 0.001853
v 0.002369 -0.015466 0.000085
v 0.002461 -0.016062 0.000335
v 0.002539 -0.016574 0.000732
v 0.002599 -0.016967 0.001250
v 0.002637 -0.017214 0.001853
v 0.003922 -0.015147 0.000085
v 0.004073 -0.015731 0.000335
v 0.004203 -0.016232 0.000732
v 0.004302 -0.016617 0.001250
v 0.004365 -0.016859 0.001853
v 0.005434 -0.014673 0.000085
v 0.005644 -0.015238 0.000335
v 0.005823 -0.015724 0.000732
v 0.005961 -0.016096 0.001250
v 0.006048 -0.016331 0.001853
v 0.006891 -0.014048 0.000085
v 0.007156 -0.014589 0.000335
v 0.007384 -0.015054 0.000732
v 0.007559 -0.015411 0.001250
v 0.007669 -0.015635 0.001853
v 0.008277 -0.013279 0.000085
v 0.008596 -0.013790 0.000335
v 0.008869 -0.014230 0.000732
v 0.009080 -0.014567 0.001250
v 0.009212 -0.014779 0.001853
v 0.009578 -0.012373 0.000085
v 0.009947 -0.012850 0.000335
v 0.010264 -0.013259 0.000732
v 0.010507 -0.013574 0.001250
v 0.010660 -0.013771 0.001853
v 0.010780 -0.011341 0.000085
v 0.011196 -0.011778 0.000335
v 0.011552 -0.012153 0.000732
v 0.011826 -0.012441 0.001250
v 0.011998 -0.012622 0.001853
v 0.012330 -0.010585 0.000335
v 0.012723 -0.010922 0.000732
v 0.013024 -0.011181 0.001250
v 0.013213 -0.011343 0.001853
v 0.013681 -0.007593 0.000085
v 0.014208 -0.007886 0.000335
v 0.014661 -0.008137 0.000732
v 0.015008 -0.008330 0.001250
v 0.015226 -0.008451 0.001853
v 0.014293 -0.009948 0.001853
v 0.014088 -0.009806 0.001250
v 0.013762 -0.009579 0.000732
v 0.013337 -0.009283 0.000335
v 0.012842 -0.008939 0.000085
v 0.014379 -0.006170 0.000085
v 0.014933 -0.006408 0.000335
v 0.015409 -0.006612 0.000732
v 0.015774 -0.006769 0.001250
v 0.016003 -0.006868 0.001853
v 0.014929 -0.004684 0.000085
v 0.015505 -0.004865 0.000335
v 0.015999 -0.005020 0.000732
v 0.016378 -0.005139 0.001250
v 0.016616 -0.005213 0.001853
v 0.015327 -0.003150 0.000085
v 0.015917 -0.003271 0.000335
v 0.016424 -0.003375 0.000732
v 0.016813 -0.003455 0.001250
v 0.017058 -0.003506 0.001853
v 0.015567 -0.001583 0.000085
v 0.016166 -0.001644 0.000335
v 0.016682 -0.001696 0.000732
v 0.017077 -0.001737 0.001250
v 0.017325 -0.001762 0.001853
v 0.015647 0.000000 0.000085
v 0.016250 0.000000 0.000335
v 0.016768 0.000000 0.000732
v 0.017165 0.000000 0.001250
v 0.017415 0.000000 0.001853
v 0.015567 0.001583 0.000085
v 0.016166 0.001644 0.000335
v 0.016682 0.001696 0.000732
v 0.017077 0.001737 0.001250
v 0.017325 0.001762 0.001853
v 0.015327 0.003150 0.000085
v 0.015917 0.003271 0.000335
v 0.016424 0.003375 0.000732
v 0.016813 0.003455 0.001250
v 0.017058 0.003506 0.001853
v 0.014929 0.004684 0.000085
v 0.015505 0.004865 0.000335
v 0.015999 0.005020 0.000732
v 0.016378 0.005139 0.001250
v 0.016616 0.005213 0.001853
v 0.014379 0.006170 0.000085
v 0.014933 0.006408 0.000335
v 0.015409 0.006612 0.000732
v 0.015774 0.006769 0.001250
v 0.016003 0.006868 0.001853
v 0.013681 0.007593 0.000085
v 0.014208 0.007886 0.000335
v 0.014661 0.008137 0.000732
v 0.015008 0.008330 0.001250
v 0.015226 0.008451 0.001853
v 0.012842 0.008939 0.000085
v 0.013337 0.009283 0.000335
v 0.013762 0.009579 0.000732
v 0.014088 0.009806 0.001250
v 0.014293 0.009948 0.001853
v 0.010780 0.011341 0.000085
v 0.011196 0.011778 0.000335
v 0.011552 0.012153 0.000732
v 0.011826 0.012441 0.001250
v 0.011998 0.012622 0.001853
v 0.013213 0.011343 0.001853
v 0.013024 0.011181 0.001250
v 0.012723 0.010922 0.000732
v 0.012330 0.010585 0.000335
v 0.009578 0.012373 0.000085
v 0.009947 0.012850 0.000335
v 0.010264 0.013259 0.000732
v 0.010507 0.013574 0.001250
v 0.010660 0.013771 0.001853
v 0.008277 0.013279 0.000085
v 0.008596 0.013790 0.000335
v 0.008869 0.014230 0.000732
v 0.009080 0.014567 0.001250
v 0.009212 0.014779 0.001853
v 0.006891 0.014048 0.000085
v 0.007156 0.014589 0.000335
v 0.007384 0.015054 0.000732
v 0.007559 0.015411 0.001250
v 0.007669 0.015635 0.001853
v 0.005434 0.014673 0.000085
v 0.005644 0.015238 0.000335
v 0.005823 0.015724 0.000732
v 0.005961 0.016096 0.001250
v 0.006048 0.016331 0.001853
v 0.003922 0.015147 0.000085
v 0.004073 0.015731 0.000335
v 0.004203 0.016232 0.000732
v 0.004302 0.016617 0.001250
v 0.004365 0.016859 0.001853
v 0.002369 0.015466 0.000085
v 0.002461 0.016062 0.000335
v 0.002539 0.016574 0.000732
v 0.002599 0.016967 0.001250
v 0.002637 0.017214 0.001853
v 0.000792 0.015627 0.000085
v 0.000823 0.016229 0.000335
v 0.000849 0.016746 0.000732
v 0.000869 0.017143 0.001250
v 0.000882 0.017392 0.001853
v -0.000792 0.015627 0.000085
v -0.000823 0.016229 0.000335
v -0.000849 0.016746 0.000732
v -0.000869 0.017143 0.001250
v -0.000882 0.017392 0.001853
v -0.002369 0.015466 0.000085
v -0.002461 0.016062 0.000335
v -0.002539 0.016574 0.000732
v -0.002599 0.016967 0.001250
v -0.002637 0.017214 0.001853
v -0.004073 0.015731 0.000335
v -0.004203 0.016232 0.000732
v -0.004302 0.016617 0.001250
v -0.004365 0.016859 0.001853
v -0.006891 0.014048 0.000085
v -0.007156 0.014589 0.000335
v -0.007384 0.015054 0.000732
v -0.007559 0.015411 0.001250
v -0.007669 0.015635 0.001853
v -0.006048 0.016331 0.001853
v -0.005961 0.016096 0.001250
v -0.005823 0.015724 0.000732
v -0.005644 0.015238 0.000335
v -0.005434 0.014673 0.000085
v -0.008277 0.013279 0.000085
v -0.008596 0.013790 0.000335
v -0.008869 0.014230 0.000732
v -0.009080 0.014567 0.001250
v -0.009212 0.014779 0.001853
v -0.009578 0.012373 0.000085
v -0.009947 0.012850 0.000335
v -0.010264 0.013259 0.000732
v -0.010507 0.013574 0.001250
v -0.010660 0.013771 0.001853
v -0.010780 0.011341 0.000085
v -0.011196 0.011778 0.000335
v -0.011552 0.012153 0.000732
v -0.011826 0.012441 0.001250
v -0.011998 0.012622 0.001853
v -0.011872 0.010192 0.000085
v -0.012330 0.010585 0.000335
v -0.012723 0.010922 0.000732
v -0.013024 0.011181 0.001250
v -0.013213 0.011343 0.001853
v -0.012842 0.008939 0.000085
v -0.013337 0.009283 0.000335
v -0.013762 0.009579 0.000732
v -0.014088 0.009806 0.001250
v -0.014293 0.009948 0.001853
v -0.013681 0.007593 0.000085
v -0.014208 0.007886 0.000335
v -0.014661 0.008137 0.000732
v -0.015008 0.008330 0.001250
v -0.015226 0.008451 0.001853
v -0.014379 0.006170 0.000085
v -0.014933 0.006408 0.000335
v -0.015409 0.006612 0.000732
v -0.015774 0.006769 0.001250
v -0.016003 0.006868 0.001853
v -0.014929 0.004684 0.000085
v -0.015505 0.004865 0.000335
v -0.015999 0.005020 0.000732
v -0.016378 0.005139 0.001250
v -0.016616 0.005213 0.001853
v -0.015327 0.003150 0.000085
v -0.015917 0.003271 0.000335
v -0.016424 0.003375 0.000732
v -0.016813 0.003455 0.001250
v -0.017058 0.003506 0.001853
v -0.015567 0.001583 0.000085
v -0.016166 0.001644 0.000335
v -0.016682 0.001696 0.000732
v -0.017077 0.001737 0.001250
v -0.017325 0.001762 0.001853
v -0.017500 0.000000 0.117498
v -0.017410 0.001770 0.117498
v -0.017142 0.003523 0.117498
v -0.016697 0.005239 0.117498
v -0.016082 0.006901 0.117498
v -0.015301 0.008493 0.117498
v -0.014363 0.009997 0.117498
v -0.013278 0.011399 0.117498
v -0.012057 0.012684 0.117498
v -0.010712 0.013838 0.117498
v -0.009257 0.014851 0.117498
v -0.007707 0.015711 0.117498
v -0.006078 0.016410 0.117498
v -0.004386 0.016941 0.117498
v -0.002650 0.017298 0.117498
v -0.000886 0.017477 0.117498
v 0.000886 0.017477 0.117498
v 0.002650 0.017298 0.117498
v 0.004386 0.016941 0.117498
v 0.006078 0.016410 0.117498
v 0.007707 0.015711 0.117498
v 0.009257 0.014851 0.117498
v 0.010712 0.013838 0.117498
v 0.012057 0.012684 0.117498
v 0.013278 0.011399 0.117498
v 0.014363 0.009997 0.117498
v 0.015301 0.008493 0.117498
v 0.016082 0.006901 0.117498
v 0.016697 0.005239 0.117498
v 0.017142 0.003523 0.117498
v 0.017410 0.001770 0.117498
v 0.017500 0.000000 0.117498
v 0.017410 -0.001770 0.117498
v 0.017142 -0.003523 0.117498
v 0.016697 -0.005239 0.117498
v 0.016082 -0.006901 0.117498
v 0.015301 -0.008493 0.117498
v 0.014363 -0.009997 0.117498
v 0.013278 -0.011399 0.117498
v 0.012057 -0.012684 0.117498
v 0.010712 -0.013838 0.117498
v 0.009257 -0.014851 0.117498
v 0.007707 -0.015711 0.117498
v 0.006078 -0.016410 0.117498
v 0.004386 -0.016941 0.117498
v 0.002650 -0.017298 0.117498
v 0.000886 -0.017477 0.117498
v -0.000886 -0.017477 0.117498
v -0.002650 -0.017298 0.117498
v -0.004386 -0.016941 0.117498
v -0.006078 -0.016410 0.117498
v -0.007707 -0.015711 0.117498
v -0.009257 -0.014851 0.117498
v -0.010712 -0.013838 0.117498
v -0.012057 -0.012684 0.117498
v -0.013278 -0.011399 0.117498
v -0.014363 -0.009997 0.117498
v -0.015301 -0.008493 0.117498
v -0.016082 -0.006901 0.117498
v -0.016697 -0.005239 0.117498
v -0.017142 -0.003523 0.117498
v -0.017410 -0.001770 0.117498
v -0.017500 0.000000 0.079166
v -0.017500 0.000000 0.040833
v -0.017410 0.001770 0.079166
v -0.017410 0.001770 0.040833
v -0.017142 0.003523 0.079166
v -0.017142 0.003523 0.040833
v -0.016697 0.005239 0.079166
v -0.016697 0.005239 0.040833
v -0.016082 0.006901 0.079166
v -0.016082 0.006901 0.040833
v -0.015301 0.008493 0.079166
v -0.015301 0.008493 0.040833
v -0.014363 0.009997 0.079166
v -0.014363 0.009997 0.040833
v -0.013278 0.011399 0.079166
v -0.013278 0.011399 0.040833
v -0.012057 0.012684 0.079166
v -0.012057 0.012684 0.040833
v -0.010712 0.013838 0.079166
v -0.010712 0.013838 0.040833
v -0.009257 0.014851 0.079166
v -0.009257 0.014851 0.040833
v -0.007707 0.015711 0.079166
v -0.007707 0.015711 0.040833
v -0.006078 0.016410 0.079166
v -0.006078 0.016410 0.040833
v -0.004386 0.016941 0.079166
v -0.004386 0.016941 0.040833
v -0.002650 0.017298 0.079166
v -0.002650 0.017298 0.040833
v -0.000886 0.017477 0.079166
v -0.000886 0.017477 0.040833
v 0.000886 0.017477 0.079166
v 0.000886 0.017477 0.040833
v 0.002650 0.017298 0.079166
v 0.002650 0.017298 0.040833
v 0.004386 0.016941 0.079166
v 0.004386 0.016941 0.040833
v 0.006078 0.016410 0.079166
v 0.006078 0.016410 0.040833
v 0.007707 0.015711 0.079166
v 0.007707 0.015711 0.040833
v 0.009257 0.014851 0.079166
v 0.009257 0.014851 0.040833
v 0.010712 0.013838 0.079166
v 0.010712 0.013838 0.040833
v 0.012057 0.012684 0.079166
v 0.012057 0.012684 0.040833
v 0.013278 0.011399 0.079166
v 0.013278 0.011399 0.040833
v 0.014363 0.009997 0.079166
v 0.014363 0.009997 0.040833
v 0.015301 0.008493 0.079166
v 0.015301 0.008493 0.040833
v 0.016082 0.006901 0.079166
v 0.016082 0.006901 0.040833
v 0.016697 0.005239 0.079166
v 0.016697 0.005239 0.040833
v 0.017142 0.003523 0.079166
v 0.017142 0.003523 0.040833
v 0.017410 0.001770 0.079166
v 0.017410 0.001770 0.040833
v 0.017500 0.000000 0.079166
v 0.017500 0.000000 0.040833
v 0.017410 -0.001770 0.079166
v 0.017410 -0.001770 0.040833
v 0.017142 -0.003523 0.079166
v 0.017142 -0.003523 0.040833
v 0.016697 -0.005239 0.079166
v 0.016697 -0.005239 0.040833
v 0.016082 -0.006901 0.079166
v 0.016082 -0.006901 0.040833
v 0.015301 -0.008493 0.079166
v 0.015301 -0.008493 0.040833
v 0.014363 -0.009997 0.079166
v 0.014363 -0.009997 0.040833
v 0.013278 -0.011399 0.079166
v 0.013278 -0.011399 0.040833
v 0.012057 -0.012684 0.079166
v 0.012057 -0.012684 0.040833
v 0.010712 -0.013838 0.079166
v 0.010712 -0.013838 0.040833
v 0.009257 -0.014851 0.079166
v 0.009257 -0.014851 0.040833
v 0.007707 -0.015711 0.079166
v 0.007707 -0.015711 0.040833
v 0.006078 -0.016410 0.079166
v 0.006078 -0.016410 0.040833
v 0.004386 -0.016941 0.079166
v 0.004386 -0.016941 0.040833
v 0.002650 -0.017298 0.079166
v 0.002650 -0.017298 0.040833
v 0.000886 -0.017477 0.079166
v 0.000886 -0.017477 0.040833
v -0.000886 -0.017477 0.079166
v -0.000886 -0.017477 0.040833
v -0.002650 -0.017298 0.079166
v -0.002650 -0.017298 0.040833
v -0.004386 -0.016941 0.079166
v -0.004386 -0.016941 0.040833
v -0.006078 -0.016410 0.079166
v -0.006078 -0.016410 0.040833
v -0.007707 -0.015711 0.079166
v -0.007707 -0.015711 0.040833
v -0.009257 -0.014851 0.079166
v -0.009257 -0.014851 0.040833
v -0.010712 -0.013838 0.079166
v -0.010712 -0.013838 0.040833
v -0.012057 -0.012684 0.079166
v -0.012057 -0.012684 0.040833
v -0.013278 -0.011399 0.079166
v -0.013278 -0.011399 0.040833
v -0.014363 -0.009997 0.079166
v -0.014363 -0.009997 0.040833
v -0.015301 -0.008493 0.079166
v -0.015301 -0.008493 0.040833
v -0.016082 -0.006901 0.079166
v -0.016082 -0.006901 0.040833
v -0.016697 -0.005239 0.079166
v -0.016697 -0.005239 0.040833
v -0.017142 -0.003523 0.079166
v -0.017142 -0.003523 0.040833
v -0.017410 -0.001770 0.079166
v -0.017410 -0.001770 0.040833
v -0.015000 0.000000 0.119998
v -0.014909 0.001650 0.119998
v -0.014637 0.003280 0.119998
v -0.014187 0.004870 0.119998
v -0.013565 0.006402 0.119998
v -0.012779 0.007855 0.119998
v -0.011837 0.009213 0.119998
v -0.010752 0.010459 0.119998
v -0.009536 0.011579 0.119998
v -0.008204 0.012557 0.119998
v -0.006773 0.013384 0.119998
v -0.005259 0.014047 0.119998
v -0.003682 0.014541 0.119998
v -0.002060 0.014858 0.119998
v -0.000413 0.014994 0.119998
v 0.001239 0.014949 0.119998
v 0.002876 0.014722 0.119998
v 0.004478 0.014316 0.119998
v 0.006025 0.013736 0.119998
v 0.007500 0.012990 0.119998
v 0.008883 0.012086 0.119998
v 0.010159 0.011036 0.119998
v 0.011311 0.009851 0.119998
v 0.012327 0.008547 0.119998
v 0.013192 0.007139 0.119998
v 0.013897 0.005645 0.119998
v 0.014434 0.004082 0.119998
v 0.014795 0.002469 0.119998
v 0.014977 0.000826 0.119998
v 0.014977 -0.000826 0.119998
v 0.014795 -0.002469 0.119998
v 0.014434 -0.004081 0.119998
v 0.013897 -0.005645 0.119998
v 0.013192 -0.007139 0.119998
v 0.012327 -0.008547 0.119998
v 0.011311 -0.009851 0.119998
v 0.010159 -0.011036 0.119998
v 0.008883 -0.012086 0.119998
v 0.007500 -0.012990 0.119998
v 0.006025 -0.013736 0.119998
v 0.004478 -0.014316 0.119998
v 0.002876 -0.014722 0.119998
v 0.001239 -0.014949 0.119998
v -0.000413 -0.014994 0.119998
v -0.002060 -0.014858 0.119998
v -0.003682 -0.014541 0.119998
v -0.005259 -0.014047 0.119998
v -0.006773 -0.013384 0.119998
v -0.008204 -0.012557 0.119998
v -0.009536 -0.011579 0.119998
v -0.010752 -0.010459 0.119998
v -0.011837 -0.009213 0.119998
v -0.012779 -0.007855 0.119998
v -0.013565 -0.006402 0.119998
v -0.014187 -0.004870 0.119998
v -0.014637 -0.003280 0.119998
v -0.014909 -0.001650 0.119998
v -0.017415 0.000000 0.118146
v -0.017165 0.000000 0.118748
v -0.016768 0.000000 0.119266
v -0.016250 0.000000 0.119664
v -0.015647 0.000000 0.119913
v -0.003922 -0.015147 0.119913
v 0.011872 -0.010192 0.119913
v 0.011872 0.010192 0.119913
v -0.003922 0.015147 0.119913
v -0.017325 -0.001762 0.118146
v -0.017077 -0.001737 0.118748
v -0.016682 -0.001696 0.119266
v -0.016166 -0.001644 0.119664
v -0.015567 -0.001583 0.119913
v -0.017058 -0.003506 0.118146
v -0.016813 -0.003455 0.118748
v -0.016424 -0.003375 0.119266
v -0.015917 -0.003271 0.119664
v -0.015327 -0.003150 0.119913
v -0.016616 -0.005213 0.118146
v -0.016378 -0.005139 0.118748
v -0.015999 -0.005020 0.119266
v -0.015505 -0.004865 0.119664
v -0.014929 -0.004684 0.119913
v -0.016003 -0.006868 0.118146
v -0.015774 -0.006769 0.118748
v -0.015409 -0.006612 0.119266
v -0.014933 -0.006408 0.119664
v -0.014379 -0.006170 0.119913
v -0.015226 -0.008451 0.118146
v -0.015008 -0.008330 0.118748
v -0.014661 -0.008137 0.119266
v -0.014208 -0.007886 0.119664
v -0.013681 -0.007593 0.119913
v -0.014293 -0.009948 0.118146
v -0.014088 -0.009806 0.118748
v -0.013762 -0.009579 0.119266
v -0.013337 -0.009283 0.119664
v -0.012842 -0.008939 0.119913
v -0.013213 -0.011343 0.118146
v -0.013024 -0.011181 0.118748
v -0.012723 -0.010922 0.119266
v -0.012330 -0.010585 0.119664
v -0.011872 -0.010192 0.119913
v -0.011998 -0.012622 0.118146
v -0.011826 -0.012441 0.118748
v -0.011552 -0.012153 0.119266
v -0.011196 -0.011778 0.119664
v -0.010780 -0.011341 0.119913
v -0.010660 -0.013771 0.118146
v -0.010507 -0.013574 0.118748
v -0.010264 -0.013259 0.119266
v -0.009947 -0.012850 0.119664
v -0.009578 -0.012373 0.119913
v -0.009212 -0.014779 0.118146
v -0.009080 -0.014567 0.118748
v -0.008869 -0.014230 0.119266
v -0.008596 -0.013790 0.119664
v -0.008277 -0.013279 0.119913
v -0.007669 -0.015635 0.118146
v -0.007559 -0.015411 0.118748
v -0.007384 -0.015054 0.119266
v -0.007156 -0.014589 0.119664
v -0.006891 -0.014048 0.119913
v -0.006048 -0.016331 0.118146
v -0.005961 -0.016096 0.118748
v -0.005823 -0.015724 0.119266
v -0.005644 -0.015238 0.119664
v -0.005434 -0.014673 0.119913
v -0.004365 -0.016859 0.118146
v -0.004302 -0.016617 0.118748
v -0.004203 -0.016232 0.119266
v -0.004073 -0.015731 0.119664
v -0.002637 -0.017214 0.118146
v -0.002599 -0.016967 0.118748
v -0.002539 -0.016574 0.119266
v -0.002461 -0.016062 0.119664
v -0.002369 -0.015466 0.119913
v -0.000882 -0.017392 0.118146
v -0.000869 -0.017143 0.118748
v -0.000849 -0.016746 0.119266
v -0.000823 -0.016229 0.119664
v -0.000792 -0.015627 0.119913
v 0.000882 -0.017392 0.118146
v 0.000869 -0.017143 0.118748
v 0.000849 -0.016746 0.119266
v 0.000823 -0.016229 0.119664
v 0.000792 -0.015627 0.119913
v 0.002637 -0.017214 0.118146
v 0.002599 -0.016967 0.118748
v 0.002539 -0.016574 0.119266
v 0.002461 -0.016062 0.119664
v 0.002369 -0.015466 0.119913
v 0.004365 -0.016859 0.118146
v 0.004302 -0.016617 0.118748
v 0.004203 -0.016232 0.119266
v 0.004073 -0.015731 0.119664
v 0.003922 -0.015147 0.119913
v 0.006048 -0.016331 0.118146
v 0.005961 -0.016096 0.118748
v 0.005823 -0.015724 0.119266
v 0.005644 -0.015238 0.119664
v 0.005434 -0.014673 0.119913
v 0.007669 -0.015635 0.118146
v 0.007559 -0.015411 0.118748
v 0.007384 -0.015054 0.119266
v 0.007156 -0.014589 0.119664
v 0.006891 -0.014048 0.119913
v 0.009212 -0.014779 0.118146
v 0.009080 -0.014567 0.118748
v 0.008869 -0.014230 0.119266
v 0.008596 -0.013790 0.119664
v 0.008277 -0.013279 0.119913
v 0.010660 -0.013771 0.118146
v 0.010507 -0.013574 0.118748
v 0.010264 -0.013259 0.119266
v 0.009947 -0.012850 0.119664
v 0.009578 -0.012373 0.119913
v 0.011998 -0.012622 0.118146
v 0.011826 -0.012441 0.118748
v 0.011552 -0.012153 0.119266
v 0.011196 -0.011778 0.119664
v 0.010780 -0.011341 0.119913
v 0.013213 -0.011343 0.118146
v 0.013024 -0.011181 0.118748
v 0.012723 -0.010922 0.119266
v 0.012330 -0.010585 0.119664
v 0.014293 -0.009948 0.118146
v 0.014088 -0.009806 0.118748
v 0.013762 -0.009579 0.119266
v 0.013337 -0.009283 0.119664
v 0.012842 -0.008939 0.119913
v 0.015226 -0.008451 0.118146
v 0.015008 -0.008330 0.118748
v 0.014661 -0.008137 0.119266
v 0.014208 -0.007886 0.119664
v 0.013681 -0.007593 0.119913
v 0.016003 -0.006868 0.118146
v 0.015774 -0.006769 0.118748
v 0.015409 -0.006612 0.119266
v 0.014933 -0.006408 0.119664
v 0.014379 -0.006170 0.119913
v 0.016616 -0.005213 0.118146
v 0.016378 -0.005139 0.118748
v 0.015999 -0.005020 0.119266
v 0.015505 -0.004865 0.119664
v 0.014929 -0.004684 0.119913
v 0.017058 -0.003506 0.118146
v 0.016813 -0.003455 0.118748
v 0.016424 -0.003375 0.119266
v 0.015917 -0.003271 0.119664
v 0.015327 -0.003150 0.119913
v 0.017325 -0.001762 0.118146
v 0.017077 -0.001737 0.118748
v 0.016682 -0.001696 0.119266
v 0.016166 -0.001644 0.119664
v 0.015567 -0.001583 0.119913
v 0.017415 0.000000 0.118146
v 0.017165 0.000000 0.118748
v 0.016768 0.000000 0.119266
v 0.016250 0.000000 0.119664
v 0.015647 0.000000 0.119913
v 0.017325 0.001762 0.118146
v 0.017077 0.001737 0.118748
v 0.016682 0.001696 0.119266
v 0.016166 0.001644 0.119664
v 0.015567 0.001583 0.119913
v 0.017058 0.003506 0.118146
v 0.016813 0.003455 0.118748
v 0.016424 0.003375 0.119266
v 0.015917 0.003271 0.119664
v 0.015327 0.003150 0.119913
v 0.016616 0.005213 0.118146
v 0.016378 0.005139 0.118748
v 0.015999 0.005020 0.119266
v 0.015505 0.004865 0.119664
v 0.014929 0.004684 0.119913
v 0.016003 0.006868 0.118146
v 0.015774 0.006769 0.118748
v 0.015409 0.006612 0.119266
v 0.014933 0.006408 0.119664
v 0.014379 0.006170 0.119913
v 0.015226 0.008451 0.118146
v 0.015008 0.008330 0.118748
v 0.014661 0.008137 0.119266
v 0.014208 0.007886 0.119664
v 0.013681 0.007593 0.119913
v 0.014293 0.009948 0.118146
v 0.014088 0.009806 0.118748
v 0.013762 0.009579 0.119266
v 0.013337 0.009283 0.119664
v 0.012842 0.008939 0.119913
v 0.013213 0.011343 0.118146
v 0.013024 0.011181 0.118748
v 0.012723 0.010922 0.119266
v 0.012330 0.010585 0.119664
v 0.011998 0.012622 0.118146
v 0.011826 0.012441 0.118748
v 0.011552 0.012153 0.119266
v 0.011196 0.011778 0.119664
v 0.010780 0.011341 0.119913
v 0.010660 0.013771 0.118146
v 0.010507 0.013574 0.118748
v 0.010264 0.013259 0.119266
v 0.009947 0.012850 0.119664
v 0.009578 0.012373 0.119913
v 0.009212 0.014779 0.118146
v 0.009080 0.014567 0.118748
v 0.008869 0.014230 0.119266
v 0.008596 0.013790 0.119664
v 0.008277 0.013279 0.119913
v 0.007669 0.015635 0.118146
v 0.007559 0.015411 0.118748
v 0.007384 0.015054 0.119266
v 0.007156 0.014589 0.119664
v 0.006891 0.014048 0.119913
v 0.006048 0.016331 0.118146
v 0.005961 0.016096 0.118748
v 0.005823 0.015724 0.119266
v 0.005644 0.015238 0.119664
v 0.005434 0.014673 0.119913
v 0.004365 0.016859 0.118146
v 0.004302 0.016617 0.118748
v 0.004203 0.016232 0.119266
v 0.004073 0.015731 0.119664
v 0.003922 0.015147 0.119913
v 0.002637 0.017214 0.118146
v 0.002599 0.016967 0.118748
v 0.002539 0.016574 0.119266
v 0.002461 0.016062 0.119664
v 0.002369 0.015466 0.119913
v 0.000882 0.017392 0.118146
v 0.000869 0.017143 0.118748
v 0.000849 0.016746 0.119266
v 0.000823 0.016229 0.119664
v 0.000792 0.015627 0.119913
v -0.000882 0.017392 0.118146
v -0.000869 0.017143 0.118748
v -0.000849 0.016746 0.119266
v -0.000823 0.016229 0.119664
v -0.000792 0.015627 0.119913
v -0.002637 0.017214 0.118146
v -0.002599 0.016967 0.118748
v -0.002539 0.016574 0.119266
v -0.002461 0.016062 0.119664
v -0.002369 0.015466 0.119913
v -0.004365 0.016859 0.118146
v -0.004302 0.016617 0.118748
v -0.004203 0.016232 0.119266
v -0.004073 0.015731 0.119664
v -0.006048 0.016331 0.118146
v -0.005961 0.016096 0.118748
v -0.005823 0.015724 0.119266
v -0.005644 0.015238 0.119664
v -0.005434 0.014673 0.119913
v -0.007669 0.015635 0.118146
v -0.007559 0.015411 0.118748
v -0.007384 0.015054 0.119266
v -0.007156 0.014589 0.119664
v -0.006891 0.014048 0.119913
v -0.009212 0.014779 0.118146
v -0.009080 0.014567 0.118748
v -0.008869 0.014230 0.119266
v -0.008596 0.013790 0.119664
v -0.008277 0.013279 0.119913
v -0.010660 0.013771 0.118146
v -0.010507 0.013574 0.118748
v -0.010264 0.013259 0.119266
v -0.009947 0.012850 0.119664
v -0.009578 0.012373 0.119913
v -0.011998 0.012622 0.118146
v -0.011826 0.012441 0.118748
v -0.011552 0.012153 0.119266
v -0.011196 0.011778 0.119664
v -0.010780 0.011341 0.119913
v -0.013213 0.011343 0.118146
v -0.013024 0.011181 0.118748
v -0.012723 0.010922 0.119266
v -0.012330 0.010585 0.119664
v -0.011872 0.010192 0.119913
v -0.014293 0.009948 0.118146
v -0.014088 0.009806 0.118748
v -0.013762 0.009579 0.119266
v -0.013337 0.009283 0.119664
v -0.012842 0.008939 0.119913
v -0.015226 0.008451 0.118146
v -0.015008 0.008330 0.118748
v -0.014661 0.008137 0.119266
v -0.014208 0.007886 0.119664
v -0.013681 0.007593 0.119913
v -0.016003 0.006868 0.118146
v -0.015774 0.006769 0.118748
v -0.015409 0.006612 0.119266
v -0.014933 0.006408 0.119664
v -0.014379 0.006170 0.119913
v -0.016616 0.005213 0.118146
v -0.016378 0.005139 0.118748
v -0.015999 0.005020 0.119266
v -0.015505 0.004865 0.119664
v -0.014929 0.004684 0.119913
v -0.017058 0.003506 0.118146
v -0.016813 0.003455 0.118748
v -0.016424 0.003375 0.119266
v -0.015917 0.003271 0.119664
v -0.015327 0.003150 0.119913
v -0.017325 0.001762 0.118146
v -0.017077 0.001737 0.118748
v -0.016682 0.001696 0.119266
v -0.016166 0.001644 0.119664
v -0.015567 0.001583 0.119913
vn -0.9903 -0.1392 -0.0000
vn -1.0000 -0.0000 -0.0000
vn -0.9903 0.1392 -0.0000
vn -0.9613 0.2756 -0.0000
vn -0.9135 0.4067 -0.0000
vn -0.8480 0.5299 -0.0000
vn -0.7660 0.6428 -0.0000
vn -0.6691 0.7431 -0.0000
vn -0.5592 0.8290 -0.0000
vn -0.4384 0.8988 -0.0000
vn -0.3090 0.9511 -0.0000
vn -0.1736 0.9848 -0.0000
vn -0.0349 0.9994 -0.0000
vn 0.1045 0.9945 -0.0000
vn 0.2419 0.9703 -0.0000
vn 0.3746 0.9272 -0.0000
vn 0.5000 0.8660 -0.0000
vn 0.6157 0.7880 -0.0000
vn 0.7193 0.6947 -0.0000
vn 0.8090 0.5878 -0.0000
vn 0.8829 0.4695 -0.0000
vn 0.9397 0.3420 -0.0000
vn 0.9781 0.2079 -0.0000
vn 0.9976 0.0698 -0.0000
vn 0.9976 -0.0698 -0.0000
vn 0.9781 -0.2079 -0.0000
vn 0.9397 -0.3420 -0.0000
vn 0.8829 -0.4695 -0.0000
vn 0.8090 -0.5878 -0.0000
vn 0.7193 -0.6947 -0.0000
vn 0.6157 -0.7880 -0.0000
vn 0.5000 -0.8660 -0.0000
vn 0.3746 -0.9272 -0.0000
vn 0.2419 -0.9703 -0.0000
vn 0.1045 -0.9945 -0.0000
vn -0.0349 -0.9994 -0.0000
vn -0.1736 -0.9848 -0.0000
vn -0.3090 -0.9511 -0.0000
vn -0.4384 -0.8988 -0.0000
vn -0.5592 -0.8290 -0.0000
vn -0.6691 -0.7431 -0.0000
vn -0.7660 -0.6428 -0.0000
vn -0.8480 -0.5299 -0.0000
vn -0.9135 -0.4067 -0.0000
vn -0.9613 -0.2756 -0.0000
vn -0.0000 -0.0000 1.0000
vn 0.2574 -0.0270 0.9659
vn 0.2588 -0.0000 0.9659
vn 0.2574 0.0271 0.9659
vn 0.5000 -0.0000 0.8660
vn 0.4973 0.0523 0.8660
vn 0.7071 -0.0000 0.7071
vn 0.7032 0.0739 0.7071
vn 0.8660 -0.0000 0.5000
vn 0.8613 0.0905 0.5000
vn 0.9659 -0.0000 0.2588
vn 0.9606 0.1010 0.2589
vn 1.0000 -0.0000 -0.0000
vn 0.9945 0.1045 -0.0000
vn 0.2532 -0.0538 0.9659
vn 0.2462 -0.0800 0.9659
vn 0.2365 -0.1053 0.9659
vn 0.2242 -0.1294 0.9659
vn 0.2094 -0.1521 0.9659
vn 0.1924 -0.1732 0.9659
vn 0.1732 -0.1923 0.9659
vn 0.1522 -0.2094 0.9659
vn 0.1294 -0.2242 0.9659
vn 0.1053 -0.2365 0.9659
vn 0.0800 -0.2462 0.9659
vn 0.0538 -0.2532 0.9659
vn 0.0270 -0.2574 0.9659
vn -0.0000 -0.2588 0.9659
vn -0.0270 -0.2574 0.9659
vn -0.0538 -0.2532 0.9659
vn -0.0800 -0.2462 0.9659
vn -0.1053 -0.2365 0.9659
vn -0.1294 -0.2242 0.9659
vn -0.1522 -0.2094 0.9659
vn -0.2939 -0.4045 0.8660
vn -0.3346 -0.3716 0.8660
vn -0.4732 -0.5255 0.7071
vn -0.5255 -0.4732 0.7071
vn -0.6436 -0.5795 0.5000
vn -0.7006 -0.5090 0.5000
vn -0.7815 -0.5678 0.2588
vn -0.8365 -0.4830 0.2588
vn -0.8660 -0.5000 -0.0000
vn -0.8824 -0.3929 0.2588
vn -0.9511 -0.3090 -0.0000
vn -0.9186 -0.2985 0.2588
vn -0.9781 -0.2079 -0.0000
vn -0.9448 -0.2008 0.2588
vn -0.9945 -0.1045 -0.0000
vn -0.9606 -0.1010 0.2589
vn -0.9659 -0.0000 0.2588
vn -0.9945 0.1045 -0.0000
vn -0.9606 0.1010 0.2588
vn -0.9781 0.2079 -0.0000
vn -0.9448 0.2008 0.2588
vn -0.9511 0.3090 -0.0000
vn -0.9187 0.2985 0.2588
vn -0.8824 0.3929 0.2587
vn -0.8660 0.5000 -0.0000
vn -0.8365 0.4830 0.2588
vn -0.8090 0.5878 -0.0000
vn -0.7815 0.5678 0.2587
vn -0.7431 0.6691 -0.0000
vn -0.7178 0.6463 0.2588
vn -0.6463 0.7178 0.2588
vn -0.5878 0.8090 -0.0000
vn -0.5678 0.7815 0.2588
vn -0.5000 0.8660 -0.0000
vn -0.4830 0.8365 0.2588
vn -0.4067 0.9135 -0.0000
vn -0.3929 0.8824 0.2587
vn -0.2985 0.9187 0.2588
vn -0.2079 0.9781 -0.0000
vn -0.2008 0.9448 0.2588
vn -0.1045 0.9945 -0.0000
vn -0.1010 0.9606 0.2588
vn -0.0000 1.0000 -0.0000
vn -0.0000 0.9659 0.2588
vn 0.1010 0.9606 0.2588
vn 0.2079 0.9781 -0.0000
vn 0.2008 0.9448 0.2587
vn 0.3090 0.9511 -0.0000
vn 0.2985 0.9187 0.2588
vn 0.4067 0.9135 -0.0000
vn 0.3929 0.8824 0.2588
vn 0.4830 0.8365 0.2588
vn 0.5878 0.8090 -0.0000
vn 0.5678 0.7815 0.2587
vn 0.6691 0.7431 -0.0000
vn 0.6463 0.7178 0.2588
vn 0.7431 0.6691 -0.0000
vn 0.7178 0.6463 0.2588
vn 0.7815 0.5678 0.2587
vn 0.8660 0.5000 -0.0000
vn 0.8365 0.4830 0.2587
vn 0.9135 0.4067 -0.0000
vn 0.8824 0.3929 0.2588
vn 0.9511 0.3090 -0.0000
vn 0.9186 0.2985 0.2588
vn 0.9448 0.2008 0.2588
vn -0.1732 -0.1923 0.9659
vn -0.3716 -0.3346 0.8660
vn -0.5721 -0.4156 0.7071
vn -0.7500 -0.4330 0.5000
vn -0.1923 -0.1732 0.9659
vn -0.4045 -0.2939 0.8660
vn -0.6124 -0.3536 0.7071
vn -0.7912 -0.3522 0.5000
vn -0.2094 -0.1522 0.9659
vn -0.4330 -0.2500 0.8660
vn -0.6460 -0.2876 0.7071
vn -0.8237 -0.2676 0.4999
vn -0.2242 -0.1294 0.9659
vn -0.4568 -0.2034 0.8660
vn -0.6725 -0.2185 0.7071
vn -0.8471 -0.1801 0.5000
vn -0.2365 -0.1053 0.9659
vn -0.4756 -0.1545 0.8660
vn -0.6917 -0.1470 0.7071
vn -0.8613 -0.0905 0.4999
vn -0.2462 -0.0800 0.9659
vn -0.4891 -0.1040 0.8660
vn -0.7032 -0.0739 0.7071
vn -0.8660 -0.0000 0.5000
vn -0.2532 -0.0538 0.9659
vn -0.4973 -0.0523 0.8660
vn -0.7071 -0.0000 0.7071
vn -0.8613 0.0905 0.5000
vn -0.2574 -0.0271 0.9659
vn -0.5000 -0.0000 0.8660
vn -0.7032 0.0739 0.7071
vn -0.8471 0.1801 0.4999
vn -0.2588 -0.0000 0.9659
vn -0.4973 0.0523 0.8660
vn -0.6917 0.1470 0.7071
vn -0.8237 0.2676 0.4999
vn -0.2575 0.0271 0.9659
vn -0.4891 0.1040 0.8660
vn -0.6725 0.2185 0.7071
vn -0.7911 0.3522 0.5000
vn -0.2532 0.0538 0.9659
vn -0.4756 0.1545 0.8660
vn -0.6460 0.2876 0.7071
vn -0.7500 0.4330 0.5000
vn -0.2462 0.0800 0.9659
vn -0.4568 0.2034 0.8660
vn -0.6124 0.3536 0.7071
vn -0.7006 0.5090 0.5000
vn -0.2364 0.1053 0.9659
vn -0.4330 0.2500 0.8660
vn -0.5721 0.4157 0.7071
vn -0.6436 0.5795 0.4999
vn -0.2241 0.1294 0.9659
vn -0.4045 0.2939 0.8660
vn -0.5255 0.4732 0.7071
vn -0.5795 0.6436 0.4999
vn -0.2094 0.1522 0.9659
vn -0.3716 0.3346 0.8660
vn -0.4732 0.5255 0.7071
vn -0.5090 0.7006 0.5000
vn -0.1923 0.1732 0.9659
vn -0.3346 0.3716 0.8660
vn -0.4156 0.5721 0.7071
vn -0.4330 0.7500 0.5000
vn -0.1732 0.1923 0.9659
vn -0.2939 0.4045 0.8660
vn -0.3536 0.6124 0.7071
vn -0.3522 0.7911 0.5000
vn -0.1521 0.2094 0.9659
vn -0.2500 0.4330 0.8660
vn -0.2876 0.6460 0.7071
vn -0.2676 0.8237 0.4999
vn -0.1294 0.2242 0.9659
vn -0.2034 0.4568 0.8660
vn -0.2185 0.6725 0.7071
vn -0.1801 0.8471 0.4999
vn -0.1053 0.2365 0.9659
vn -0.0800 0.2462 0.9659
vn -0.0538 0.2532 0.9659
vn -0.0271 0.2574 0.9659
vn -0.0000 0.2588 0.9659
vn 0.0270 0.2574 0.9659
vn 0.0538 0.2532 0.9659
vn 0.0800 0.2462 0.9659
vn 0.1053 0.2365 0.9659
vn 0.1294 0.2242 0.9659
vn 0.1522 0.2094 0.9659
vn 0.1732 0.1924 0.9659
vn 0.1923 0.1732 0.9659
vn 0.2094 0.1521 0.9659
vn 0.2242 0.1294 0.9659
vn 0.2365 0.1053 0.9659
vn 0.2462 0.0800 0.9659
vn 0.2532 0.0538 0.9659
vn -0.8090 -0.5878 -0.0000
vn -0.7178 -0.6463 0.2588
vn -0.5795 -0.6436 0.4999
vn -0.4157 -0.5721 0.7071
vn -0.2500 -0.4330 0.8660
vn -0.7431 -0.6691 -0.0000
vn -0.6463 -0.7178 0.2588
vn -0.5091 -0.7007 0.4999
vn -0.3536 -0.6124 0.7071
vn -0.2034 -0.4568 0.8660
vn -0.5678 -0.7814 0.2588
vn -0.4330 -0.7500 0.5000
vn -0.2876 -0.6460 0.7071
vn -0.1545 -0.4756 0.8660
vn -0.5878 -0.8090 -0.0000
vn -0.4830 -0.8365 0.2588
vn -0.3522 -0.7912 0.5000
vn -0.2185 -0.6725 0.7071
vn -0.1040 -0.4891 0.8660
vn -0.5000 -0.8660 -0.0000
vn -0.3929 -0.8824 0.2587
vn -0.2676 -0.8237 0.4999
vn -0.1470 -0.6917 0.7071
vn -0.0523 -0.4973 0.8660
vn -0.4067 -0.9135 -0.0000
vn -0.2985 -0.9187 0.2587
vn -0.1801 -0.8471 0.4999
vn -0.0739 -0.7032 0.7071
vn -0.0000 -0.5000 0.8660
vn -0.2008 -0.9448 0.2588
vn -0.0905 -0.8613 0.5000
vn -0.0000 -0.7071 0.7071
vn 0.0523 -0.4973 0.8660
vn -0.2079 -0.9781 -0.0000
vn -0.1010 -0.9606 0.2588
vn -0.0000 -0.8660 0.5000
vn 0.0739 -0.7032 0.7071
vn 0.1040 -0.4891 0.8660
vn -0.1045 -0.9945 -0.0000
vn -0.0000 -0.9659 0.2588
vn 0.0905 -0.8613 0.5000
vn 0.1470 -0.6917 0.7071
vn 0.1545 -0.4756 0.8660
vn -0.0000 -1.0000 -0.0000
vn 0.1010 -0.9606 0.2589
vn 0.1801 -0.8471 0.5000
vn 0.2185 -0.6725 0.7071
vn 0.2034 -0.4568 0.8660
vn 0.2008 -0.9448 0.2587
vn 0.2676 -0.8237 0.4999
vn 0.2876 -0.6460 0.7071
vn 0.2500 -0.4330 0.8660
vn 0.2079 -0.9781 -0.0000
vn 0.2985 -0.9187 0.2587
vn 0.3522 -0.7911 0.5000
vn 0.3536 -0.6124 0.7071
vn 0.2939 -0.4045 0.8660
vn 0.3090 -0.9511 -0.0000
vn 0.3929 -0.8824 0.2588
vn 0.4330 -0.7500 0.5000
vn 0.4156 -0.5721 0.7071
vn 0.3346 -0.3716 0.8660
vn 0.4067 -0.9135 -0.0000
vn 0.4830 -0.8365 0.2587
vn 0.5090 -0.7006 0.5000
vn 0.4732 -0.5255 0.7071
vn 0.3716 -0.3346 0.8660
vn 0.5678 -0.7815 0.2588
vn 0.5795 -0.6436 0.5000
vn 0.5255 -0.4732 0.7071
vn 0.4045 -0.2939 0.8660
vn 0.5878 -0.8090 -0.0000
vn 0.6463 -0.7178 0.2588
vn 0.6436 -0.5795 0.4999
vn 0.5721 -0.4156 0.7071
vn 0.4330 -0.2500 0.8660
vn 0.6691 -0.7431 -0.0000
vn 0.7178 -0.6463 0.2588
vn 0.7006 -0.5090 0.5000
vn 0.6124 -0.3536 0.7071
vn 0.4568 -0.2034 0.8660
vn 0.7431 -0.6691 -0.0000
vn 0.7815 -0.5678 0.2588
vn 0.7500 -0.4330 0.5000
vn 0.6460 -0.2876 0.7071
vn 0.4756 -0.1545 0.8660
vn 0.8365 -0.4830 0.2587
vn 0.7912 -0.3522 0.5000
vn 0.6725 -0.2185 0.7071
vn 0.4891 -0.1040 0.8660
vn 0.8660 -0.5000 -0.0000
vn 0.8824 -0.3929 0.2587
vn 0.8237 -0.2676 0.4999
vn 0.6917 -0.1470 0.7071
vn 0.4973 -0.0523 0.8660
vn 0.9135 -0.4067 -0.0000
vn 0.9186 -0.2985 0.2588
vn 0.8471 -0.1801 0.4999
vn 0.7032 -0.0739 0.7071
vn 0.9511 -0.3090 -0.0000
vn 0.9448 -0.2008 0.2588
vn 0.8613 -0.0905 0.5000
vn 0.9606 -0.1010 0.2588
vn 0.9945 -0.1045 -0.0000
vn -0.1545 0.4756 0.8660
vn -0.1470 0.6917 0.7071
vn -0.0905 0.8613 0.4999
vn -0.1040 0.4891 0.8660
vn -0.0739 0.7033 0.7071
vn -0.0000 0.8660 0.5000
vn -0.0523 0.4973 0.8660
vn -0.0000 0.7071 0.7071
vn 0.0905 0.8613 0.5000
vn -0.0000 0.5000 0.8660
vn 0.0739 0.7033 0.7071
vn 0.1801 0.8471 0.5000
vn 0.0523 0.4973 0.8660
vn 0.1470 0.6917 0.7071
vn 0.2676 0.8237 0.5000
vn 0.1040 0.4891 0.8660
vn 0.2185 0.6725 0.7071
vn 0.3522 0.7911 0.5000
vn 0.1545 0.4755 0.8660
vn 0.2876 0.6460 0.7071
vn 0.4330 0.7500 0.5000
vn 0.2034 0.4568 0.8660
vn 0.3536 0.6124 0.7071
vn 0.5090 0.7006 0.5000
vn 0.2500 0.4330 0.8660
vn 0.4157 0.5721 0.7071
vn 0.5795 0.6436 0.4999
vn 0.2939 0.4045 0.8660
vn 0.4732 0.5255 0.7071
vn 0.6436 0.5795 0.4999
vn 0.3346 0.3716 0.8660
vn 0.5255 0.4732 0.7071
vn 0.7006 0.5090 0.5000
vn 0.3716 0.3346 0.8660
vn 0.5721 0.4156 0.7071
vn 0.7500 0.4330 0.5000
vn 0.4045 0.2939 0.8660
vn 0.6124 0.3536 0.7071
vn 0.7912 0.3522 0.5000
vn 0.4330 0.2500 0.8660
vn 0.6460 0.2876 0.7071
vn 0.8237 0.2676 0.4999
vn 0.4568 0.2034 0.8660
vn 0.6725 0.2185 0.7071
vn 0.8471 0.1801 0.5000
vn 0.4756 0.1545 0.8660
vn 0.6917 0.1470 0.7071
vn 0.4891 0.1040 0.8660
vn 0.9606 -0.1010 -0.2588
vn 0.9659 -0.0000 -0.2588
vn 0.9606 0.1010 -0.2589
vn 0.9448 0.2008 -0.2587
vn 0.9186 0.2985 -0.2588
vn 0.8824 0.3929 -0.2587
vn 0.8365 0.4830 -0.2587
vn 0.7815 0.5678 -0.2587
vn 0.7178 0.6463 -0.2588
vn 0.6463 0.7178 -0.2588
vn 0.5678 0.7815 -0.2587
vn 0.4830 0.8365 -0.2588
vn 0.3929 0.8824 -0.2587
vn 0.2985 0.9186 -0.2588
vn 0.2008 0.9448 -0.2588
vn 0.1010 0.9606 -0.2588
vn -0.0000 0.9659 -0.2588
vn -0.1010 0.9606 -0.2589
vn -0.2008 0.9448 -0.2587
vn -0.2985 0.9187 -0.2587
vn -0.3929 0.8824 -0.2587
vn -0.4830 0.8365 -0.2588
vn -0.5678 0.7815 -0.2588
vn -0.6463 0.7178 -0.2589
vn -0.7178 0.6463 -0.2588
vn -0.7815 0.5678 -0.2588
vn -0.8365 0.4830 -0.2587
vn -0.8824 0.3929 -0.2588
vn -0.9186 0.2985 -0.2588
vn -0.9448 0.2008 -0.2588
vn -0.9606 0.1010 -0.2589
vn -0.9659 -0.0000 -0.2588
vn -0.9606 -0.1010 -0.2588
vn -0.9448 -0.2008 -0.2588
vn -0.9187 -0.2985 -0.2588
vn -0.8824 -0.3929 -0.2587
vn -0.8365 -0.4830 -0.2589
vn -0.7815 -0.5678 -0.2587
vn -0.7178 -0.6463 -0.2588
vn -0.6463 -0.7178 -0.2588
vn -0.5678 -0.7815 -0.2588
vn -0.4830 -0.8365 -0.2588
vn -0.3929 -0.8824 -0.2588
vn -0.2985 -0.9186 -0.2588
vn -0.2008 -0.9448 -0.2587
vn -0.1010 -0.9606 -0.2588
vn -0.0000 -0.9659 -0.2588
vn 0.1010 -0.9606 -0.2588
vn 0.2008 -0.9448 -0.2588
vn 0.2985 -0.9186 -0.2589
vn 0.3929 -0.8824 -0.2588
vn 0.4830 -0.8365 -0.2588
vn 0.5678 -0.7815 -0.2588
vn 0.6463 -0.7178 -0.2588
vn 0.7178 -0.6463 -0.2588
vn 0.7815 -0.5678 -0.2588
vn 0.8365 -0.4830 -0.2588
vn 0.8824 -0.3929 -0.2587
vn 0.9187 -0.2985 -0.2588
vn 0.9448 -0.2008 -0.2587
vn -0.0000 -0.0000 -1.0000
vn 0.2574 0.0270 -0.9659
vn 0.2588 -0.0000 -0.9659
vn 0.2574 -0.0271 -0.9659
vn 0.5000 -0.0000 -0.8660
vn 0.4973 -0.0523 -0.8660
vn 0.7071 -0.0000 -0.7071
vn 0.7032 -0.0739 -0.7071
vn 0.8660 -0.0000 -0.5000
vn 0.8613 -0.0905 -0.4999
vn 0.2532 0.0538 -0.9659
vn 0.2462 0.0800 -0.9659
vn 0.2364 0.1053 -0.9659
vn 0.2242 0.1294 -0.9659
vn 0.2094 0.1522 -0.9659
vn 0.1924 0.1732 -0.9659
vn 0.1732 0.1923 -0.9659
vn 0.1522 0.2094 -0.9659
vn 0.1294 0.2242 -0.9659
vn 0.1053 0.2365 -0.9659
vn 0.0800 0.2462 -0.9659
vn 0.0538 0.2532 -0.9659
vn 0.0270 0.2574 -0.9659
vn -0.0000 0.2588 -0.9659
vn -0.0271 0.2574 -0.9659
vn -0.0538 0.2532 -0.9659
vn -0.0800 0.2462 -0.9659
vn -0.1053 0.2365 -0.9659
vn -0.1294 0.2241 -0.9659
vn -0.1522 0.2094 -0.9659
vn -0.2939 0.4045 -0.8660
vn -0.3346 0.3716 -0.8660
vn -0.4732 0.5255 -0.7071
vn -0.5255 0.4732 -0.7071
vn -0.6436 0.5795 -0.4999
vn -0.7006 0.5090 -0.5000
vn -0.1732 0.1923 -0.9659
vn -0.3716 0.3346 -0.8660
vn -0.5721 0.4156 -0.7071
vn -0.7500 0.4330 -0.5000
vn -0.1924 0.1732 -0.9659
vn -0.4045 0.2939 -0.8660
vn -0.6124 0.3536 -0.7071
vn -0.7912 0.3522 -0.5000
vn -0.2094 0.1522 -0.9659
vn -0.4330 0.2500 -0.8660
vn -0.6460 0.2876 -0.7071
vn -0.8237 0.2676 -0.4999
vn -0.2242 0.1294 -0.9659
vn -0.4568 0.2034 -0.8660
vn -0.6725 0.2185 -0.7071
vn -0.8471 0.1801 -0.4999
vn -0.2365 0.1053 -0.9659
vn -0.4756 0.1545 -0.8660
vn -0.6916 0.1470 -0.7071
vn -0.8613 0.0905 -0.5000
vn -0.2462 0.0800 -0.9659
vn -0.4890 0.1040 -0.8660
vn -0.7032 0.0739 -0.7071
vn -0.8660 -0.0000 -0.5000
vn -0.2532 0.0538 -0.9659
vn -0.4973 0.0523 -0.8660
vn -0.7071 -0.0000 -0.7071
vn -0.8613 -0.0905 -0.5000
vn -0.2575 0.0271 -0.9659
vn -0.5000 -0.0000 -0.8660
vn -0.7033 -0.0739 -0.7071
vn -0.8471 -0.1801 -0.5000
vn -0.2588 -0.0000 -0.9659
vn -0.4973 -0.0523 -0.8660
vn -0.6917 -0.1470 -0.7071
vn -0.8237 -0.2676 -0.4999
vn -0.2574 -0.0271 -0.9659
vn -0.4891 -0.1040 -0.8660
vn -0.6725 -0.2185 -0.7071
vn -0.7911 -0.3522 -0.5000
vn -0.2532 -0.0538 -0.9659
vn -0.4756 -0.1545 -0.8660
vn -0.6460 -0.2876 -0.7071
vn -0.7500 -0.4330 -0.5000
vn -0.2462 -0.0800 -0.9659
vn -0.4568 -0.2034 -0.8660
vn -0.6124 -0.3536 -0.7071
vn -0.7006 -0.5090 -0.5000
vn -0.2365 -0.1053 -0.9659
vn -0.4330 -0.2500 -0.8660
vn -0.5721 -0.4156 -0.7071
vn -0.6436 -0.5795 -0.4999
vn -0.2242 -0.1294 -0.9659
vn -0.4045 -0.2939 -0.8660
vn -0.5255 -0.4732 -0.7071
vn -0.5795 -0.6436 -0.4999
vn -0.2094 -0.1522 -0.9659
vn -0.3716 -0.3346 -0.8660
vn -0.4732 -0.5255 -0.7071
vn -0.5090 -0.7006 -0.5000
vn -0.1923 -0.1732 -0.9659
vn -0.3346 -0.3716 -0.8660
vn -0.4157 -0.5721 -0.7071
vn -0.4330 -0.7500 -0.5000
vn -0.1732 -0.1923 -0.9659
vn -0.2939 -0.4045 -0.8660
vn -0.3536 -0.6124 -0.7071
vn -0.3522 -0.7912 -0.5000
vn -0.1521 -0.2094 -0.9659
vn -0.2500 -0.4330 -0.8660
vn -0.2876 -0.6460 -0.7071
vn -0.2676 -0.8237 -0.4999
vn -0.1294 -0.2242 -0.9659
vn -0.2034 -0.4568 -0.8660
vn -0.2185 -0.6725 -0.7071
vn -0.1801 -0.8471 -0.4999
vn -0.1053 -0.2365 -0.9659
vn -0.0800 -0.2462 -0.9659
vn -0.0538 -0.2532 -0.9659
vn -0.0271 -0.2574 -0.9659
vn -0.0000 -0.2588 -0.9659
vn 0.0270 -0.2574 -0.9659
vn 0.0538 -0.2532 -0.9659
vn 0.0800 -0.2462 -0.9659
vn 0.1053 -0.2365 -0.9659
vn 0.1294 -0.2242 -0.9659
vn 0.1522 -0.2094 -0.9659
vn 0.1732 -0.1923 -0.9659
vn 0.1923 -0.1732 -0.9659
vn 0.2094 -0.1521 -0.9659
vn 0.2242 -0.1294 -0.9659
vn 0.2365 -0.1053 -0.9659
vn 0.2462 -0.0800 -0.9659
vn 0.2532 -0.0538 -0.9659
vn 0.8613 0.0905 -0.5000
vn 0.8471 0.1801 -0.5000
vn 0.8237 0.2676 -0.4999
vn 0.7911 0.3522 -0.5000
vn 0.7500 0.4330 -0.5000
vn 0.7006 0.5090 -0.5000
vn 0.6436 0.5795 -0.5000
vn 0.5795 0.6436 -0.4999
vn 0.5090 0.7006 -0.5000
vn 0.4330 0.7500 -0.5000
vn 0.3522 0.7912 -0.5000
vn 0.2676 0.8237 -0.4999
vn 0.1801 0.8471 -0.4999
vn 0.0905 0.8613 -0.5000
vn -0.0000 0.8660 -0.5000
vn -0.0905 0.8613 -0.4999
vn -0.1801 0.8471 -0.5000
vn -0.2676 0.8237 -0.4999
vn -0.3522 0.7911 -0.5000
vn -0.4330 0.7500 -0.5000
vn -0.5090 0.7006 -0.5000
vn -0.5795 0.6436 -0.4999
vn 0.7032 0.0739 -0.7071
vn 0.6917 0.1470 -0.7071
vn 0.6725 0.2185 -0.7071
vn 0.6460 0.2876 -0.7071
vn 0.6124 0.3536 -0.7071
vn 0.5721 0.4157 -0.7071
vn 0.5255 0.4732 -0.7071
vn 0.4732 0.5255 -0.7071
vn 0.4156 0.5721 -0.7071
vn 0.3536 0.6124 -0.7071
vn 0.2876 0.6460 -0.7071
vn 0.2185 0.6725 -0.7071
vn 0.1470 0.6917 -0.7071
vn 0.0739 0.7032 -0.7071
vn -0.0000 0.7071 -0.7071
vn -0.0739 0.7032 -0.7071
vn -0.1470 0.6917 -0.7071
vn -0.2185 0.6725 -0.7071
vn -0.2876 0.6460 -0.7071
vn -0.3536 0.6124 -0.7071
vn -0.4156 0.5721 -0.7071
vn 0.4973 0.0523 -0.8660
vn 0.4891 0.1040 -0.8660
vn 0.4756 0.1545 -0.8660
vn 0.4568 0.2034 -0.8660
vn 0.4330 0.2500 -0.8660
vn 0.4045 0.2939 -0.8660
vn 0.3716 0.3346 -0.8660
vn 0.3346 0.3716 -0.8660
vn 0.2939 0.4045 -0.8660
vn 0.2500 0.4330 -0.8660
vn 0.2034 0.4568 -0.8660
vn 0.1545 0.4756 -0.8660
vn 0.1040 0.4891 -0.8660
vn 0.0523 0.4973 -0.8660
vn -0.0000 0.5000 -0.8660
vn -0.0523 0.4973 -0.8660
vn -0.1040 0.4891 -0.8660
vn -0.1545 0.4756 -0.8660
vn -0.2034 0.4568 -0.8660
vn -0.2500 0.4330 -0.8660
vn 0.8471 -0.1801 -0.5000
vn 0.8237 -0.2676 -0.4999
vn 0.7912 -0.3522 -0.5000
vn 0.7500 -0.4330 -0.5000
vn 0.7006 -0.5090 -0.5000
vn 0.6436 -0.5795 -0.4999
vn 0.5795 -0.6436 -0.4999
vn 0.5090 -0.7006 -0.5000
vn 0.4330 -0.7500 -0.5000
vn 0.3522 -0.7911 -0.5000
vn 0.2676 -0.8237 -0.4999
vn 0.1801 -0.8471 -0.4999
vn 0.0905 -0.8613 -0.4999
vn -0.0000 -0.8660 -0.5000
vn -0.0905 -0.8613 -0.5000
vn 0.6917 -0.1470 -0.7071
vn 0.6725 -0.2185 -0.7071
vn 0.6460 -0.2876 -0.7071
vn 0.6124 -0.3536 -0.7071
vn 0.5721 -0.4156 -0.7071
vn 0.5255 -0.4732 -0.7071
vn 0.4732 -0.5255 -0.7071
vn 0.4156 -0.5721 -0.7071
vn 0.3536 -0.6124 -0.7071
vn 0.2876 -0.6460 -0.7071
vn 0.2185 -0.6725 -0.7071
vn 0.1470 -0.6917 -0.7071
vn 0.0739 -0.7032 -0.7071
vn -0.0000 -0.7071 -0.7071
vn -0.0739 -0.7032 -0.7071
vn -0.1470 -0.6917 -0.7071
vn 0.4890 -0.1040 -0.8660
vn 0.4756 -0.1545 -0.8660
vn 0.4568 -0.2034 -0.8660
vn 0.4330 -0.2500 -0.8660
vn 0.4045 -0.2939 -0.8660
vn 0.3716 -0.3346 -0.8660
vn 0.3346 -0.3716 -0.8660
vn 0.2939 -0.4045 -0.8660
vn 0.2500 -0.4330 -0.8660
vn 0.2034 -0.4568 -0.8660
vn 0.1545 -0.4756 -0.8660
vn 0.1040 -0.4891 -0.8660
vn 0.0523 -0.4973 -0.8660
vn -0.0000 -0.5000 -0.8660
vn -0.0523 -0.4973 -0.8660
vn -0.1040 -0.4891 -0.8660
vn -0.1545 -0.4756 -0.8660
vn 0.9911 0.1333 -0.0000
vn 0.9638 0.0645 0.2588
vn 0.9638 -0.0645 0.2588
vn 0.9911 -0.1333 -0.0000
vn 0.9466 -0.1924 0.2588
vn 0.9645 -0.2642 -0.0000
vn 0.9125 -0.3169 0.2588
vn 0.9207 -0.3904 -0.0000
vn 0.8621 -0.4356 0.2588
vn 0.8604 -0.5096 -0.0000
vn 0.7964 -0.5467 0.2588
vn 0.7848 -0.6197 -0.0000
vn 0.7164 -0.6479 0.2588
vn 0.6952 -0.7188 -0.0000
vn 0.6236 -0.7376 0.2588
vn 0.5932 -0.8051 -0.0000
vn 0.5198 -0.8142 0.2588
vn 0.4806 -0.8770 -0.0000
vn 0.4066 -0.8762 0.2588
vn 0.3594 -0.9332 -0.0000
vn 0.2862 -0.9226 0.2588
vn 0.2318 -0.9728 -0.0000
vn 0.1607 -0.9525 0.2588
vn 0.1001 -0.9950 -0.0000
vn 0.0323 -0.9654 0.2588
vn -0.0334 -0.9994 -0.0000
vn -0.0967 -0.9611 0.2588
vn -0.1663 -0.9861 -0.0000
vn -0.2239 -0.9396 0.2588
vn -0.2963 -0.9551 -0.0000
vn -0.3472 -0.9014 0.2588
vn -0.4209 -0.9071 -0.0000
vn -0.4642 -0.8471 0.2588
vn -0.5381 -0.8429 -0.0000
vn -0.5730 -0.7776 0.2588
vn -0.6456 -0.7637 -0.0000
vn -0.6715 -0.6943 0.2588
vn -0.7417 -0.6708 -0.0000
vn -0.7581 -0.5986 0.2588
vn -0.8244 -0.5660 -0.0000
vn -0.8311 -0.4923 0.2588
vn -0.8925 -0.4510 -0.0000
vn -0.8893 -0.3771 0.2588
vn -0.9447 -0.3280 -0.0000
vn -0.9316 -0.2552 0.2588
vn -0.9800 -0.1992 -0.0000
vn -0.9573 -0.1288 0.2588
vn -0.9978 -0.0668 -0.0000
vn -0.9978 0.0668 -0.0000
vn -0.9573 0.1288 0.2588
vn -0.9800 0.1992 -0.0000
vn -0.9316 0.2552 0.2588
vn -0.9447 0.3280 -0.0000
vn -0.8893 0.3771 0.2588
vn -0.8925 0.4510 -0.0000
vn -0.8311 0.4923 0.2588
vn -0.8244 0.5660 -0.0000
vn -0.7581 0.5986 0.2588
vn -0.7417 0.6708 -0.0000
vn -0.6715 0.6943 0.2588
vn -0.6456 0.7637 -0.0000
vn -0.5730 0.7776 0.2588
vn -0.5381 0.8429 -0.0000
vn -0.4642 0.8471 0.2588
vn -0.4209 0.9071 -0.0000
vn -0.3472 0.9014 0.2588
vn -0.2963 0.9551 -0.0000
vn -0.2239 0.9396 0.2588
vn -0.1663 0.9861 -0.0000
vn -0.0967 0.9611 0.2588
vn -0.0334 0.9994 -0.0000
vn 0.0323 0.9654 0.2588
vn 0.1001 0.9950 -0.0000
vn 0.1607 0.9525 0.2588
vn 0.2318 0.9728 -0.0000
vn 0.2862 0.9226 0.2588
vn 0.3594 0.9332 -0.0000
vn 0.4066 0.8762 0.2588
vn 0.4806 0.8770 -0.0000
vn 0.5198 0.8142 0.2588
vn 0.5932 0.8051 -0.0000
vn 0.6236 0.7376 0.2588
vn 0.6952 0.7188 -0.0000
vn 0.7164 0.6479 0.2588
vn 0.7848 0.6197 -0.0000
vn 0.7964 0.5467 0.2588
vn 0.8604 0.5096 -0.0000
vn 0.8621 0.4356 0.2588
vn 0.9206 0.3904 -0.0000
vn 0.9125 0.3169 0.2588
vn 0.9645 0.2642 -0.0000
vn 0.9466 0.1924 0.2588
vn 0.2582 -0.0173 0.9659
vn 0.2582 0.0173 0.9659
vn 0.2537 0.0516 0.9659
vn 0.2445 0.0849 0.9659
vn 0.2310 0.1167 0.9659
vn 0.2134 0.1465 0.9659
vn 0.1920 0.1736 0.9659
vn 0.1671 0.1976 0.9659
vn 0.1393 0.2182 0.9659
vn 0.1090 0.2348 0.9659
vn 0.0767 0.2472 0.9659
vn 0.0431 0.2552 0.9659
vn 0.0086 0.2587 0.9659
vn -0.0259 0.2575 0.9659
vn 0.0167 0.4997 0.8660
vn -0.0500 0.4975 0.8660
vn 0.0236 0.7067 0.7071
vn -0.0708 0.7036 0.7071
vn 0.0289 0.8656 0.5000
vn -0.0867 0.8617 0.4999
vn 0.2537 -0.0516 0.9659
vn 0.2445 -0.0849 0.9659
vn 0.2310 -0.1167 0.9659
vn 0.2134 -0.1465 0.9659
vn 0.1920 -0.1736 0.9659
vn 0.1671 -0.1977 0.9659
vn 0.1393 -0.2182 0.9659
vn 0.1090 -0.2348 0.9659
vn 0.0767 -0.2472 0.9659
vn 0.0430 -0.2552 0.9659
vn 0.0086 -0.2587 0.9659
vn -0.0259 -0.2575 0.9659
vn -0.0501 -0.4975 0.8660
vn -0.1159 -0.4864 0.8660
vn -0.1639 -0.6879 0.7071
vn -0.2541 -0.6599 0.7071
vn -0.3113 -0.8082 0.5000
vn -0.4162 -0.7595 0.5000
vn -0.0600 -0.2518 0.9659
vn -0.1797 -0.4666 0.8660
vn -0.3398 -0.6201 0.7071
vn -0.5137 -0.6972 0.5000
vn -0.0930 -0.2415 0.9659
vn -0.2403 -0.4385 0.8660
vn -0.4194 -0.5693 0.7071
vn -0.6021 -0.6225 0.4999
vn -0.1244 -0.2270 0.9659
vn -0.2966 -0.4026 0.8660
vn -0.4916 -0.5083 0.7071
vn -0.6797 -0.5367 0.5000
vn -0.1535 -0.2084 0.9659
vn -0.3476 -0.3594 0.8660
vn -0.5549 -0.4382 0.7071
vn -0.7451 -0.4413 0.5000
vn -0.1799 -0.1860 0.9659
vn -0.3924 -0.3099 0.8660
vn -0.6084 -0.3604 0.7071
vn -0.7973 -0.3381 0.4999
vn -0.2031 -0.1604 0.9659
vn -0.4302 -0.2548 0.8660
vn -0.6510 -0.2760 0.7071
vn -0.8353 -0.2288 0.5000
vn -0.2227 -0.1319 0.9659
vn -0.4604 -0.1952 0.8660
vn -0.6820 -0.1868 0.7071
vn -0.8583 -0.1154 0.5000
vn -0.2383 -0.1010 0.9659
vn -0.4822 -0.1321 0.8660
vn -0.7008 -0.0943 0.7071
vn -0.2496 -0.0684 0.9659
vn -0.4955 -0.0666 0.8660
vn -0.8583 0.1154 0.5000
vn -0.2565 -0.0345 0.9659
vn -0.7008 0.0942 0.7071
vn -0.8353 0.2288 0.5000
vn -0.4955 0.0666 0.8660
vn -0.6820 0.1868 0.7071
vn -0.7973 0.3381 0.5000
vn -0.2565 0.0345 0.9659
vn -0.4822 0.1321 0.8660
vn -0.6510 0.2761 0.7071
vn -0.7452 0.4414 0.4999
vn -0.2496 0.0684 0.9659
vn -0.4603 0.1952 0.8660
vn -0.6084 0.3604 0.7071
vn -0.6797 0.5367 0.5000
vn -0.2383 0.1010 0.9659
vn -0.4302 0.2548 0.8660
vn -0.5549 0.4382 0.7071
vn -0.6021 0.6225 0.5000
vn -0.2227 0.1319 0.9659
vn -0.3924 0.3099 0.8660
vn -0.4916 0.5083 0.7071
vn -0.5137 0.6972 0.5000
vn -0.2031 0.1604 0.9659
vn -0.3476 0.3594 0.8660
vn -0.4195 0.5693 0.7071
vn -0.4162 0.7595 0.5000
vn -0.1799 0.1861 0.9659
vn -0.2966 0.4026 0.8660
vn -0.3398 0.6201 0.7071
vn -0.3113 0.8082 0.5000
vn -0.1535 0.2084 0.9659
vn -0.2403 0.4385 0.8660
vn -0.2541 0.6599 0.7071
vn -0.2008 0.8424 0.5000
vn -0.1244 0.2270 0.9659
vn -0.1797 0.4666 0.8660
vn -0.1639 0.6879 0.7071
vn -0.0930 0.2416 0.9659
vn -0.1159 0.4864 0.8660
vn -0.0600 0.2518 0.9659
vn 0.8641 0.0578 0.5000
vn 0.8641 -0.0578 0.5000
vn 0.8487 -0.1725 0.5000
vn 0.8181 -0.2841 0.5000
vn 0.7729 -0.3906 0.5000
vn 0.7140 -0.4901 0.4999
vn 0.6423 -0.5809 0.5000
vn 0.5591 -0.6613 0.5000
vn 0.4660 -0.7300 0.5000
vn 0.3645 -0.7856 0.5000
vn 0.2566 -0.8272 0.5000
vn 0.1441 -0.8540 0.5000
vn 0.0289 -0.8656 0.5000
vn -0.0867 -0.8617 0.5000
vn -0.2008 -0.8425 0.4999
vn 0.7055 0.0472 0.7071
vn 0.7055 -0.0472 0.7071
vn 0.6929 -0.1409 0.7071
vn 0.6680 -0.2319 0.7071
vn 0.6311 -0.3189 0.7071
vn 0.5830 -0.4002 0.7071
vn 0.5244 -0.4743 0.7071
vn 0.4565 -0.5400 0.7071
vn 0.3805 -0.5960 0.7071
vn 0.2977 -0.6414 0.7071
vn 0.2095 -0.6754 0.7071
vn 0.1176 -0.6973 0.7071
vn 0.0236 -0.7067 0.7071
vn -0.0708 -0.7036 0.7071
vn 0.8487 0.1725 0.4999
vn 0.8181 0.2841 0.5000
vn 0.7730 0.3906 0.5000
vn 0.7140 0.4901 0.5000
vn 0.6423 0.5809 0.5000
vn 0.5591 0.6613 0.5000
vn 0.4660 0.7300 0.5000
vn 0.3645 0.7856 0.5000
vn 0.2566 0.8272 0.5000
vn 0.1441 0.8540 0.5000
vn 0.4989 0.0334 0.8660
vn 0.4989 -0.0334 0.8660
vn 0.4900 -0.0996 0.8660
vn 0.4724 -0.1640 0.8660
vn 0.4463 -0.2255 0.8660
vn 0.4122 -0.2830 0.8660
vn 0.3708 -0.3354 0.8660
vn 0.3228 -0.3818 0.8660
vn 0.2690 -0.4215 0.8660
vn 0.2105 -0.4536 0.8660
vn 0.1481 -0.4776 0.8660
vn 0.0832 -0.4931 0.8660
vn 0.0167 -0.4997 0.8660
vn 0.6929 0.1409 0.7071
vn 0.6680 0.2320 0.7071
vn 0.6311 0.3189 0.7071
vn 0.5830 0.4002 0.7071
vn 0.5244 0.4743 0.7071
vn 0.4565 0.5400 0.7071
vn 0.3805 0.5960 0.7071
vn 0.2977 0.6414 0.7071
vn 0.2095 0.6754 0.7071
vn 0.1176 0.6973 0.7071
vn 0.4900 0.0996 0.8660
vn 0.4723 0.1640 0.8660
vn 0.4462 0.2255 0.8660
vn 0.4122 0.2830 0.8660
vn 0.3708 0.3354 0.8660
vn 0.3228 0.3818 0.8660
vn 0.2690 0.4215 0.8660
vn 0.2105 0.4536 0.8660
vn 0.1481 0.4776 0.8660
vn 0.0832 0.4931 0.8660
vn 0.4806 -0.8769 -0.0000
vn -0.8244 -0.5659 -0.0000
vn -0.8244 0.5659 -0.0000
vn 0.7848 0.6198 -0.0000
vn -0.2575 -0.0262 -0.9659
vn -0.2575 0.0262 -0.9659
vn -0.4974 0.0506 -0.8660
vn -0.7035 0.0715 -0.7071
vn -0.8616 0.0876 -0.5000
vn -0.9659 -0.0000 -0.2589
vn -0.9610 0.0977 -0.2588
vn -0.9949 0.1012 -0.0000
vn -0.2535 -0.0521 -0.9659
vn -0.2470 -0.0775 -0.9659
vn -0.2379 -0.1021 -0.9659
vn -0.2263 -0.1256 -0.9659
vn -0.2124 -0.1479 -0.9659
vn -0.1964 -0.1686 -0.9659
vn -0.1783 -0.1876 -0.9659
vn -0.1584 -0.2047 -0.9659
vn -0.1369 -0.2197 -0.9659
vn -0.1140 -0.2324 -0.9659
vn -0.0899 -0.2427 -0.9659
vn -0.0649 -0.2506 -0.9659
vn -0.1253 -0.4840 -0.8660
vn -0.0757 -0.4942 -0.8660
vn -0.1071 -0.6990 -0.7071
vn -0.0358 -0.7062 -0.7071
vn -0.0439 -0.8649 -0.5000
vn 0.0439 -0.8649 -0.5000
vn 0.0489 -0.9647 -0.2587
vn 0.1463 -0.9548 -0.2588
vn 0.1514 -0.9885 -0.0000
vn 0.2507 -0.9681 -0.0000
vn 0.2421 -0.9351 -0.2587
vn 0.3473 -0.9378 -0.0000
vn 0.3355 -0.9058 -0.2588
vn 0.4404 -0.8978 -0.0000
vn 0.4254 -0.8672 -0.2589
vn 0.5290 -0.8486 -0.0000
vn 0.5109 -0.8197 -0.2588
vn 0.6121 -0.7908 -0.0000
vn 0.5913 -0.7639 -0.2587
vn 0.6890 -0.7248 -0.0000
vn 0.6655 -0.7001 -0.2587
vn 0.7588 -0.6514 -0.0000
vn 0.7329 -0.6292 -0.2586
vn 0.8208 -0.5713 -0.0000
vn 0.7928 -0.5518 -0.2587
vn 0.8743 -0.4853 -0.0000
vn 0.8446 -0.4688 -0.2587
vn 0.9190 -0.3944 -0.0000
vn 0.8877 -0.3809 -0.2588
vn 0.9541 -0.2994 -0.0000
vn 0.9217 -0.2892 -0.2587
vn 0.9795 -0.2013 -0.0000
vn 0.9462 -0.1944 -0.2588
vn 0.9949 -0.1012 -0.0000
vn 0.9610 -0.0977 -0.2588
vn 0.9659 -0.0000 -0.2589
vn 0.9949 0.1012 -0.0000
vn 0.9610 0.0977 -0.2588
vn 0.9795 0.2013 -0.0000
vn 0.9462 0.1944 -0.2588
vn 0.9541 0.2994 -0.0000
vn 0.9216 0.2892 -0.2588
vn 0.9190 0.3944 -0.0000
vn 0.8877 0.3809 -0.2587
vn 0.8743 0.4853 -0.0000
vn 0.8446 0.4688 -0.2587
vn 0.8208 0.5713 -0.0000
vn 0.7928 0.5518 -0.2587
vn 0.7588 0.6514 -0.0000
vn 0.7329 0.6292 -0.2587
vn 0.6890 0.7248 -0.0000
vn 0.6655 0.7001 -0.2587
vn 0.6121 0.7908 -0.0000
vn 0.5913 0.7639 -0.2587
vn 0.5290 0.8486 -0.0000
vn 0.5110 0.8198 -0.2587
vn 0.4404 0.8978 -0.0000
vn 0.4254 0.8672 -0.2588
vn 0.3473 0.9378 -0.0000
vn 0.3355 0.9058 -0.2587
vn 0.2507 0.9681 -0.0000
vn 0.2421 0.9351 -0.2587
vn 0.1514 0.9885 -0.0000
vn 0.1463 0.9548 -0.2587
vn 0.0506 0.9987 -0.0000
vn 0.0489 0.9647 -0.2588
vn -0.0506 0.9987 -0.0000
vn -0.0489 0.9647 -0.2587
vn -0.1514 0.9885 -0.0000
vn -0.1463 0.9548 -0.2587
vn -0.2507 0.9681 -0.0000
vn -0.2421 0.9351 -0.2587
vn -0.3473 0.9378 -0.0000
vn -0.3355 0.9058 -0.2588
vn -0.4404 0.8978 -0.0000
vn -0.4254 0.8672 -0.2589
vn -0.5290 0.8486 -0.0000
vn -0.5109 0.8197 -0.2588
vn -0.6121 0.7908 -0.0000
vn -0.5913 0.7639 -0.2587
vn -0.6890 0.7248 -0.0000
vn -0.6655 0.7001 -0.2587
vn -0.7588 0.6514 -0.0000
vn -0.7329 0.6292 -0.2586
vn -0.8208 0.5713 -0.0000
vn -0.7928 0.5518 -0.2587
vn -0.8743 0.4853 -0.0000
vn -0.8446 0.4688 -0.2587
vn -0.9190 0.3944 -0.0000
vn -0.8877 0.3809 -0.2588
vn -0.9541 0.2994 -0.0000
vn -0.9217 0.2892 -0.2587
vn -0.9795 0.2013 -0.0000
vn -0.9462 0.1944 -0.2588
vn -0.0392 -0.2558 -0.9659
vn -0.0253 -0.4994 -0.8660
vn 0.0358 -0.7062 -0.7071
vn 0.1311 -0.8560 -0.5000
vn -0.0131 -0.2585 -0.9659
vn 0.0253 -0.4994 -0.8660
vn 0.1071 -0.6990 -0.7071
vn 0.2171 -0.8384 -0.4999
vn 0.0131 -0.2585 -0.9659
vn 0.0757 -0.4942 -0.8660
vn 0.1772 -0.6846 -0.7071
vn 0.3008 -0.8121 -0.5000
vn 0.0392 -0.2558 -0.9659
vn 0.1253 -0.4840 -0.8660
vn 0.2456 -0.6631 -0.7071
vn 0.3814 -0.7775 -0.5000
vn 0.0649 -0.2506 -0.9659
vn 0.1737 -0.4689 -0.8660
vn 0.3114 -0.6349 -0.7071
vn 0.4581 -0.7350 -0.5000
vn 0.0899 -0.2427 -0.9659
vn 0.2202 -0.4489 -0.8660
vn 0.3740 -0.6001 -0.7071
vn 0.5301 -0.6848 -0.5000
vn 0.1140 -0.2324 -0.9659
vn 0.2645 -0.4243 -0.8660
vn 0.4328 -0.5592 -0.7071
vn 0.5967 -0.6277 -0.5000
vn 0.1369 -0.2197 -0.9659
vn 0.3061 -0.3954 -0.8660
vn 0.4872 -0.5125 -0.7071
vn 0.6571 -0.5641 -0.4999
vn 0.1584 -0.2046 -0.9659
vn 0.3445 -0.3624 -0.8660
vn 0.5365 -0.4606 -0.7071
vn 0.7108 -0.4947 -0.5000
vn 0.1783 -0.1876 -0.9659
vn 0.3794 -0.3257 -0.8660
vn 0.5804 -0.4040 -0.7071
vn 0.7572 -0.4203 -0.4999
vn 0.1964 -0.1686 -0.9659
vn 0.4104 -0.2856 -0.8660
vn 0.6182 -0.3432 -0.7071
vn 0.7959 -0.3415 -0.4999
vn 0.2124 -0.1479 -0.9659
vn 0.4372 -0.2427 -0.8660
vn 0.6498 -0.2788 -0.7071
vn 0.8263 -0.2593 -0.5000
vn 0.2263 -0.1256 -0.9659
vn 0.2379 -0.1021 -0.9659
vn 0.2470 -0.0775 -0.9659
vn 0.2535 -0.0521 -0.9659
vn 0.2575 -0.0262 -0.9659
vn 0.2575 0.0262 -0.9659
vn 0.2535 0.0521 -0.9659
vn 0.2470 0.0775 -0.9659
vn 0.2379 0.1021 -0.9659
vn 0.2263 0.1256 -0.9659
vn 0.2124 0.1479 -0.9659
vn 0.1964 0.1686 -0.9659
vn 0.3794 0.3257 -0.8660
vn 0.3445 0.3624 -0.8660
vn 0.4872 0.5125 -0.7071
vn 0.4328 0.5592 -0.7071
vn 0.5301 0.6848 -0.5000
vn 0.4581 0.7350 -0.5000
vn 0.1783 0.1876 -0.9659
vn 0.3061 0.3954 -0.8660
vn 0.3740 0.6001 -0.7071
vn 0.3814 0.7775 -0.5000
vn 0.1584 0.2046 -0.9659
vn 0.2645 0.4243 -0.8660
vn 0.3114 0.6348 -0.7071
vn 0.3008 0.8121 -0.5000
vn 0.1369 0.2197 -0.9659
vn 0.2202 0.4489 -0.8660
vn 0.2456 0.6631 -0.7071
vn 0.2171 0.8384 -0.5000
vn 0.1140 0.2324 -0.9659
vn 0.1737 0.4689 -0.8660
vn 0.1772 0.6846 -0.7071
vn 0.1311 0.8560 -0.5000
vn 0.0899 0.2427 -0.9659
vn 0.1253 0.4840 -0.8660
vn 0.1071 0.6990 -0.7071
vn 0.0439 0.8649 -0.5000
vn 0.0649 0.2505 -0.9659
vn 0.0757 0.4942 -0.8660
vn 0.0358 0.7062 -0.7071
vn -0.0439 0.8649 -0.5000
vn 0.0392 0.2558 -0.9659
vn 0.0253 0.4994 -0.8660
vn -0.0358 0.7062 -0.7071
vn -0.1311 0.8560 -0.5000
vn 0.0131 0.2585 -0.9659
vn -0.0253 0.4994 -0.8660
vn -0.1071 0.6990 -0.7071
vn -0.2171 0.8384 -0.4999
vn -0.0131 0.2585 -0.9659
vn -0.0757 0.4942 -0.8660
vn -0.1772 0.6846 -0.7071
vn -0.3008 0.8121 -0.5000
vn -0.0392 0.2559 -0.9659
vn -0.1253 0.4840 -0.8660
vn -0.2456 0.6631 -0.7071
vn -0.3814 0.7775 -0.5000
vn -0.0649 0.2506 -0.9659
vn -0.1737 0.4689 -0.8660
vn -0.3114 0.6349 -0.7071
vn -0.4581 0.7350 -0.5000
vn -0.0899 0.2427 -0.9659
vn -0.2202 0.4489 -0.8660
vn -0.3740 0.6001 -0.7071
vn -0.5301 0.6848 -0.5000
vn -0.1140 0.2324 -0.9659
vn -0.1369 0.2197 -0.9659
vn -0.1584 0.2047 -0.9659
vn -0.1783 0.1876 -0.9659
vn -0.1964 0.1686 -0.9659
vn -0.2124 0.1479 -0.9659
vn -0.2263 0.1256 -0.9659
vn -0.2379 0.1021 -0.9659
vn -0.2470 0.0775 -0.9659
vn -0.2535 0.0521 -0.9659
vn 0.0506 -0.9987 -0.0000
vn -0.0489 -0.9647 -0.2587
vn -0.1311 -0.8560 -0.5000
vn -0.1772 -0.6846 -0.7071
vn -0.1737 -0.4689 -0.8660
vn -0.0507 -0.9987 -0.0000
vn -0.1463 -0.9548 -0.2588
vn -0.2171 -0.8384 -0.5000
vn -0.2456 -0.6631 -0.7070
vn -0.2202 -0.4489 -0.8660
vn -0.1515 -0.9885 -0.0000
vn -0.2421 -0.9351 -0.2587
vn -0.3008 -0.8121 -0.5000
vn -0.3114 -0.6349 -0.7071
vn -0.2645 -0.4243 -0.8660
vn -0.2507 -0.9681 -0.0000
vn -0.3355 -0.9058 -0.2588
vn -0.3814 -0.7775 -0.5000
vn -0.3740 -0.6001 -0.7071
vn -0.3061 -0.3954 -0.8660
vn -0.3473 -0.9377 -0.0000
vn -0.4254 -0.8672 -0.2589
vn -0.4581 -0.7350 -0.5000
vn -0.4328 -0.5592 -0.7071
vn -0.3445 -0.3624 -0.8660
vn -0.4404 -0.8978 -0.0000
vn -0.5110 -0.8198 -0.2587
vn -0.5301 -0.6848 -0.5000
vn -0.4872 -0.5125 -0.7071
vn -0.3794 -0.3257 -0.8660
vn -0.5290 -0.8486 -0.0000
vn -0.5913 -0.7639 -0.2587
vn -0.5967 -0.6277 -0.4999
vn -0.5365 -0.4606 -0.7071
vn -0.4104 -0.2856 -0.8660
vn -0.6121 -0.7908 -0.0000
vn -0.6655 -0.7001 -0.2587
vn -0.6571 -0.5641 -0.4999
vn -0.5804 -0.4040 -0.7071
vn -0.4372 -0.2427 -0.8660
vn -0.6890 -0.7248 -0.0000
vn -0.7329 -0.6292 -0.2587
vn -0.7108 -0.4947 -0.5000
vn -0.6183 -0.3432 -0.7071
vn -0.4595 -0.1972 -0.8660
vn -0.7588 -0.6514 -0.0000
vn -0.7928 -0.5518 -0.2587
vn -0.7572 -0.4203 -0.4999
vn -0.6498 -0.2788 -0.7071
vn -0.4771 -0.1497 -0.8660
vn -0.8207 -0.5713 -0.0000
vn -0.8446 -0.4688 -0.2587
vn -0.7958 -0.3415 -0.5000
vn -0.6747 -0.2117 -0.7071
vn -0.4898 -0.1007 -0.8660
vn -0.8743 -0.4853 -0.0000
vn -0.8877 -0.3809 -0.2587
vn -0.8263 -0.2593 -0.5000
vn -0.6927 -0.1423 -0.7071
vn -0.4974 -0.0506 -0.8660
vn -0.9190 -0.3944 -0.0000
vn -0.9217 -0.2892 -0.2587
vn -0.8483 -0.1743 -0.5000
vn -0.7035 -0.0715 -0.7071
vn -0.9541 -0.2994 -0.0000
vn -0.9461 -0.1944 -0.2589
vn -0.8616 -0.0876 -0.5000
vn -0.9795 -0.2013 -0.0000
vn -0.9610 -0.0977 -0.2588
vn -0.9949 -0.1012 -0.0000
vn 0.4595 -0.1972 -0.8660
vn 0.6747 -0.2117 -0.7071
vn 0.8483 -0.1743 -0.5000
vn 0.4771 -0.1497 -0.8660
vn 0.6927 -0.1423 -0.7071
vn 0.8616 -0.0876 -0.5000
vn 0.4898 -0.1007 -0.8660
vn 0.7035 -0.0715 -0.7071
vn 0.4974 -0.0506 -0.8660
vn 0.8616 0.0876 -0.5000
vn 0.7035 0.0715 -0.7071
vn 0.8483 0.1743 -0.4999
vn 0.4974 0.0506 -0.8660
vn 0.6927 0.1423 -0.7071
vn 0.8263 0.2593 -0.5000
vn 0.4898 0.1007 -0.8660
vn 0.6747 0.2117 -0.7071
vn 0.7959 0.3415 -0.4999
vn 0.4771 0.1497 -0.8660
vn 0.6498 0.2788 -0.7071
vn 0.7572 0.4203 -0.5000
vn 0.4595 0.1972 -0.8660
vn 0.6182 0.3432 -0.7071
vn 0.7108 0.4947 -0.5000
vn 0.4372 0.2427 -0.8660
vn 0.5804 0.4040 -0.7071
vn 0.6571 0.5641 -0.4999
vn 0.4104 0.2856 -0.8660
vn 0.5365 0.4606 -0.7071
vn 0.5967 0.6277 -0.5000
vn -0.2645 0.4243 -0.8660
vn -0.4328 0.5592 -0.7071
vn -0.5967 0.6277 -0.5000
vn -0.3061 0.3954 -0.8660
vn -0.4872 0.5125 -0.7071
vn -0.6571 0.5641 -0.4999
vn -0.3445 0.3624 -0.8660
vn -0.5365 0.4606 -0.7071
vn -0.7108 0.4947 -0.5000
vn -0.3794 0.3257 -0.8660
vn -0.5804 0.4040 -0.7071
vn -0.7572 0.4203 -0.4999
vn -0.4104 0.2856 -0.8660
vn -0.6182 0.3432 -0.7071
vn -0.7959 0.3415 -0.4999
vn -0.4372 0.2427 -0.8660
vn -0.6498 0.2788 -0.7071
vn -0.8263 0.2593 -0.5000
vn -0.4595 0.1972 -0.8660
vn -0.6747 0.2117 -0.7071
vn -0.8483 0.1743 -0.5000
vn -0.4771 0.1497 -0.8660
vn -0.6927 0.1423 -0.7071
vn -0.4898 0.1007 -0.8660
vn -0.8208 -0.5713 -0.0000
vn -0.3473 -0.9378 -0.0000
vn -0.1514 -0.9885 -0.0000
vn -0.0506 -0.9987 -0.0000
vn 0.0507 0.9987 -0.0000
vn -0.9610 -0.0977 0.2587
vn -0.9610 0.0977 0.2588
vn -0.9462 0.1944 0.2588
vn -0.9216 0.2892 0.2589
vn -0.8876 0.3809 0.2589
vn -0.8446 0.4688 0.2587
vn -0.7928 0.5518 0.2587
vn -0.7329 0.6292 0.2587
vn -0.6655 0.7001 0.2587
vn -0.5913 0.7638 0.2588
vn -0.5110 0.8198 0.2587
vn -0.4254 0.8672 0.2589
vn -0.3355 0.9058 0.2589
vn -0.2421 0.9351 0.2587
vn -0.1463 0.9548 0.2588
vn -0.0489 0.9647 0.2588
vn 0.0489 0.9647 0.2588
vn 0.1463 0.9548 0.2587
vn 0.2421 0.9351 0.2588
vn 0.3355 0.9058 0.2588
vn 0.4254 0.8672 0.2589
vn 0.5109 0.8197 0.2588
vn 0.5913 0.7639 0.2587
vn 0.6655 0.7001 0.2587
vn 0.7329 0.6292 0.2589
vn 0.7928 0.5518 0.2587
vn 0.8446 0.4688 0.2587
vn 0.8877 0.3809 0.2588
vn 0.9217 0.2892 0.2587
vn 0.9461 0.1944 0.2588
vn 0.9610 0.0977 0.2589
vn 0.9610 -0.0977 0.2588
vn 0.9462 -0.1944 0.2588
vn 0.9217 -0.2892 0.2587
vn 0.8876 -0.3809 0.2589
vn 0.8446 -0.4688 0.2587
vn 0.7928 -0.5518 0.2587
vn 0.7329 -0.6292 0.2587
vn 0.6655 -0.7001 0.2588
vn 0.5913 -0.7638 0.2588
vn 0.5110 -0.8198 0.2587
vn 0.4254 -0.8672 0.2589
vn 0.3355 -0.9058 0.2589
vn 0.2421 -0.9351 0.2586
vn 0.1463 -0.9548 0.2587
vn 0.0489 -0.9647 0.2588
vn -0.0489 -0.9647 0.2588
vn -0.1463 -0.9548 0.2587
vn -0.2421 -0.9351 0.2588
vn -0.3355 -0.9058 0.2588
vn -0.4254 -0.8672 0.2589
vn -0.5109 -0.8197 0.2588
vn -0.5913 -0.7639 0.2587
vn -0.6655 -0.7001 0.2587
vn -0.7329 -0.6292 0.2587
vn -0.7928 -0.5518 0.2587
vn -0.8446 -0.4688 0.2587
vn -0.8877 -0.3809 0.2588
vn -0.9216 -0.2892 0.2589
vn -0.9461 -0.1944 0.2588
vn -0.2575 0.0262 0.9659
vn -0.2575 -0.0262 0.9659
vn -0.4974 -0.0506 0.8660
vn -0.7035 -0.0715 0.7071
vn -0.8661 -0.0000 0.4999
vn -0.8616 -0.0876 0.5000
vn -0.2535 0.0521 0.9659
vn -0.2469 0.0775 0.9659
vn -0.2379 0.1021 0.9659
vn -0.2263 0.1256 0.9659
vn -0.2124 0.1479 0.9659
vn -0.1964 0.1686 0.9659
vn -0.1783 0.1876 0.9659
vn -0.1584 0.2047 0.9659
vn -0.1369 0.2197 0.9659
vn -0.1140 0.2324 0.9659
vn -0.0899 0.2427 0.9659
vn -0.0649 0.2506 0.9659
vn -0.1253 0.4840 0.8660
vn -0.0757 0.4942 0.8660
vn -0.1071 0.6990 0.7070
vn -0.0358 0.7062 0.7071
vn -0.0439 0.8649 0.5000
vn 0.0439 0.8649 0.5000
vn -0.0392 0.2559 0.9659
vn -0.0253 0.4993 0.8660
vn 0.0358 0.7062 0.7071
vn 0.1311 0.8560 0.5000
vn -0.0131 0.2585 0.9659
vn 0.0253 0.4994 0.8660
vn 0.1071 0.6990 0.7071
vn 0.2171 0.8384 0.5000
vn 0.0131 0.2585 0.9659
vn 0.0757 0.4942 0.8660
vn 0.1772 0.6846 0.7071
vn 0.3008 0.8121 0.5000
vn 0.0392 0.2558 0.9659
vn 0.1253 0.4840 0.8660
vn 0.2456 0.6631 0.7071
vn 0.3814 0.7775 0.5001
vn 0.0649 0.2506 0.9659
vn 0.1737 0.4689 0.8660
vn 0.3114 0.6349 0.7071
vn 0.4581 0.7349 0.5000
vn 0.0899 0.2427 0.9659
vn 0.2202 0.4489 0.8660
vn 0.3740 0.6001 0.7071
vn 0.5301 0.6848 0.5000
vn 0.1140 0.2324 0.9659
vn 0.2645 0.4243 0.8660
vn 0.4328 0.5592 0.7071
vn 0.5967 0.6277 0.5000
vn 0.1369 0.2197 0.9659
vn 0.3061 0.3954 0.8660
vn 0.4872 0.5125 0.7071
vn 0.6571 0.5641 0.4999
vn 0.1584 0.2047 0.9659
vn 0.3445 0.3624 0.8660
vn 0.5365 0.4606 0.7071
vn 0.7108 0.4948 0.4999
vn 0.1783 0.1876 0.9659
vn 0.3794 0.3257 0.8660
vn 0.5804 0.4040 0.7071
vn 0.7572 0.4203 0.4999
vn 0.1964 0.1686 0.9659
vn 0.4104 0.2856 0.8660
vn 0.6183 0.3432 0.7071
vn 0.7959 0.3415 0.4999
vn 0.2125 0.1479 0.9659
vn 0.4372 0.2427 0.8660
vn 0.6498 0.2788 0.7071
vn 0.8263 0.2593 0.5000
vn 0.2263 0.1256 0.9659
vn 0.2379 0.1021 0.9659
vn 0.2470 0.0775 0.9659
vn 0.2535 0.0521 0.9659
vn 0.2575 0.0262 0.9659
vn 0.2575 -0.0262 0.9659
vn 0.2536 -0.0521 0.9659
vn 0.2470 -0.0775 0.9659
vn 0.2379 -0.1021 0.9659
vn 0.2263 -0.1256 0.9659
vn 0.2125 -0.1479 0.9659
vn 0.1964 -0.1686 0.9659
vn 0.3794 -0.3257 0.8660
vn 0.3445 -0.3624 0.8660
vn 0.4872 -0.5125 0.7071
vn 0.4328 -0.5592 0.7071
vn 0.5301 -0.6848 0.5000
vn 0.4581 -0.7350 0.5000
vn 0.1783 -0.1876 0.9659
vn 0.3061 -0.3954 0.8660
vn 0.3740 -0.6000 0.7072
vn 0.3814 -0.7775 0.5000
vn 0.1584 -0.2047 0.9659
vn 0.2645 -0.4243 0.8660
vn 0.3114 -0.6348 0.7071
vn 0.3008 -0.8121 0.4999
vn 0.1369 -0.2197 0.9659
vn 0.2202 -0.4489 0.8660
vn 0.2456 -0.6631 0.7071
vn 0.2171 -0.8384 0.5000
vn 0.1140 -0.2324 0.9659
vn 0.1737 -0.4689 0.8660
vn 0.1772 -0.6846 0.7071
vn 0.1311 -0.8560 0.5000
vn 0.0899 -0.2427 0.9659
vn 0.1253 -0.4841 0.8660
vn 0.1071 -0.6990 0.7071
vn 0.0439 -0.8649 0.5000
vn 0.0649 -0.2506 0.9659
vn 0.0757 -0.4942 0.8660
vn 0.0358 -0.7062 0.7071
vn -0.0439 -0.8649 0.5000
vn 0.0392 -0.2558 0.9659
vn 0.0253 -0.4993 0.8660
vn -0.0358 -0.7062 0.7071
vn -0.1311 -0.8560 0.5000
vn 0.0131 -0.2585 0.9659
vn -0.0253 -0.4994 0.8660
vn -0.1071 -0.6990 0.7071
vn -0.2171 -0.8384 0.5000
vn -0.0131 -0.2585 0.9659
vn -0.0757 -0.4942 0.8660
vn -0.1772 -0.6846 0.7071
vn -0.3008 -0.8121 0.5000
vn -0.0392 -0.2558 0.9659
vn -0.1253 -0.4840 0.8660
vn -0.2456 -0.6631 0.7071
vn -0.3814 -0.7775 0.5001
vn -0.0649 -0.2506 0.9659
vn -0.1737 -0.4689 0.8660
vn -0.3114 -0.6349 0.7071
vn -0.4581 -0.7349 0.5000
vn -0.0899 -0.2427 0.9659
vn -0.2202 -0.4489 0.8660
vn -0.3740 -0.6001 0.7071
vn -0.5301 -0.6849 0.4999
vn -0.1140 -0.2324 0.9659
vn -0.1369 -0.2197 0.9659
vn -0.1584 -0.2047 0.9659
vn -0.1783 -0.1876 0.9659
vn -0.1964 -0.1686 0.9659
vn -0.2124 -0.1479 0.9659
vn -0.2263 -0.1256 0.9659
vn -0.2379 -0.1021 0.9659
vn -0.2470 -0.0775 0.9659
vn -0.2535 -0.0521 0.9659
vn -0.8616 0.0876 0.5000
vn -0.8483 0.1743 0.4999
vn -0.8263 0.2593 0.5000
vn -0.7959 0.3415 0.4999
vn -0.7572 0.4203 0.5000
vn -0.7108 0.4948 0.4999
vn -0.6571 0.5641 0.4999
vn -0.5967 0.6277 0.5000
vn -0.5301 0.6849 0.4999
vn -0.4581 0.7350 0.4999
vn -0.3814 0.7775 0.5000
vn -0.3008 0.8121 0.4999
vn -0.2171 0.8384 0.5000
vn -0.1311 0.8560 0.5000
vn -0.7035 0.0715 0.7071
vn -0.6927 0.1423 0.7071
vn -0.6747 0.2117 0.7071
vn -0.6498 0.2789 0.7071
vn -0.6182 0.3432 0.7071
vn -0.5804 0.4040 0.7071
vn -0.5365 0.4606 0.7071
vn -0.4872 0.5125 0.7071
vn -0.4328 0.5592 0.7071
vn -0.3740 0.6001 0.7071
vn -0.3114 0.6348 0.7071
vn -0.2456 0.6631 0.7071
vn -0.1772 0.6846 0.7071
vn -0.4974 0.0506 0.8660
vn -0.4898 0.1007 0.8660
vn -0.4771 0.1497 0.8660
vn -0.4595 0.1972 0.8660
vn -0.4372 0.2427 0.8660
vn -0.4104 0.2856 0.8660
vn -0.3794 0.3257 0.8660
vn -0.3445 0.3624 0.8660
vn -0.3061 0.3954 0.8660
vn -0.2645 0.4243 0.8660
vn -0.2202 0.4489 0.8660
vn -0.1737 0.4689 0.8660
vn -0.8483 -0.1743 0.5000
vn -0.8263 -0.2593 0.5000
vn -0.7958 -0.3415 0.5000
vn -0.7572 -0.4203 0.5000
vn -0.7108 -0.4947 0.5000
vn -0.6571 -0.5641 0.4999
vn -0.5967 -0.6277 0.5000
vn -0.6927 -0.1423 0.7071
vn -0.6747 -0.2117 0.7071
vn -0.6498 -0.2789 0.7071
vn -0.6182 -0.3432 0.7071
vn -0.5804 -0.4040 0.7071
vn -0.5366 -0.4606 0.7070
vn -0.4872 -0.5125 0.7071
vn -0.4328 -0.5592 0.7071
vn -0.4898 -0.1007 0.8660
vn -0.4771 -0.1497 0.8660
vn -0.4595 -0.1972 0.8660
vn -0.4372 -0.2427 0.8660
vn -0.4104 -0.2856 0.8660
vn -0.3794 -0.3257 0.8660
vn -0.3445 -0.3624 0.8660
vn -0.3061 -0.3954 0.8660
vn -0.2645 -0.4243 0.8660
vn 0.5967 -0.6277 0.5000
vn 0.6571 -0.5641 0.4999
vn 0.7108 -0.4947 0.5000
vn 0.7572 -0.4203 0.5000
vn 0.7958 -0.3415 0.5000
vn 0.8263 -0.2593 0.5000
vn 0.8483 -0.1743 0.4999
vn 0.8616 -0.0876 0.5000
vn 0.8661 -0.0000 0.4999
vn 0.8616 0.0876 0.5000
vn 0.8483 0.1743 0.5000
vn 0.5365 -0.4606 0.7071
vn 0.4104 -0.2856 0.8660
vn 0.5804 -0.4040 0.7071
vn 0.6182 -0.3432 0.7071
vn 0.6498 -0.2789 0.7071
vn 0.6747 -0.2117 0.7071
vn 0.6927 -0.1423 0.7071
vn 0.7035 -0.0715 0.7071
vn 0.7035 0.0715 0.7071
vn 0.6927 0.1423 0.7071
vn 0.6747 0.2117 0.7071
vn 0.4372 -0.2427 0.8660
vn 0.4595 -0.1972 0.8660
vn 0.4771 -0.1497 0.8660
vn 0.4898 -0.1007 0.8660
vn 0.4974 -0.0506 0.8660
vn 0.4974 0.0506 0.8660
vn 0.4898 0.1007 0.8660
vn 0.4771 0.1497 0.8660
vn 0.4595 0.1972 0.8660
vt 1.500000 -2.701770
vt -0.100000 -2.701770
vt 1.500000 -2.827433
vt -0.100000 -2.827433
vt 1.500000 2.827433
vt -0.100000 2.827433
vt 1.500000 2.701770
vt -0.100000 2.701770
vt 1.500000 2.576106
vt -0.100000 2.576106
vt 1.500000 2.450442
vt -0.100000 2.450442
vt 1.500000 2.324779
vt -0.100000 2.324779
vt 1.500000 2.199115
vt -0.100000 2.199115
vt 1.500000 2.073451
vt -0.100000 2.073451
vt 1.500000 1.947787
vt -0.100000 1.947787
vt 1.500000 1.822124
vt -0.100000 1.822124
vt 1.500000 1.696460
vt -0.100000 1.696460
vt 1.500000 1.570796
vt -0.100000 1.570796
vt 1.500000 1.445133
vt -0.100000 1.445133
vt 1.500000 1.319469
vt -0.100000 1.319469
vt 1.500000 1.193805
vt -0.100000 1.193805
vt 1.500000 1.068142
vt -0.100000 1.068142
vt 1.500000 0.942478
vt -0.100000 0.942478
vt 1.500000 0.816814
vt -0.100000 0.816814
vt 1.500000 0.691150
vt -0.100000 0.691150
vt 1.500000 0.565487
vt -0.100000 0.565487
vt 1.500000 0.439823
vt -0.100000 0.439823
vt 1.500000 0.314159
vt -0.100000 0.314159
vt 1.500000 0.188496
vt -0.100000 0.188496
vt 1.500000 0.062832
vt -0.100000 0.062832
vt 1.500000 -0.062832
vt -0.100000 -0.062832
vt 1.500000 -0.188496
vt -0.100000 -0.188496
vt 1.500000 -0.314159
vt -0.100000 -0.314159
vt 1.500000 -0.439823
vt -0.100000 -0.439823
vt 1.500000 -0.565487
vt -0.100000 -0.565487
vt 1.500000 -0.691150
vt -0.100000 -0.691150
vt 1.500000 -0.816814
vt -0.100000 -0.816814
vt 1.500000 -0.942478
vt -0.100000 -0.942478
vt 1.500000 -1.068142
vt -0.100000 -1.068142
vt 1.500000 -1.193805
vt -0.100000 -1.193805
vt 1.500000 -1.319469
vt -0.100000 -1.319469
vt 1.500000 -1.445133
vt -0.100000 -1.445133
vt 1.500000 -1.570796
vt -0.100000 -1.570796
vt 1.500000 -1.696460
vt -0.100000 -1.696460
vt 1.500000 -1.822124
vt -0.100000 -1.822124
vt 1.500000 -1.947787
vt -0.100000 -1.947787
vt 1.500000 -2.073451
vt -0.100000 -2.073451
vt 1.500000 -2.199115
vt -0.100000 -2.199115
vt 1.500000 -2.324779
vt -0.100000 -2.324779
vt 1.500000 -2.450442
vt -0.100000 -2.450442
vt 1.500000 -2.576106
vt -0.100000 -2.576106
vt -0.235619 4.868566
vt -0.196350 4.877418
vt -0.235619 5.045605
vt -0.196350 5.045605
vt -0.235619 -5.045605
vt -0.196350 -5.045605
vt -0.196350 -4.877418
vt -0.157080 -5.045605
vt -0.157080 -4.877418
vt -0.117810 -5.045605
vt -0.117810 -4.877418
vt -0.078540 -5.045605
vt -0.078540 -4.877418
vt -0.039270 -5.045605
vt -0.039270 -4.877418
vt 0.000000 -5.045605
vt 0.000000 -4.877418
vt -0.196350 4.709232
vt -0.235619 4.691528
vt -0.196350 4.541045
vt -0.235619 4.514489
vt -0.196350 4.372858
vt -0.235619 4.337450
vt -0.196350 4.204671
vt -0.235619 4.160411
vt -0.196350 4.036484
vt -0.235619 3.983373
vt -0.196350 3.868297
vt -0.235619 3.806334
vt -0.196350 3.700110
vt -0.235619 3.629295
vt -0.196350 3.531924
vt -0.235619 3.452256
vt -0.196350 3.363737
vt -0.235619 3.275217
vt -0.196350 3.195550
vt -0.235619 3.098179
vt -0.196350 3.027363
vt -0.235619 2.921140
vt -0.196350 2.859176
vt -0.235619 2.744101
vt -0.196350 2.690989
vt -0.235619 2.567062
vt -0.196350 2.522803
vt -0.235619 2.390024
vt -0.196350 2.354616
vt -0.235619 2.212985
vt -0.196350 2.186429
vt -0.235619 2.035946
vt -0.196350 2.018242
vt -0.235619 1.858907
vt -0.196350 1.850055
vt -0.235619 1.681868
vt -0.196350 1.681868
vt -0.196350 1.513682
vt -0.157080 1.513682
vt -0.157080 1.345495
vt -0.117810 1.345495
vt -0.117810 1.177308
vt -0.078540 1.177308
vt -0.078540 1.009121
vt -0.039270 1.009121
vt -0.039270 0.840934
vt 0.000000 0.840934
vt 0.000000 0.672747
vt -0.039270 0.672747
vt 0.000000 0.504561
vt -0.039270 0.504561
vt 0.000000 0.336374
vt -0.039270 0.336374
vt 0.000000 0.168187
vt -0.039270 0.168187
vt 0.000000 0.000000
vt -0.039270 0.000000
vt 0.000000 -0.168187
vt -0.039270 -0.168187
vt 0.000000 -0.336374
vt -0.039270 -0.336374
vt 0.000000 -0.504561
vt -0.039270 -0.504561
vt 0.000000 -0.672747
vt -0.039270 -0.672747
vt 0.000000 -0.840934
vt -0.039270 -0.840934
vt 0.000000 -1.009121
vt -0.039270 -1.009121
vt 0.000000 -1.177308
vt -0.039270 -1.177308
vt 0.000000 -1.345495
vt -0.039270 -1.345495
vt 0.000000 -1.513682
vt -0.039270 -1.513682
vt 0.000000 -1.681868
vt -0.039270 -1.681868
vt 0.000000 -1.850055
vt -0.039270 -1.850055
vt 0.000000 -2.018242
vt -0.039270 -2.018242
vt 0.000000 -2.186429
vt -0.039270 -2.186429
vt 0.000000 -2.354616
vt -0.039270 -2.354616
vt 0.000000 -2.522803
vt -0.039270 -2.522803
vt 0.000000 -2.690989
vt -0.039270 -2.690989
vt 0.000000 -2.859176
vt -0.039270 -2.859176
vt 0.000000 -3.027363
vt -0.039270 -3.027363
vt 0.000000 -3.195550
vt -0.039270 -3.195550
vt 0.000000 -3.363737
vt -0.039270 -3.363737
vt 0.000000 -3.531924
vt -0.039270 -3.531924
vt 0.000000 -3.700110
vt -0.039270 -3.700110
vt 0.000000 -3.868297
vt -0.039270 -3.868297
vt 0.000000 -4.036484
vt -0.039270 -4.036484
vt 0.000000 -4.204671
vt -0.039270 -4.204671
vt 0.000000 -4.372858
vt -0.039270 -4.372858
vt 0.000000 -4.541045
vt -0.039270 -4.541045
vt 0.000000 -4.709232
vt -0.039270 -4.709232
vt -0.235619 1.504830
vt -0.196350 1.345495
vt -0.157080 1.177308
vt -0.117810 1.009121
vt -0.078540 0.840934
vt -0.235619 1.327791
vt -0.196350 1.177308
vt -0.157080 1.009121
vt -0.117810 0.840934
vt -0.078540 0.672747
vt -0.235619 1.150752
vt -0.196350 1.009121
vt -0.157080 0.840934
vt -0.117810 0.672747
vt -0.078540 0.504561
vt -0.235619 0.973713
vt -0.196350 0.840934
vt -0.157080 0.672747
vt -0.117810 0.504561
vt -0.078540 0.336374
vt -0.235619 0.796675
vt -0.196350 0.672747
vt -0.157080 0.504561
vt -0.117810 0.336374
vt -0.078540 0.168187
vt -0.235619 0.619636
vt -0.196350 0.504561
vt -0.157080 0.336374
vt -0.117810 0.168187
vt -0.078540 0.000000
vt -0.235619 0.442597
vt -0.196350 0.336374
vt -0.157080 0.168187
vt -0.117810 0.000000
vt -0.078540 -0.168187
vt -0.235619 0.265558
vt -0.196350 0.168187
vt -0.157080 0.000000
vt -0.117810 -0.168187
vt -0.078540 -0.336374
vt -0.235619 0.088519
vt -0.196350 0.000000
vt -0.157080 -0.168187
vt -0.117810 -0.336374
vt -0.078540 -0.504561
vt -0.235619 -0.088519
vt -0.196350 -0.168187
vt -0.157080 -0.336374
vt -0.117810 -0.504561
vt -0.078540 -0.672747
vt -0.235619 -0.265558
vt -0.196350 -0.336374
vt -0.157080 -0.504561
vt -0.117810 -0.672747
vt -0.078540 -0.840934
vt -0.235619 -0.442597
vt -0.196350 -0.504561
vt -0.157080 -0.672747
vt -0.117810 -0.840934
vt -0.078540 -1.009121
vt -0.235619 -0.619636
vt -0.196350 -0.672747
vt -0.157080 -0.840934
vt -0.117810 -1.009121
vt -0.078540 -1.177308
vt -0.235619 -0.796675
vt -0.196350 -0.840934
vt -0.157080 -1.009121
vt -0.117810 -1.177308
vt -0.078540 -1.345495
vt -0.235619 -0.973713
vt -0.196350 -1.009121
vt -0.157080 -1.177308
vt -0.117810 -1.345495
vt -0.078540 -1.513682
vt -0.235619 -1.150752
vt -0.196350 -1.177308
vt -0.157080 -1.345495
vt -0.117810 -1.513682
vt -0.078540 -1.681868
vt -0.235619 -1.327791
vt -0.196350 -1.345495
vt -0.157080 -1.513682
vt -0.117810 -1.681868
vt -0.078540 -1.850055
vt -0.235619 -1.504830
vt -0.196350 -1.513682
vt -0.157080 -1.681868
vt -0.117810 -1.850055
vt -0.078540 -2.018242
vt -0.235619 -1.681868
vt -0.196350 -1.681868
vt -0.157080 -1.850055
vt -0.117810 -2.018242
vt -0.078540 -2.186429
vt -0.196350 -1.850055
vt -0.235619 -1.858907
vt -0.196350 -2.018242
vt -0.235619 -2.035946
vt -0.196350 -2.186429
vt -0.235619 -2.212985
vt -0.196350 -2.354616
vt -0.235619 -2.390024
vt -0.196350 -2.522803
vt -0.235619 -2.567062
vt -0.196350 -2.690989
vt -0.235619 -2.744101
vt -0.196350 -2.859176
vt -0.235619 -2.921140
vt -0.196350 -3.027363
vt -0.235619 -3.098179
vt -0.196350 -3.195550
vt -0.235619 -3.275217
vt -0.196350 -3.363737
vt -0.235619 -3.452256
vt -0.196350 -3.531924
vt -0.235619 -3.629295
vt -0.196350 -3.700110
vt -0.235619 -3.806334
vt -0.196350 -3.868297
vt -0.235619 -3.983373
vt -0.196350 -4.036484
vt -0.235619 -4.160411
vt -0.196350 -4.204671
vt -0.235619 -4.337450
vt -0.196350 -4.372858
vt -0.235619 -4.514489
vt -0.196350 -4.541045
vt -0.235619 -4.691528
vt -0.196350 -4.709232
vt -0.235619 -4.868566
vt 0.000000 1.009121
vt -0.039270 1.177308
vt -0.078540 1.345495
vt -0.117810 1.513682
vt -0.157080 1.681868
vt 0.000000 1.177308
vt -0.039270 1.345495
vt -0.078540 1.513682
vt -0.117810 1.681868
vt -0.157080 1.850055
vt 0.000000 1.345495
vt -0.039270 1.513682
vt -0.078540 1.681868
vt -0.117810 1.850055
vt -0.157080 2.018242
vt 0.000000 1.513682
vt -0.039270 1.681868
vt -0.078540 1.850055
vt -0.117810 2.018242
vt -0.157080 2.186429
vt 0.000000 1.681868
vt -0.039270 1.850055
vt -0.078540 2.018242
vt -0.117810 2.186429
vt -0.157080 2.354616
vt 0.000000 1.850055
vt -0.039270 2.018242
vt -0.078540 2.186429
vt -0.117810 2.354616
vt -0.157080 2.522803
vt 0.000000 2.018242
vt -0.039270 2.186429
vt -0.078540 2.354616
vt -0.117810 2.522803
vt -0.157080 2.690989
vt 0.000000 2.186429
vt -0.039270 2.354616
vt -0.078540 2.522803
vt -0.117810 2.690989
vt -0.157080 2.859176
vt 0.000000 2.354616
vt -0.039270 2.522803
vt -0.078540 2.690989
vt -0.117810 2.859176
vt -0.157080 3.027363
vt 0.000000 2.522803
vt -0.039270 2.690989
vt -0.078540 2.859176
vt -0.117810 3.027363
vt -0.157080 3.195550
vt 0.000000 2.690989
vt -0.039270 2.859176
vt -0.078540 3.027363
vt -0.117810 3.195550
vt -0.157080 3.363737
vt 0.000000 2.859176
vt -0.039270 3.027363
vt -0.078540 3.195550
vt -0.117810 3.363737
vt -0.157080 3.531924
vt 0.000000 3.027363
vt -0.039270 3.195550
vt -0.078540 3.363737
vt -0.117810 3.531924
vt -0.157080 3.700110
vt 0.000000 3.195550
vt -0.039270 3.363737
vt -0.078540 3.531924
vt -0.117810 3.700110
vt -0.157080 3.868297
vt 0.000000 3.363737
vt -0.039270 3.531924
vt -0.078540 3.700110
vt -0.117810 3.868297
vt -0.157080 4.036484
vt 0.000000 3.531924
vt -0.039270 3.700110
vt -0.078540 3.868297
vt -0.117810 4.036484
vt -0.157080 4.204671
vt 0.000000 3.700110
vt -0.039270 3.868297
vt -0.078540 4.036484
vt -0.117810 4.204671
vt -0.157080 4.372858
vt 0.000000 3.868297
vt -0.039270 4.036484
vt -0.078540 4.204671
vt -0.117810 4.372858
vt -0.157080 4.541045
vt 0.000000 4.036484
vt -0.039270 4.204671
vt -0.078540 4.372858
vt -0.117810 4.541045
vt -0.157080 4.709232
vt 0.000000 4.204671
vt -0.039270 4.372858
vt -0.078540 4.541045
vt -0.117810 4.709232
vt -0.157080 4.877418
vt 0.000000 4.372858
vt -0.039270 4.541045
vt -0.078540 4.709232
vt -0.117810 4.877418
vt -0.157080 5.045605
vt 0.000000 4.541045
vt -0.039270 4.709232
vt -0.078540 4.877418
vt -0.117810 5.045605
vt 0.000000 4.709232
vt -0.039270 4.877418
vt -0.078540 5.045605
vt 0.000000 4.877418
vt -0.039270 5.045605
vt 0.000000 5.045605
vt -0.157080 -2.018242
vt -0.117810 -2.186429
vt -0.078540 -2.354616
vt -0.157080 -2.186429
vt -0.117810 -2.354616
vt -0.078540 -2.522803
vt -0.157080 -2.354616
vt -0.117810 -2.522803
vt -0.078540 -2.690989
vt -0.157080 -2.522803
vt -0.117810 -2.690989
vt -0.078540 -2.859176
vt -0.157080 -2.690989
vt -0.117810 -2.859176
vt -0.078540 -3.027363
vt -0.157080 -2.859176
vt -0.117810 -3.027363
vt -0.078540 -3.195550
vt -0.157080 -3.027363
vt -0.117810 -3.195550
vt -0.078540 -3.363737
vt -0.157080 -3.195550
vt -0.117810 -3.363737
vt -0.078540 -3.531924
vt -0.157080 -3.363737
vt -0.117810 -3.531924
vt -0.078540 -3.700110
vt -0.157080 -3.531924
vt -0.117810 -3.700110
vt -0.078540 -3.868297
vt -0.157080 -3.700110
vt -0.117810 -3.868297
vt -0.078540 -4.036484
vt -0.157080 -3.868297
vt -0.117810 -4.036484
vt -0.078540 -4.204671
vt -0.157080 -4.036484
vt -0.117810 -4.204671
vt -0.078540 -4.372858
vt -0.157080 -4.204671
vt -0.117810 -4.372858
vt -0.078540 -4.541045
vt -0.157080 -4.372858
vt -0.117810 -4.541045
vt -0.078540 -4.709232
vt -0.157080 -4.541045
vt -0.117810 -4.709232
vt -0.157080 -4.709232
vt 11.750000 -5.010840
vt 7.916667 -5.010840
vt 11.750000 -5.183628
vt 7.916667 -5.183628
vt 11.750000 5.183628
vt 7.916667 5.183628
vt 11.750000 5.010840
vt 7.916667 5.010840
vt 11.750000 4.838053
vt 7.916667 4.838053
vt 11.750000 4.665265
vt 7.916667 4.665265
vt 11.750000 4.492477
vt 7.916667 4.492477
vt 11.750000 4.319690
vt 7.916667 4.319690
vt 11.750000 4.146902
vt 7.916667 4.146902
vt 11.750000 3.974115
vt 7.916667 3.974115
vt 11.750000 3.801327
vt 7.916667 3.801327
vt 11.750000 3.628540
vt 7.916667 3.628540
vt 11.750000 3.455752
vt 7.916667 3.455752
vt 11.750000 3.282964
vt 7.916667 3.282964
vt 11.750000 3.110177
vt 7.916667 3.110177
vt 11.750000 2.937389
vt 7.916667 2.937389
vt 11.750000 2.764602
vt 7.916667 2.764602
vt 11.750000 2.591814
vt 7.916667 2.591814
vt 11.750000 2.419026
vt 7.916667 2.419026
vt 11.750000 2.246239
vt 7.916667 2.246239
vt 11.750000 2.073451
vt 7.916667 2.073451
vt 11.750000 1.900664
vt 7.916667 1.900664
vt 11.750000 1.727876
vt 7.916667 1.727876
vt 11.750000 1.555088
vt 7.916667 1.555088
vt 11.750000 1.382301
vt 7.916667 1.382301
vt 11.750000 1.209513
vt 7.916667 1.209513
vt 11.750000 1.036726
vt 7.916667 1.036726
vt 11.750000 0.863938
vt 7.916667 0.863938
vt 11.750000 0.691150
vt 7.916667 0.691150
vt 11.750000 0.518363
vt 7.916667 0.518363
vt 11.750000 0.345575
vt 7.916667 0.345575
vt 11.750000 0.172788
vt 7.916667 0.172788
vt 11.750000 0.000000
vt 7.916667 0.000000
vt 11.750000 -0.172788
vt 7.916667 -0.172788
vt 11.750000 -0.345575
vt 7.916667 -0.345575
vt 11.750000 -0.518363
vt 7.916667 -0.518363
vt 11.750000 -0.691150
vt 7.916667 -0.691150
vt 11.750000 -0.863938
vt 7.916667 -0.863938
vt 11.750000 -1.036726
vt 7.916667 -1.036726
vt 11.750000 -1.209513
vt 7.916667 -1.209513
vt 11.750000 -1.382301
vt 7.916667 -1.382301
vt 11.750000 -1.555088
vt 7.916667 -1.555088
vt 11.750000 -1.727876
vt 7.916667 -1.727876
vt 11.750000 -1.900664
vt 7.916667 -1.900664
vt 11.750000 -2.073451
vt 7.916667 -2.073451
vt 11.750000 -2.246239
vt 7.916667 -2.246239
vt 11.750000 -2.419026
vt 7.916667 -2.419026
vt 11.750000 -2.591814
vt 7.916667 -2.591814
vt 11.750000 -2.764602
vt 7.916667 -2.764602
vt 11.750000 -2.937389
vt 7.916667 -2.937389
vt 11.750000 -3.110177
vt 7.916667 -3.110177
vt 11.750000 -3.282964
vt 7.916667 -3.282964
vt 11.750000 -3.455752
vt 7.916667 -3.455752
vt 11.750000 -3.628540
vt 7.916667 -3.628540
vt 11.750000 -3.801327
vt 7.916667 -3.801327
vt 11.750000 -3.974115
vt 7.916667 -3.974115
vt 11.750000 -4.146902
vt 7.916667 -4.146902
vt 11.750000 -4.319690
vt 7.916667 -4.319690
vt 11.750000 -4.492477
vt 7.916667 -4.492477
vt 11.750000 -4.665265
vt 7.916667 -4.665265
vt 11.750000 -4.838053
vt 7.916667 -4.838053
vt 0.250000 5.010840
vt 4.083333 5.010840
vt 0.250000 5.183628
vt 4.083333 5.183628
vt 0.250000 -5.183628
vt 4.083333 -5.183628
vt 0.250000 -5.010840
vt 4.083333 -5.010840
vt 0.250000 -4.838053
vt 4.083333 -4.838053
vt 0.250000 -4.665265
vt 4.083333 -4.665265
vt 0.250000 -4.492477
vt 4.083333 -4.492477
vt 0.250000 -4.319690
vt 4.083333 -4.319690
vt 0.250000 -4.146902
vt 4.083333 -4.146902
vt 0.250000 -3.974115
vt 4.083333 -3.974115
vt 0.250000 -3.801327
vt 4.083333 -3.801327
vt 0.250000 -3.628540
vt 4.083333 -3.628540
vt 0.250000 -3.455752
vt 4.083333 -3.455752
vt 0.250000 -3.282964
vt 4.083333 -3.282964
vt 0.250000 -3.110177
vt 4.083333 -3.110177
vt 0.250000 -2.937389
vt 4.083333 -2.937389
vt 0.250000 -2.764602
vt 4.083333 -2.764602
vt 0.250000 -2.591814
vt 4.083333 -2.591814
vt 0.250000 -2.419026
vt 4.083333 -2.419026
vt 0.250000 -2.246239
vt 4.083333 -2.246239
vt 0.250000 -2.073451
vt 4.083333 -2.073451
vt 0.250000 -1.900664
vt 4.083333 -1.900664
vt 0.250000 -1.727876
vt 4.083333 -1.727876
vt 0.250000 -1.555088
vt 4.083333 -1.555088
vt 0.250000 -1.382301
vt 4.083333 -1.382301
vt 0.250000 -1.209513
vt 4.083333 -1.209513
vt 0.250000 -1.036726
vt 4.083333 -1.036726
vt 0.250000 -0.863938
vt 4.083333 -0.863938
vt 0.250000 -0.691150
vt 4.083333 -0.691150
vt 0.250000 -0.518363
vt 4.083333 -0.518363
vt 0.250000 -0.345575
vt 4.083333 -0.345575
vt 0.250000 -0.172788
vt 4.083333 -0.172788
vt 0.250000 0.000000
vt 4.083333 0.000000
vt 0.250000 0.172788
vt 4.083333 0.172788
vt 0.250000 0.345575
vt 4.083333 0.345575
vt 0.250000 0.518363
vt 4.083333 0.518363
vt 0.250000 0.691150
vt 4.083333 0.691150
vt 0.250000 0.863938
vt 4.083333 0.863938
vt 0.250000 1.036726
vt 4.083333 1.036726
vt 0.250000 1.209513
vt 4.083333 1.209513
vt 0.250000 1.382301
vt 4.083333 1.382301
vt 0.250000 1.555088
vt 4.083333 1.555088
vt 0.250000 1.727876
vt 4.083333 1.727876
vt 0.250000 1.900664
vt 4.083333 1.900664
vt 0.250000 2.073451
vt 4.083333 2.073451
vt 0.250000 2.246239
vt 4.083333 2.246239
vt 0.250000 2.419026
vt 4.083333 2.419026
vt 0.250000 2.591814
vt 4.083333 2.591814
vt 0.250000 2.764602
vt 4.083333 2.764602
vt 0.250000 2.937389
vt 4.083333 2.937389
vt 0.250000 3.110177
vt 4.083333 3.110177
vt 0.250000 3.282964
vt 4.083333 3.282964
vt 0.250000 3.455752
vt 4.083333 3.455752
vt 0.250000 3.628540
vt 4.083333 3.628540
vt 0.250000 3.801327
vt 4.083333 3.801327
vt 0.250000 3.974115
vt 4.083333 3.974115
vt 0.250000 4.146902
vt 4.083333 4.146902
vt 0.250000 4.319690
vt 4.083333 4.319690
vt 0.250000 4.492477
vt 4.083333 4.492477
vt 0.250000 4.665265
vt 4.083333 4.665265
vt 0.250000 4.838053
vt 4.083333 4.838053
vt -1.490896 0.165012
vt -1.500000 -0.000000
vt 1.479542 -0.246892
vt -1.490896 -0.165012
vt -1.463695 -0.328022
vt 1.443402 -0.408155
vt -1.418726 -0.487049
vt 1.389741 -0.564464
vt -1.356536 -0.640165
vt 1.319211 -0.713921
vt -1.277879 -0.785509
vt 1.232667 -0.854712
vt -1.183711 -0.921319
vt 1.131160 -0.985128
vt -1.075174 -1.045945
vt 1.015922 -1.103586
vt -0.953586 -1.157875
vt 0.888353 -1.208648
vt -0.820422 -1.255750
vt 0.750000 -1.299038
vt -0.677300 -1.338381
vt 0.602543 -1.373660
vt -0.525956 -1.404767
vt 0.447772 -1.431608
vt -0.368228 -1.454100
vt 0.287566 -1.472177
vt -0.206030 -1.485783
vt 0.123869 -1.494877
vt -0.041332 -1.499430
vt 1.497722 -0.082632
vt 1.479542 0.246892
vt 1.443402 0.408155
vt 1.389741 0.564464
vt 1.497722 0.082632
vt 1.319211 0.713921
vt 1.232667 0.854712
vt 1.131160 0.985128
vt 1.015922 1.103586
vt 0.888353 1.208648
vt 0.750000 1.299038
vt 0.602543 1.373660
vt 0.447772 1.431608
vt 0.287566 1.472177
vt 0.123869 1.494877
vt -0.041332 1.499430
vt -0.206030 1.485783
vt -0.368228 1.454100
vt -0.525956 1.404767
vt -0.677300 1.338381
vt -0.820422 1.255750
vt -0.953586 1.157875
vt -1.075174 1.045945
vt -1.183711 0.921319
vt -1.277879 0.785509
vt -1.356536 0.640165
vt -1.418726 0.487049
vt -1.463695 0.328022
vt 0.039270 4.877418
vt 0.039270 5.045605
vt 0.039270 -5.045605
vt 0.039270 -4.877418
vt 0.039270 -4.709232
vt 0.039270 -4.541045
vt 0.039270 -4.372858
vt 0.039270 -4.204671
vt 0.039270 -4.036484
vt 0.039270 -3.868297
vt 0.039270 -3.700110
vt 0.039270 -3.531924
vt 0.039270 -3.363737
vt 0.039270 -3.195550
vt 0.039270 -3.027363
vt 0.039270 -2.859176
vt 0.039270 -2.690989
vt 0.039270 -2.522803
vt 0.039270 -2.354616
vt 0.039270 -2.186429
vt 0.039270 -2.018242
vt 0.039270 -1.850055
vt 0.039270 -1.681868
vt 0.039270 -1.513682
vt 0.039270 -1.345495
vt 0.039270 -1.177308
vt 0.039270 -1.009121
vt 0.039270 -0.840934
vt 0.039270 -0.672747
vt 0.039270 -0.504561
vt 0.039270 -0.336374
vt 0.039270 -0.168187
vt 0.039270 0.000000
vt 0.039270 0.168187
vt 0.039270 0.336374
vt 0.039270 0.504561
vt 0.039270 0.672747
vt 0.039270 0.840934
vt 0.039270 1.009121
vt 0.039270 1.177308
vt 0.039270 1.345495
vt 0.039270 1.513682
vt 0.039270 1.681868
vt 0.039270 1.850055
vt 0.039270 2.018242
vt 0.039270 2.186429
vt 0.039270 2.354616
vt 0.039270 2.522803
vt 0.039270 2.690989
vt 0.039270 2.859176
vt 0.039270 3.027363
vt 0.039270 3.195550
vt 0.039270 3.363737
vt 0.039270 3.531924
vt 0.039270 3.700110
vt 0.039270 3.868297
vt 0.039270 4.036484
vt 0.039270 4.204671
vt 0.039270 4.372858
vt 0.039270 4.541045
vt 0.039270 4.709232
vt 0.235619 -4.868566
vt 0.196350 -4.877418
vt 0.235619 -5.045605
vt 0.196350 -5.045605
vt 0.235619 5.045605
vt 0.196350 5.045605
vt 0.196350 4.877418
vt 0.157080 5.045605
vt 0.157080 4.877418
vt 0.117810 5.045605
vt 0.117810 4.877418
vt 0.078540 5.045605
vt 0.078540 4.877418
vt 0.196350 -4.709232
vt 0.235619 -4.691528
vt 0.196350 -4.541045
vt 0.235619 -4.514489
vt 0.196350 -4.372858
vt 0.235619 -4.337450
vt 0.196350 -4.204671
vt 0.235619 -4.160411
vt 0.196350 -4.036484
vt 0.235619 -3.983373
vt 0.196350 -3.868297
vt 0.235619 -3.806334
vt 0.196350 -3.700110
vt 0.235619 -3.629295
vt 0.196350 -3.531924
vt 0.235619 -3.452256
vt 0.196350 -3.363737
vt 0.235619 -3.275217
vt 0.196350 -3.195550
vt 0.235619 -3.098179
vt 0.196350 -3.027363
vt 0.235619 -2.921140
vt 0.196350 -2.859176
vt 0.235619 -2.744101
vt 0.196350 -2.690989
vt 0.235619 -2.567062
vt 0.196350 -2.522803
vt 0.235619 -2.390024
vt 0.196350 -2.354616
vt 0.235619 -2.212985
vt 0.196350 -2.186429
vt 0.235619 -2.035946
vt 0.196350 -2.018242
vt 0.235619 -1.858907
vt 0.196350 -1.850055
vt 0.235619 -1.681868
vt 0.196350 -1.681868
vt 0.196350 -1.513682
vt 0.157080 -1.513682
vt 0.157080 -1.345495
vt 0.117810 -1.345495
vt 0.117810 -1.177308
vt 0.078540 -1.177308
vt 0.078540 -1.009121
vt 0.235619 -1.504830
vt 0.196350 -1.345495
vt 0.157080 -1.177308
vt 0.117810 -1.009121
vt 0.078540 -0.840934
vt 0.235619 -1.327791
vt 0.196350 -1.177308
vt 0.157080 -1.009121
vt 0.117810 -0.840934
vt 0.078540 -0.672747
vt 0.235619 -1.150752
vt 0.196350 -1.009121
vt 0.157080 -0.840934
vt 0.117810 -0.672747
vt 0.078540 -0.504561
vt 0.235619 -0.973713
vt 0.196350 -0.840934
vt 0.157080 -0.672747
vt 0.117810 -0.504561
vt 0.078540 -0.336374
vt 0.235619 -0.796675
vt 0.196350 -0.672747
vt 0.157080 -0.504561
vt 0.117810 -0.336374
vt 0.078540 -0.168187
vt 0.235619 -0.619636
vt 0.196350 -0.504561
vt 0.157080 -0.336374
vt 0.117810 -0.168187
vt 0.078540 0.000000
vt 0.235619 -0.442597
vt 0.196350 -0.336374
vt 0.157080 -0.168187
vt 0.117810 0.000000
vt 0.078540 0.168187
vt 0.235619 -0.265558
vt 0.196350 -0.168187
vt 0.157080 0.000000
vt 0.117810 0.168187
vt 0.078540 0.336374
vt 0.235619 -0.088519
vt 0.196350 0.000000
vt 0.157080 0.168187
vt 0.117810 0.336374
vt 0.078540 0.504561
vt 0.235619 0.088519
vt 0.196350 0.168187
vt 0.157080 0.336374
vt 0.117810 0.504561
vt 0.078540 0.672747
vt 0.235619 0.265558
vt 0.196350 0.336374
vt 0.157080 0.504561
vt 0.117810 0.672747
vt 0.078540 0.840934
vt 0.235619 0.442597
vt 0.196350 0.504561
vt 0.157080 0.672747
vt 0.117810 0.840934
vt 0.078540 1.009121
vt 0.235619 0.619636
vt 0.196350 0.672747
vt 0.157080 0.840934
vt 0.117810 1.009121
vt 0.078540 1.177308
vt 0.235619 0.796675
vt 0.196350 0.840934
vt 0.157080 1.009121
vt 0.117810 1.177308
vt 0.078540 1.345495
vt 0.235619 0.973713
vt 0.196350 1.009121
vt 0.157080 1.177308
vt 0.117810 1.345495
vt 0.078540 1.513682
vt 0.235619 1.150752
vt 0.196350 1.177308
vt 0.157080 1.345495
vt 0.117810 1.513682
vt 0.078540 1.681868
vt 0.235619 1.327791
vt 0.196350 1.345495
vt 0.157080 1.513682
vt 0.117810 1.681868
vt 0.078540 1.850055
vt 0.235619 1.504830
vt 0.196350 1.513682
vt 0.157080 1.681868
vt 0.117810 1.850055
vt 0.078540 2.018242
vt 0.235619 1.681868
vt 0.196350 1.681868
vt 0.157080 1.850055
vt 0.117810 2.018242
vt 0.078540 2.186429
vt 0.196350 1.850055
vt 0.235619 1.858907
vt 0.196350 2.018242
vt 0.235619 2.035946
vt 0.196350 2.186429
vt 0.235619 2.212985
vt 0.196350 2.354616
vt 0.235619 2.390024
vt 0.196350 2.522803
vt 0.235619 2.567062
vt 0.196350 2.690989
vt 0.235619 2.744101
vt 0.196350 2.859176
vt 0.235619 2.921140
vt 0.196350 3.027363
vt 0.235619 3.098179
vt 0.196350 3.195550
vt 0.235619 3.275217
vt 0.196350 3.363737
vt 0.235619 3.452256
vt 0.196350 3.531924
vt 0.235619 3.629295
vt 0.196350 3.700110
vt 0.235619 3.806334
vt 0.196350 3.868297
vt 0.235619 3.983373
vt 0.196350 4.036484
vt 0.235619 4.160411
vt 0.196350 4.204671
vt 0.235619 4.337450
vt 0.196350 4.372858
vt 0.235619 4.514489
vt 0.196350 4.541045
vt 0.235619 4.691528
vt 0.196350 4.709232
vt 0.235619 4.868566
vt 0.078540 -5.045605
vt 0.078540 -4.877418
vt 0.078540 -4.709232
vt 0.078540 -4.541045
vt 0.078540 -4.372858
vt 0.078540 -4.204671
vt 0.078540 -4.036484
vt 0.078540 -3.868297
vt 0.078540 -3.700110
vt 0.078540 -3.531924
vt 0.078540 -3.363737
vt 0.078540 -3.195550
vt 0.078540 -3.027363
vt 0.078540 -2.859176
vt 0.078540 -2.690989
vt 0.078540 -2.522803
vt 0.078540 -2.354616
vt 0.078540 -2.186429
vt 0.078540 -2.018242
vt 0.078540 -1.850055
vt 0.078540 -1.681868
vt 0.078540 -1.513682
vt 0.078540 -1.345495
vt 0.117810 -5.045605
vt 0.117810 -4.877418
vt 0.117810 -4.709232
vt 0.117810 -4.541045
vt 0.117810 -4.372858
vt 0.117810 -4.204671
vt 0.117810 -4.036484
vt 0.117810 -3.868297
vt 0.117810 -3.700110
vt 0.117810 -3.531924
vt 0.117810 -3.363737
vt 0.117810 -3.195550
vt 0.117810 -3.027363
vt 0.117810 -2.859176
vt 0.117810 -2.690989
vt 0.117810 -2.522803
vt 0.117810 -2.354616
vt 0.117810 -2.186429
vt 0.117810 -2.018242
vt 0.117810 -1.850055
vt 0.117810 -1.681868
vt 0.117810 -1.513682
vt 0.157080 -5.045605
vt 0.157080 -4.877418
vt 0.157080 -4.709232
vt 0.157080 -4.541045
vt 0.157080 -4.372858
vt 0.157080 -4.204671
vt 0.157080 -4.036484
vt 0.157080 -3.868297
vt 0.157080 -3.700110
vt 0.157080 -3.531924
vt 0.157080 -3.363737
vt 0.157080 -3.195550
vt 0.157080 -3.027363
vt 0.157080 -2.859176
vt 0.157080 -2.690989
vt 0.157080 -2.522803
vt 0.157080 -2.354616
vt 0.157080 -2.186429
vt 0.157080 -2.018242
vt 0.157080 -1.850055
vt 0.157080 -1.681868
vt 0.078540 4.709232
vt 0.078540 4.541045
vt 0.078540 4.372858
vt 0.078540 4.204671
vt 0.078540 4.036484
vt 0.078540 3.868297
vt 0.078540 3.700110
vt 0.078540 3.531924
vt 0.078540 3.363737
vt 0.078540 3.195550
vt 0.078540 3.027363
vt 0.078540 2.859176
vt 0.078540 2.690989
vt 0.078540 2.522803
vt 0.078540 2.354616
vt 0.117810 4.709232
vt 0.117810 4.541045
vt 0.117810 4.372858
vt 0.117810 4.204671
vt 0.117810 4.036484
vt 0.117810 3.868297
vt 0.117810 3.700110
vt 0.117810 3.531924
vt 0.117810 3.363737
vt 0.117810 3.195550
vt 0.117810 3.027363
vt 0.117810 2.859176
vt 0.117810 2.690989
vt 0.117810 2.522803
vt 0.117810 2.354616
vt 0.117810 2.186429
vt 0.157080 4.709232
vt 0.157080 4.541045
vt 0.157080 4.372858
vt 0.157080 4.204671
vt 0.157080 4.036484
vt 0.157080 3.868297
vt 0.157080 3.700110
vt 0.157080 3.531924
vt 0.157080 3.363737
vt 0.157080 3.195550
vt 0.157080 3.027363
vt 0.157080 2.859176
vt 0.157080 2.690989
vt 0.157080 2.522803
vt 0.157080 2.354616
vt 0.157080 2.186429
vt 0.157080 2.018242
vt -0.891241 0.125256
vt -1.497722 0.082632
vt -0.900000 -0.000000
vt -1.497722 -0.082632
vt -0.891241 -0.125256
vt -1.479542 -0.246892
vt -0.865136 -0.248074
vt -1.443402 -0.408155
vt -1.389741 -0.564464
vt -1.479542 0.246892
vt -0.865136 0.248074
vt -1.443402 0.408155
vt -1.389741 0.564464
vt -0.822191 0.366063
vt -1.319211 0.713921
vt -0.763243 0.476927
vt -1.232667 0.854712
vt -0.689440 0.578509
vt -1.131160 0.985128
vt -0.602218 0.668830
vt -1.015922 1.103586
vt -0.888353 1.208648
vt -0.503274 0.746134
vt -0.750000 1.299038
vt -0.394534 0.808915
vt -0.602543 1.373660
vt -0.278115 0.855951
vt -0.447772 1.431608
vt -0.287566 1.472177
vt -0.156283 0.886327
vt -0.123869 1.494877
vt -0.031410 0.899452
vt 0.041332 1.499430
vt 0.094076 0.895070
vt 0.206030 1.485783
vt 0.217730 0.873266
vt 0.368228 1.454100
vt 0.525956 1.404767
vt 0.337146 0.834465
vt 0.677300 1.338381
vt 0.450000 0.779423
vt 0.820422 1.255750
vt 0.554095 0.709210
vt 0.953586 1.157875
vt 0.647406 0.625193
vt 1.075174 1.045945
vt 1.183711 0.921319
vt 0.728115 0.529007
vt 1.277879 0.785509
vt 0.794653 0.422524
vt 1.356536 0.640165
vt 0.845723 0.307818
vt 1.418726 0.487049
vt 0.880333 0.187121
vt 1.463695 0.328022
vt 1.490896 0.165012
vt 0.897808 0.062781
vt 1.500000 0.000000
vt 0.897808 -0.062781
vt 1.490896 -0.165012
vt 0.880333 -0.187121
vt 1.463695 -0.328022
vt 1.418726 -0.487049
vt 0.845723 -0.307818
vt 1.356536 -0.640165
vt 0.794653 -0.422524
vt 1.277879 -0.785509
vt 0.728115 -0.529007
vt 1.183711 -0.921319
vt 0.647406 -0.625193
vt 1.075174 -1.045945
vt 0.953586 -1.157875
vt 0.554095 -0.709210
vt 0.820422 -1.255750
vt 0.450000 -0.779423
vt 0.677300 -1.338381
vt 0.337146 -0.834465
vt 0.525956 -1.404767
vt 0.217730 -0.873266
vt 0.368228 -1.454100
vt 0.206030 -1.485783
vt 0.094076 -0.895070
vt 0.041332 -1.499430
vt -0.031410 -0.899452
vt -0.123869 -1.494877
vt -0.156283 -0.886327
vt -0.287566 -1.472177
vt -0.278115 -0.855951
vt -0.447772 -1.431608
vt -0.602543 -1.373660
vt -0.394534 -0.808915
vt -0.750000 -1.299038
vt -0.503274 -0.746134
vt -0.888353 -1.208648
vt -0.602218 -0.668830
vt -1.015922 -1.103586
vt -1.131160 -0.985128
vt -0.689440 -0.578509
vt -1.232667 -0.854712
vt -0.763243 -0.476927
vt -1.319211 -0.713921
vt -0.822191 -0.366063
vt -0.000000 0.129769
vt -0.026180 0.064885
vt -0.026180 -0.064885
vt -0.000000 -0.129769
vt -0.026180 -0.194654
vt -0.000000 -0.259539
vt -0.026180 -0.324423
vt -0.000000 -0.389308
vt -0.026180 -0.454192
vt -0.000000 -0.519077
vt -0.026180 -0.583962
vt -0.000000 -0.648846
vt -0.026180 -0.713731
vt -0.000000 -0.778616
vt -0.026180 -0.843500
vt -0.000000 -0.908385
vt -0.026180 -0.973269
vt -0.000000 -1.038154
vt -0.026180 -1.103039
vt -0.000000 -1.167923
vt -0.026180 -1.232808
vt -0.000000 -1.297693
vt -0.026180 -1.362577
vt -0.000000 -1.427462
vt -0.026180 -1.492346
vt -0.000000 -1.557231
vt -0.026180 -1.622116
vt -0.000000 -1.687000
vt -0.026180 -1.751885
vt -0.000000 -1.816770
vt -0.026180 -1.881654
vt -0.000000 -1.946539
vt -0.026180 -2.011423
vt -0.000000 -2.076308
vt -0.026180 -2.141193
vt -0.000000 -2.206077
vt -0.026180 -2.270962
vt -0.000000 -2.335847
vt -0.026180 -2.400731
vt -0.000000 -2.465616
vt -0.026180 -2.530501
vt -0.000000 -2.595385
vt -0.026180 -2.660270
vt -0.000000 -2.725154
vt -0.026180 -2.790039
vt -0.000000 -2.854924
vt -0.026180 -2.919808
vt -0.000000 -2.984693
vt -0.026180 -3.049578
vt 0.000000 -3.114462
vt -0.000000 2.984693
vt -0.026180 3.049578
vt -0.026180 2.919808
vt -0.000000 2.854924
vt -0.026180 2.790039
vt -0.000000 2.725154
vt -0.026180 2.660270
vt -0.000000 2.595385
vt -0.026180 2.530501
vt -0.000000 2.465616
vt -0.026180 2.400731
vt -0.000000 2.335847
vt -0.026180 2.270962
vt -0.000000 2.206077
vt -0.026180 2.141193
vt -0.000000 2.076308
vt -0.026180 2.011423
vt -0.000000 1.946539
vt -0.026180 1.881654
vt -0.000000 1.816770
vt -0.026180 1.751885
vt -0.000000 1.687000
vt -0.026180 1.622116
vt -0.000000 1.557231
vt -0.026180 1.492346
vt -0.000000 1.427462
vt -0.026180 1.362577
vt -0.000000 1.297693
vt -0.026180 1.232808
vt -0.000000 1.167923
vt -0.026180 1.103039
vt -0.000000 1.038154
vt -0.026180 0.973269
vt -0.000000 0.908385
vt -0.026180 0.843500
vt -0.000000 0.778616
vt -0.026180 0.713731
vt -0.000000 0.648846
vt -0.026180 0.583962
vt -0.000000 0.519077
vt -0.026180 0.454192
vt -0.000000 0.389308
vt -0.026180 0.324423
vt -0.000000 0.259539
vt -0.026180 0.194654
vt -0.157080 -0.135537
vt -0.130900 -0.064885
vt -0.130900 0.064885
vt -0.157080 0.135537
vt -0.130900 0.194654
vt -0.157080 0.271074
vt -0.130900 0.324423
vt -0.157080 0.406610
vt -0.130900 0.454192
vt -0.157080 0.542147
vt -0.130900 0.583962
vt -0.157080 0.677684
vt -0.130900 0.713731
vt -0.157080 0.813221
vt -0.130900 0.843500
vt -0.157080 0.948757
vt -0.130900 0.973269
vt -0.157080 1.084294
vt -0.130900 1.103039
vt -0.157080 1.219831
vt -0.130900 1.232808
vt -0.157080 1.355368
vt -0.130900 1.362577
vt -0.157080 1.490905
vt -0.130900 1.492346
vt -0.130900 1.622116
vt -0.104720 1.492346
vt -0.104720 1.622116
vt -0.078540 1.492346
vt -0.078540 1.622116
vt -0.052360 1.492346
vt -0.052360 1.622116
vt -0.130900 -0.194654
vt -0.157080 -0.271074
vt -0.130900 -0.324423
vt -0.157080 -0.406610
vt -0.130900 -0.454192
vt -0.157080 -0.542147
vt -0.130900 -0.583962
vt -0.157080 -0.677684
vt -0.130900 -0.713731
vt -0.157080 -0.813221
vt -0.130900 -0.843500
vt -0.157080 -0.948757
vt -0.130900 -0.973269
vt -0.157080 -1.084294
vt -0.130900 -1.103039
vt -0.157080 -1.219831
vt -0.130900 -1.232808
vt -0.157080 -1.355368
vt -0.130900 -1.362577
vt -0.157080 -1.490905
vt -0.130900 -1.492346
vt -0.130900 -1.622116
vt -0.104720 -1.622116
vt -0.104720 -1.751885
vt -0.078540 -1.751885
vt -0.078540 -1.881654
vt -0.052360 -1.881654
vt -0.052360 -2.011423
vt -0.157080 -1.626441
vt -0.130900 -1.751885
vt -0.104720 -1.881654
vt -0.078540 -2.011423
vt -0.052360 -2.141193
vt -0.157080 -1.761978
vt -0.130900 -1.881654
vt -0.104720 -2.011423
vt -0.078540 -2.141193
vt -0.052360 -2.270962
vt -0.157080 -1.897515
vt -0.130900 -2.011423
vt -0.104720 -2.141193
vt -0.078540 -2.270962
vt -0.052360 -2.400731
vt -0.157080 -2.033052
vt -0.130900 -2.141193
vt -0.104720 -2.270962
vt -0.078540 -2.400731
vt -0.052360 -2.530501
vt -0.157080 -2.168588
vt -0.130900 -2.270962
vt -0.104720 -2.400731
vt -0.078540 -2.530501
vt -0.052360 -2.660270
vt -0.157080 -2.304125
vt -0.130900 -2.400731
vt -0.104720 -2.530501
vt -0.078540 -2.660270
vt -0.052360 -2.790039
vt -0.157080 -2.439662
vt -0.130900 -2.530501
vt -0.104720 -2.660270
vt -0.078540 -2.790039
vt -0.052360 -2.919808
vt -0.157080 -2.575199
vt -0.130900 -2.660270
vt -0.104720 -2.790039
vt -0.078540 -2.919808
vt -0.052360 -3.049578
vt -0.052360 3.049578
vt -0.157080 -2.710736
vt -0.130900 -2.790039
vt -0.104720 -2.919808
vt -0.078540 -3.049578
vt -0.078540 3.049578
vt -0.052360 2.919808
vt -0.157080 -2.846272
vt -0.130900 -2.919808
vt -0.104720 -3.049578
vt -0.104720 3.049578
vt -0.078540 2.919808
vt -0.052360 2.790039
vt -0.157080 -2.981809
vt -0.130900 -3.049578
vt -0.130900 3.049578
vt -0.104720 2.919808
vt -0.078540 2.790039
vt -0.052360 2.660270
vt -0.157080 3.117346
vt -0.157080 2.981809
vt -0.130900 2.919808
vt -0.104720 2.790039
vt -0.078540 2.660270
vt -0.052360 2.530501
vt -0.157080 2.846272
vt -0.130900 2.790039
vt -0.104720 2.660270
vt -0.078540 2.530501
vt -0.052360 2.400731
vt -0.157080 2.710736
vt -0.130900 2.660270
vt -0.104720 2.530501
vt -0.078540 2.400731
vt -0.052360 2.270962
vt -0.157080 2.575199
vt -0.130900 2.530501
vt -0.104720 2.400731
vt -0.078540 2.270962
vt -0.052360 2.141193
vt -0.157080 2.439662
vt -0.130900 2.400731
vt -0.104720 2.270962
vt -0.078540 2.141193
vt -0.052360 2.011423
vt -0.157080 2.304125
vt -0.130900 2.270962
vt -0.104720 2.141193
vt -0.078540 2.011423
vt -0.052360 1.881654
vt -0.157080 2.168588
vt -0.130900 2.141193
vt -0.104720 2.011423
vt -0.078540 1.881654
vt -0.052360 1.751885
vt -0.157080 2.033052
vt -0.130900 2.011423
vt -0.104720 1.881654
vt -0.078540 1.751885
vt -0.157080 1.897515
vt -0.130900 1.881654
vt -0.104720 1.751885
vt -0.157080 1.761978
vt -0.130900 1.751885
vt -0.157080 1.626441
vt -0.052360 0.064885
vt -0.052360 -0.064885
vt -0.052360 -0.194654
vt -0.052360 -0.324423
vt -0.052360 -0.454192
vt -0.052360 -0.583962
vt -0.052360 -0.713731
vt -0.052360 -0.843500
vt -0.052360 -0.973269
vt -0.052360 -1.103039
vt -0.052360 -1.232808
vt -0.052360 -1.362577
vt -0.052360 -1.492346
vt -0.052360 -1.622116
vt -0.052360 -1.751885
vt -0.078540 0.064885
vt -0.078540 -0.064885
vt -0.078540 -0.194654
vt -0.078540 -0.324423
vt -0.078540 -0.454192
vt -0.078540 -0.583962
vt -0.078540 -0.713731
vt -0.078540 -0.843500
vt -0.078540 -0.973269
vt -0.078540 -1.103039
vt -0.078540 -1.232808
vt -0.078540 -1.362577
vt -0.078540 -1.492346
vt -0.078540 -1.622116
vt -0.052360 0.194654
vt -0.052360 0.324423
vt -0.052360 0.454192
vt -0.052360 0.583962
vt -0.052360 0.713731
vt -0.052360 0.843500
vt -0.052360 0.973269
vt -0.052360 1.103039
vt -0.052360 1.232808
vt -0.052360 1.362577
vt -0.104720 0.064885
vt -0.104720 -0.064885
vt -0.104720 -0.194654
vt -0.104720 -0.324423
vt -0.104720 -0.454192
vt -0.104720 -0.583962
vt -0.104720 -0.713731
vt -0.104720 -0.843500
vt -0.104720 -0.973269
vt -0.104720 -1.103039
vt -0.104720 -1.232808
vt -0.104720 -1.362577
vt -0.104720 -1.492346
vt -0.078540 0.194654
vt -0.078540 0.324423
vt -0.078540 0.454192
vt -0.078540 0.583962
vt -0.078540 0.713731
vt -0.078540 0.843500
vt -0.078540 0.973269
vt -0.078540 1.103039
vt -0.078540 1.232808
vt -0.078540 1.362577
vt -0.104720 0.194654
vt -0.104720 0.324423
vt -0.104720 0.454192
vt -0.104720 0.583962
vt -0.104720 0.713731
vt -0.104720 0.843500
vt -0.104720 0.973269
vt -0.104720 1.103039
vt -0.104720 1.232808
vt -0.104720 1.362577
vt -0.000000 -3.007908
vt -1.400000 -3.007908
vt -0.000000 -3.141593
vt -1.400000 -3.141593
vt -0.000000 3.141593
vt -1.400000 3.141593
vt -0.000000 3.007908
vt -1.400000 3.007908
vt -0.000000 2.874223
vt -1.400000 2.874223
vt -0.000000 2.740538
vt -1.400000 2.740538
vt -0.000000 2.606853
vt -1.400000 2.606853
vt -0.000000 2.473169
vt -1.400000 2.473169
vt -0.000000 2.339484
vt -1.400000 2.339484
vt -0.000000 2.205799
vt -1.400000 2.205799
vt -0.000000 2.072114
vt -1.400000 2.072114
vt -0.000000 1.938430
vt -1.400000 1.938430
vt -0.000000 1.804745
vt -1.400000 1.804745
vt -0.000000 1.671060
vt -1.400000 1.671060
vt -0.000000 1.537375
vt -1.400000 1.537375
vt -0.000000 1.403690
vt -1.400000 1.403690
vt -0.000000 1.270006
vt -1.400000 1.270006
vt -0.000000 1.136321
vt -1.400000 1.136321
vt -0.000000 1.002636
vt -1.400000 1.002636
vt -0.000000 0.868951
vt -1.400000 0.868951
vt -0.000000 0.735266
vt -1.400000 0.735266
vt -0.000000 0.601582
vt -1.400000 0.601582
vt -0.000000 0.467897
vt -1.400000 0.467897
vt -0.000000 0.334212
vt -1.400000 0.334212
vt -0.000000 0.200527
vt -1.400000 0.200527
vt -0.000000 0.066842
vt -1.400000 0.066842
vt -0.000000 -0.066842
vt -1.400000 -0.066842
vt -0.000000 -0.200527
vt -1.400000 -0.200527
vt -0.000000 -0.334212
vt -1.400000 -0.334212
vt -0.000000 -0.467897
vt -1.400000 -0.467897
vt -0.000000 -0.601582
vt -1.400000 -0.601582
vt -0.000000 -0.735266
vt -1.400000 -0.735266
vt -0.000000 -0.868951
vt -1.400000 -0.868951
vt -0.000000 -1.002636
vt -1.400000 -1.002636
vt -0.000000 -1.136321
vt -1.400000 -1.136321
vt -0.000000 -1.270006
vt -1.400000 -1.270006
vt -0.000000 -1.403690
vt -1.400000 -1.403690
vt -0.000000 -1.537375
vt -1.400000 -1.537375
vt -0.000000 -1.671060
vt -1.400000 -1.671060
vt -0.000000 -1.804745
vt -1.400000 -1.804745
vt -0.000000 -1.938430
vt -1.400000 -1.938430
vt -0.000000 -2.072114
vt -1.400000 -2.072114
vt -0.000000 -2.205799
vt -1.400000 -2.205799
vt -0.000000 -2.339484
vt -1.400000 -2.339484
vt -0.000000 -2.473169
vt -1.400000 -2.473169
vt -0.000000 -2.606853
vt -1.400000 -2.606853
vt -0.000000 -2.740538
vt -1.400000 -2.740538
vt -0.000000 -2.874223
vt -1.400000 -2.874223
vt 0.392699 -5.082916
vt 0.327249 -5.097822
vt 0.392699 -5.267749
vt 0.327249 -5.267749
vt 0.392699 5.267749
vt 0.327249 5.267749
vt 0.327249 5.097822
vt 0.261799 5.267749
vt 0.261799 5.097822
vt 0.196350 5.267749
vt 0.196350 5.097822
vt 0.130900 5.267749
vt 0.130900 5.097822
vt 0.065450 5.267749
vt 0.065450 5.097822
vt -0.000000 5.267749
vt -0.000000 5.097822
vt 0.327249 -4.927895
vt 0.392699 -4.898083
vt 0.327249 -4.757967
vt 0.392699 -4.713249
vt 0.327249 -4.588040
vt 0.392699 -4.528416
vt 0.327249 -4.418112
vt 0.392699 -4.343583
vt 0.327249 -4.248185
vt 0.392699 -4.158749
vt 0.327249 -4.078258
vt 0.392699 -3.973916
vt 0.327249 -3.908330
vt 0.392699 -3.789083
vt 0.327249 -3.738403
vt 0.392699 -3.604250
vt 0.327249 -3.568475
vt 0.392699 -3.419416
vt 0.327249 -3.398548
vt 0.392699 -3.234583
vt 0.327249 -3.228621
vt 0.327249 -3.058693
vt 0.261799 -3.058693
vt 0.261799 -2.888766
vt 0.196350 -2.888766
vt 0.196350 -2.718838
vt 0.130900 -2.718838
vt 0.130900 -2.548911
vt 0.065450 -2.548911
vt 0.065450 -2.378984
vt -0.000000 -2.378984
vt -0.000000 -2.209056
vt 0.065450 -2.209056
vt -0.000000 -2.039129
vt 0.065450 -2.039129
vt -0.000000 -1.869201
vt 0.065450 -1.869201
vt -0.000000 -1.699274
vt 0.065450 -1.699274
vt -0.000000 -1.529347
vt 0.065450 -1.529347
vt -0.000000 -1.359419
vt 0.065450 -1.359419
vt -0.000000 -1.189492
vt 0.065450 -1.189492
vt -0.000000 -1.019564
vt 0.065450 -1.019564
vt -0.000000 -0.849637
vt 0.065450 -0.849637
vt -0.000000 -0.679710
vt 0.065450 -0.679710
vt -0.000000 -0.509782
vt 0.065450 -0.509782
vt -0.000000 -0.339855
vt 0.065450 -0.339855
vt -0.000000 -0.169927
vt 0.065450 -0.169927
vt 0.065450 0.000000
vt -0.000000 0.169927
vt 0.065450 0.169927
vt -0.000000 0.339855
vt 0.065450 0.339855
vt -0.000000 0.509782
vt 0.065450 0.509782
vt -0.000000 0.679710
vt 0.065450 0.679710
vt -0.000000 0.849637
vt 0.065450 0.849637
vt -0.000000 1.019564
vt 0.065450 1.019564
vt -0.000000 1.189492
vt 0.065450 1.189492
vt -0.000000 1.359419
vt 0.065450 1.359419
vt -0.000000 1.529347
vt 0.065450 1.529347
vt -0.000000 1.699274
vt 0.065450 1.699274
vt -0.000000 1.869201
vt 0.065450 1.869201
vt -0.000000 2.039129
vt 0.065450 2.039129
vt -0.000000 2.209056
vt 0.065450 2.209056
vt -0.000000 2.378984
vt 0.065450 2.378984
vt -0.000000 2.548911
vt 0.065450 2.548911
vt -0.000000 2.718838
vt 0.065450 2.718838
vt -0.000000 2.888766
vt 0.065450 2.888766
vt -0.000000 3.058693
vt 0.065450 3.058693
vt -0.000000 3.228621
vt 0.065450 3.228621
vt -0.000000 3.398548
vt 0.065450 3.398548
vt -0.000000 3.568475
vt 0.065450 3.568475
vt -0.000000 3.738403
vt 0.065450 3.738403
vt -0.000000 3.908330
vt 0.065450 3.908330
vt -0.000000 4.078258
vt 0.065450 4.078258
vt -0.000000 4.248185
vt 0.065450 4.248185
vt -0.000000 4.418112
vt 0.065450 4.418112
vt -0.000000 4.588040
vt 0.065450 4.588040
vt -0.000000 4.757967
vt 0.065450 4.757967
vt -0.000000 4.927895
vt 0.065450 4.927895
vt 0.392699 -3.049750
vt 0.327249 -2.888766
vt 0.261799 -2.718838
vt 0.196350 -2.548911
vt 0.130900 -2.378984
vt 0.392699 -2.864916
vt 0.327249 -2.718838
vt 0.261799 -2.548911
vt 0.196350 -2.378984
vt 0.130900 -2.209056
vt 0.392699 -2.680083
vt 0.327249 -2.548911
vt 0.261799 -2.378984
vt 0.196350 -2.209056
vt 0.130900 -2.039129
vt 0.392699 -2.495250
vt 0.327249 -2.378984
vt 0.261799 -2.209056
vt 0.196350 -2.039129
vt 0.130900 -1.869201
vt 0.392699 -2.310416
vt 0.327249 -2.209056
vt 0.261799 -2.039129
vt 0.196350 -1.869201
vt 0.130900 -1.699274
vt 0.392699 -2.125583
vt 0.327249 -2.039129
vt 0.261799 -1.869201
vt 0.196350 -1.699274
vt 0.130900 -1.529347
vt 0.392699 -1.940750
vt 0.327249 -1.869201
vt 0.261799 -1.699274
vt 0.196350 -1.529347
vt 0.130900 -1.359419
vt 0.392699 -1.755916
vt 0.327249 -1.699274
vt 0.261799 -1.529347
vt 0.196350 -1.359419
vt 0.130900 -1.189492
vt 0.392699 -1.571083
vt 0.327249 -1.529347
vt 0.261799 -1.359419
vt 0.196350 -1.189492
vt 0.130900 -1.019564
vt 0.392699 -1.386250
vt 0.327249 -1.359419
vt 0.261799 -1.189492
vt 0.196350 -1.019564
vt 0.130900 -0.849637
vt 0.392699 -1.201417
vt 0.327249 -1.189492
vt 0.261799 -1.019564
vt 0.196350 -0.849637
vt 0.130900 -0.679710
vt 0.392699 -1.016583
vt 0.327249 -1.019564
vt 0.261799 -0.849637
vt 0.196350 -0.679710
vt 0.130900 -0.509782
vt 0.327249 -0.849637
vt 0.392699 -0.831750
vt 0.327249 -0.679710
vt 0.392699 -0.646917
vt 0.327249 -0.509782
vt 0.392699 -0.462083
vt 0.327249 -0.339855
vt 0.392699 -0.277250
vt 0.327249 -0.169927
vt 0.392699 -0.092417
vt 0.327249 0.000000
vt 0.392699 0.092417
vt 0.327249 0.169927
vt 0.392699 0.277250
vt 0.327249 0.339855
vt 0.392699 0.462083
vt 0.327249 0.509782
vt 0.392699 0.646917
vt 0.327249 0.679710
vt 0.392699 0.831750
vt 0.327249 0.849637
vt 0.392699 1.016583
vt 0.327249 1.019564
vt 0.327249 1.189492
vt 0.261799 1.189492
vt 0.261799 1.359419
vt 0.196350 1.359419
vt 0.196350 1.529347
vt 0.130900 1.529347
vt 0.130900 1.699274
vt 0.392699 1.201417
vt 0.327249 1.359419
vt 0.261799 1.529347
vt 0.196350 1.699274
vt 0.130900 1.869201
vt 0.392699 1.386250
vt 0.327249 1.529347
vt 0.261799 1.699274
vt 0.196350 1.869201
vt 0.130900 2.039129
vt 0.392699 1.571083
vt 0.327249 1.699274
vt 0.261799 1.869201
vt 0.196350 2.039129
vt 0.130900 2.209056
vt 0.392699 1.755916
vt 0.327249 1.869201
vt 0.261799 2.039129
vt 0.196350 2.209056
vt 0.130900 2.378984
vt 0.392699 1.940750
vt 0.327249 2.039129
vt 0.261799 2.209056
vt 0.196350 2.378984
vt 0.130900 2.548911
vt 0.392699 2.125583
vt 0.327249 2.209056
vt 0.261799 2.378984
vt 0.196350 2.548911
vt 0.130900 2.718838
vt 0.392699 2.310416
vt 0.327249 2.378984
vt 0.261799 2.548911
vt 0.196350 2.718838
vt 0.130900 2.888766
vt 0.392699 2.495250
vt 0.327249 2.548911
vt 0.261799 2.718838
vt 0.196350 2.888766
vt 0.130900 3.058693
vt 0.392699 2.680083
vt 0.327249 2.718838
vt 0.261799 2.888766
vt 0.196350 3.058693
vt 0.130900 3.228621
vt 0.392699 2.864916
vt 0.327249 2.888766
vt 0.261799 3.058693
vt 0.196350 3.228621
vt 0.130900 3.398548
vt 0.392699 3.049750
vt 0.327249 3.058693
vt 0.261799 3.228621
vt 0.196350 3.398548
vt 0.130900 3.568475
vt 0.392699 3.234583
vt 0.327249 3.228621
vt 0.261799 3.398548
vt 0.196350 3.568475
vt 0.130900 3.738403
vt 0.327249 3.398548
vt 0.392699 3.419416
vt 0.327249 3.568475
vt 0.392699 3.604250
vt 0.327249 3.738403
vt 0.392699 3.789083
vt 0.327249 3.908330
vt 0.392699 3.973916
vt 0.327249 4.078258
vt 0.392699 4.158749
vt 0.327249 4.248185
vt 0.392699 4.343583
vt 0.327249 4.418112
vt 0.392699 4.528416
vt 0.327249 4.588040
vt 0.392699 4.713249
vt 0.327249 4.757967
vt 0.392699 4.898083
vt 0.327249 4.927895
vt 0.392699 5.082916
vt -0.000000 -2.548911
vt 0.065450 -2.718838
vt 0.130900 -2.888766
vt 0.196350 -3.058693
vt 0.261799 -3.228621
vt -0.000000 -2.718838
vt 0.065450 -2.888766
vt 0.130900 -3.058693
vt 0.196350 -3.228621
vt 0.261799 -3.398548
vt -0.000000 -2.888766
vt 0.065450 -3.058693
vt 0.130900 -3.228621
vt 0.196350 -3.398548
vt 0.261799 -3.568475
vt -0.000000 -3.058693
vt 0.065450 -3.228621
vt 0.130900 -3.398548
vt 0.196350 -3.568475
vt 0.261799 -3.738403
vt -0.000000 -3.228621
vt 0.065450 -3.398548
vt 0.130900 -3.568475
vt 0.196350 -3.738403
vt 0.261799 -3.908330
vt -0.000000 -3.398548
vt 0.065450 -3.568475
vt 0.130900 -3.738403
vt 0.196350 -3.908330
vt 0.261799 -4.078258
vt -0.000000 -3.568475
vt 0.065450 -3.738403
vt 0.130900 -3.908330
vt 0.196350 -4.078258
vt 0.261799 -4.248185
vt -0.000000 -3.738403
vt 0.065450 -3.908330
vt 0.130900 -4.078258
vt 0.196350 -4.248185
vt 0.261799 -4.418112
vt -0.000000 -3.908330
vt 0.065450 -4.078258
vt 0.130900 -4.248185
vt 0.196350 -4.418112
vt 0.261799 -4.588040
vt -0.000000 -4.078258
vt 0.065450 -4.248185
vt 0.130900 -4.418112
vt 0.196350 -4.588040
vt 0.261799 -4.757967
vt -0.000000 -4.248185
vt 0.065450 -4.418112
vt 0.130900 -4.588040
vt 0.196350 -4.757967
vt 0.261799 -4.927895
vt -0.000000 -4.418112
vt 0.065450 -4.588040
vt 0.130900 -4.757967
vt 0.196350 -4.927895
vt 0.261799 -5.097822
vt -0.000000 -4.588040
vt 0.065450 -4.757967
vt 0.130900 -4.927895
vt 0.196350 -5.097822
vt 0.261799 -5.267749
vt -0.000000 -4.757967
vt 0.065450 -4.927895
vt 0.130900 -5.097822
vt 0.196350 -5.267749
vt -0.000000 -4.927895
vt 0.065450 -5.097822
vt 0.130900 -5.267749
vt -0.000000 -5.097822
vt 0.065450 -5.267749
vt -0.000000 -5.267749
vt 0.261799 -0.679710
vt 0.196350 -0.509782
vt 0.130900 -0.339855
vt 0.261799 -0.509782
vt 0.196350 -0.339855
vt 0.130900 -0.169927
vt 0.261799 -0.339855
vt 0.196350 -0.169927
vt 0.130900 0.000000
vt 0.261799 -0.169927
vt 0.130900 0.169927
vt 0.261799 0.000000
vt 0.196350 0.169927
vt 0.130900 0.339855
vt 0.261799 0.169927
vt 0.196350 0.339855
vt 0.130900 0.509782
vt 0.261799 0.339855
vt 0.196350 0.509782
vt 0.130900 0.679710
vt 0.261799 0.509782
vt 0.196350 0.679710
vt 0.130900 0.849637
vt 0.261799 0.679710
vt 0.196350 0.849637
vt 0.130900 1.019564
vt 0.261799 0.849637
vt 0.196350 1.019564
vt 0.130900 1.189492
vt 0.261799 1.019564
vt 0.196350 1.189492
vt 0.130900 1.359419
vt 0.261799 3.568475
vt 0.196350 3.738403
vt 0.130900 3.908330
vt 0.261799 3.738403
vt 0.196350 3.908330
vt 0.130900 4.078258
vt 0.261799 3.908330
vt 0.196350 4.078258
vt 0.130900 4.248185
vt 0.261799 4.078258
vt 0.196350 4.248185
vt 0.130900 4.418112
vt 0.261799 4.248185
vt 0.196350 4.418112
vt 0.130900 4.588040
vt 0.261799 4.418112
vt 0.196350 4.588040
vt 0.130900 4.757967
vt 0.261799 4.588040
vt 0.196350 4.757967
vt 0.130900 4.927895
vt 0.261799 4.757967
vt 0.196350 4.927895
vt 0.261799 4.927895
vt -11.750000 5.320439
vt -7.916667 5.320439
vt -11.750000 5.497787
vt -7.916667 5.497787
vt -11.750000 -5.497787
vt -7.916667 -5.497787
vt -11.750000 -5.320439
vt -7.916667 -5.320439
vt -11.750000 -5.143091
vt -7.916667 -5.143091
vt -11.750000 -4.965743
vt -7.916667 -4.965743
vt -11.750000 -4.788395
vt -7.916667 -4.788395
vt -11.750000 -4.611047
vt -7.916667 -4.611047
vt -11.750000 -4.433699
vt -7.916667 -4.433699
vt -11.750000 -4.256351
vt -7.916667 -4.256351
vt -11.750000 -4.079003
vt -7.916667 -4.079003
vt -11.750000 -3.901655
vt -7.916667 -3.901655
vt -11.750000 -3.724307
vt -7.916667 -3.724307
vt -11.750000 -3.546959
vt -7.916667 -3.546959
vt -11.750000 -3.369611
vt -7.916667 -3.369611
vt -11.750000 -3.192264
vt -7.916667 -3.192264
vt -11.750000 -3.014916
vt -7.916667 -3.014916
vt -11.750000 -2.837568
vt -7.916667 -2.837568
vt -11.750000 -2.660220
vt -7.916667 -2.660220
vt -11.750000 -2.482872
vt -7.916667 -2.482872
vt -11.750000 -2.305524
vt -7.916667 -2.305524
vt -11.750000 -2.128176
vt -7.916667 -2.128176
vt -11.750000 -1.950828
vt -7.916667 -1.950828
vt -11.750000 -1.773480
vt -7.916667 -1.773480
vt -11.750000 -1.596132
vt -7.916667 -1.596132
vt -11.750000 -1.418784
vt -7.916667 -1.418784
vt -11.750000 -1.241436
vt -7.916667 -1.241436
vt -11.750000 -1.064088
vt -7.916667 -1.064088
vt -11.750000 -0.886740
vt -7.916667 -0.886740
vt -11.750000 -0.709392
vt -7.916667 -0.709392
vt -11.750000 -0.532044
vt -7.916667 -0.532044
vt -11.750000 -0.354696
vt -7.916667 -0.354696
vt -11.750000 -0.177348
vt -7.916667 -0.177348
vt -11.750000 0.000000
vt -7.916667 0.000000
vt -11.750000 0.177348
vt -7.916667 0.177348
vt -11.750000 0.354696
vt -7.916667 0.354696
vt -11.750000 0.532044
vt -7.916667 0.532044
vt -11.750000 0.709392
vt -7.916667 0.709392
vt -11.750000 0.886740
vt -7.916667 0.886740
vt -11.750000 1.064088
vt -7.916667 1.064088
vt -11.750000 1.241436
vt -7.916667 1.241436
vt -11.750000 1.418784
vt -7.916667 1.418784
vt -11.750000 1.596132
vt -7.916667 1.596132
vt -11.750000 1.773480
vt -7.916667 1.773480
vt -11.750000 1.950828
vt -7.916667 1.950828
vt -11.750000 2.128176
vt -7.916667 2.128176
vt -11.750000 2.305524
vt -7.916667 2.305524
vt -11.750000 2.482872
vt -7.916667 2.482872
vt -11.750000 2.660220
vt -7.916667 2.660220
vt -11.750000 2.837568
vt -7.916667 2.837568
vt -11.750000 3.014916
vt -7.916667 3.014916
vt -11.750000 3.192264
vt -7.916667 3.192264
vt -11.750000 3.369611
vt -7.916667 3.369611
vt -11.750000 3.546959
vt -7.916667 3.546959
vt -11.750000 3.724307
vt -7.916667 3.724307
vt -11.750000 3.901655
vt -7.916667 3.901655
vt -11.750000 4.079003
vt -7.916667 4.079003
vt -11.750000 4.256351
vt -7.916667 4.256351
vt -11.750000 4.433699
vt -7.916667 4.433699
vt -11.750000 4.611047
vt -7.916667 4.611047
vt -11.750000 4.788395
vt -7.916667 4.788395
vt -11.750000 4.965743
vt -7.916667 4.965743
vt -11.750000 5.143091
vt -7.916667 5.143091
vt -0.250000 -5.320439
vt -4.083333 -5.320439
vt -0.250000 -5.497787
vt -4.083333 -5.497787
vt -0.250000 5.497787
vt -4.083333 5.497787
vt -0.250000 5.320439
vt -4.083333 5.320439
vt -0.250000 5.143091
vt -4.083333 5.143091
vt -0.250000 4.965743
vt -4.083333 4.965743
vt -0.250000 4.788395
vt -4.083333 4.788395
vt -0.250000 4.611047
vt -4.083333 4.611047
vt -0.250000 4.433699
vt -4.083333 4.433699
vt -0.250000 4.256351
vt -4.083333 4.256351
vt -0.250000 4.079003
vt -4.083333 4.079003
vt -0.250000 3.901655
vt -4.083333 3.901655
vt -0.250000 3.724307
vt -4.083333 3.724307
vt -0.250000 3.546959
vt -4.083333 3.546959
vt -0.250000 3.369611
vt -4.083333 3.369611
vt -0.250000 3.192264
vt -4.083333 3.192264
vt -0.250000 3.014916
vt -4.083333 3.014916
vt -0.250000 2.837568
vt -4.083333 2.837568
vt -0.250000 2.660220
vt -4.083333 2.660220
vt -0.250000 2.482872
vt -4.083333 2.482872
vt -0.250000 2.305524
vt -4.083333 2.305524
vt -0.250000 2.128176
vt -4.083333 2.128176
vt -0.250000 1.950828
vt -4.083333 1.950828
vt -0.250000 1.773480
vt -4.083333 1.773480
vt -0.250000 1.596132
vt -4.083333 1.596132
vt -0.250000 1.418784
vt -4.083333 1.418784
vt -0.250000 1.241436
vt -4.083333 1.241436
vt -0.250000 1.064088
vt -4.083333 1.064088
vt -0.250000 0.886740
vt -4.083333 0.886740
vt -0.250000 0.709392
vt -4.083333 0.709392
vt -0.250000 0.532044
vt -4.083333 0.532044
vt -0.250000 0.354696
vt -4.083333 0.354696
vt -0.250000 0.177348
vt -4.083333 0.177348
vt -0.250000 0.000000
vt -4.083333 0.000000
vt -0.250000 -0.177348
vt -4.083333 -0.177348
vt -0.250000 -0.354696
vt -4.083333 -0.354696
vt -0.250000 -0.532044
vt -4.083333 -0.532044
vt -0.250000 -0.709392
vt -4.083333 -0.709392
vt -0.250000 -0.886740
vt -4.083333 -0.886740
vt -0.250000 -1.064088
vt -4.083333 -1.064088
vt -0.250000 -1.241436
vt -4.083333 -1.241436
vt -0.250000 -1.418784
vt -4.083333 -1.418784
vt -0.250000 -1.596132
vt -4.083333 -1.596132
vt -0.250000 -1.773480
vt -4.083333 -1.773480
vt -0.250000 -1.950828
vt -4.083333 -1.950828
vt -0.250000 -2.128176
vt -4.083333 -2.128176
vt -0.250000 -2.305524
vt -4.083333 -2.305524
vt -0.250000 -2.482872
vt -4.083333 -2.482872
vt -0.250000 -2.660220
vt -4.083333 -2.660220
vt -0.250000 -2.837568
vt -4.083333 -2.837568
vt -0.250000 -3.014916
vt -4.083333 -3.014916
vt -0.250000 -3.192264
vt -4.083333 -3.192264
vt -0.250000 -3.369611
vt -4.083333 -3.369611
vt -0.250000 -3.546959
vt -4.083333 -3.546959
vt -0.250000 -3.724307
vt -4.083333 -3.724307
vt -0.250000 -3.901655
vt -4.083333 -3.901655
vt -0.250000 -4.079003
vt -4.083333 -4.079003
vt -0.250000 -4.256351
vt -4.083333 -4.256351
vt -0.250000 -4.433699
vt -4.083333 -4.433699
vt -0.250000 -4.611047
vt -4.083333 -4.611047
vt -0.250000 -4.788395
vt -4.083333 -4.788395
vt -0.250000 -4.965743
vt -4.083333 -4.965743
vt -0.250000 -5.143091
vt -4.083333 -5.143091
vt -0.065450 -5.097822
vt -0.065450 -5.267749
vt -0.065450 5.267749
vt -0.065450 5.097822
vt -0.065450 4.927895
vt -0.065450 4.757967
vt -0.065450 4.588040
vt -0.065450 4.418112
vt -0.065450 4.248185
vt -0.065450 4.078258
vt -0.065450 3.908330
vt -0.065450 3.738403
vt -0.065450 3.568475
vt -0.065450 3.398548
vt -0.065450 3.228621
vt -0.065450 3.058693
vt -0.065450 2.888766
vt -0.065450 2.718838
vt -0.065450 2.548911
vt -0.065450 2.378984
vt -0.065450 2.209056
vt -0.065450 2.039129
vt -0.065450 1.869201
vt -0.065450 1.699274
vt -0.065450 1.529347
vt -0.065450 1.359419
vt -0.065450 1.189492
vt -0.065450 1.019564
vt -0.065450 0.849637
vt -0.065450 0.679710
vt -0.065450 0.509782
vt -0.065450 0.339855
vt -0.065450 0.169927
vt -0.065450 0.000000
vt -0.065450 -0.169927
vt -0.065450 -0.339855
vt -0.065450 -0.509782
vt -0.065450 -0.679710
vt -0.065450 -0.849637
vt -0.065450 -1.019564
vt -0.065450 -1.189492
vt -0.065450 -1.359419
vt -0.065450 -1.529347
vt -0.065450 -1.699274
vt -0.065450 -1.869201
vt -0.065450 -2.039129
vt -0.065450 -2.209056
vt -0.065450 -2.378984
vt -0.065450 -2.548911
vt -0.065450 -2.718838
vt -0.065450 -2.888766
vt -0.065450 -3.058693
vt -0.065450 -3.228621
vt -0.065450 -3.398548
vt -0.065450 -3.568475
vt -0.065450 -3.738403
vt -0.065450 -3.908330
vt -0.065450 -4.078258
vt -0.065450 -4.248185
vt -0.065450 -4.418112
vt -0.065450 -4.588040
vt -0.065450 -4.757967
vt -0.065450 -4.927895
vt -0.392699 5.082916
vt -0.327249 5.097822
vt -0.392699 5.267749
vt -0.327249 5.267749
vt -0.392699 -5.267749
vt -0.327249 -5.267749
vt -0.327249 -5.097822
vt -0.261799 -5.267749
vt -0.261799 -5.097822
vt -0.196350 -5.267749
vt -0.196350 -5.097822
vt -0.130900 -5.267749
vt -0.130900 -5.097822
vt -0.327249 4.927895
vt -0.392699 4.898083
vt -0.327249 4.757967
vt -0.392699 4.713249
vt -0.327249 4.588040
vt -0.392699 4.528416
vt -0.327249 4.418112
vt -0.392699 4.343583
vt -0.327249 4.248185
vt -0.392699 4.158749
vt -0.327249 4.078258
vt -0.392699 3.973916
vt -0.327249 3.908330
vt -0.392699 3.789083
vt -0.327249 3.738403
vt -0.392699 3.604250
vt -0.327249 3.568475
vt -0.392699 3.419416
vt -0.327249 3.398548
vt -0.392699 3.234583
vt -0.327249 3.228621
vt -0.327249 3.058693
vt -0.261799 3.058693
vt -0.261799 2.888766
vt -0.196350 2.888766
vt -0.196350 2.718838
vt -0.130900 2.718838
vt -0.130900 2.548911
vt -0.392699 3.049750
vt -0.327249 2.888766
vt -0.261799 2.718838
vt -0.196350 2.548911
vt -0.130900 2.378984
vt -0.392699 2.864916
vt -0.327249 2.718838
vt -0.261799 2.548911
vt -0.196350 2.378984
vt -0.130900 2.209056
vt -0.392699 2.680083
vt -0.327249 2.548911
vt -0.261799 2.378984
vt -0.196350 2.209056
vt -0.130900 2.039129
vt -0.392699 2.495250
vt -0.327249 2.378984
vt -0.261799 2.209056
vt -0.196350 2.039129
vt -0.130900 1.869201
vt -0.392699 2.310416
vt -0.327249 2.209056
vt -0.261799 2.039129
vt -0.196350 1.869201
vt -0.130900 1.699274
vt -0.392699 2.125583
vt -0.327249 2.039129
vt -0.261799 1.869201
vt -0.196350 1.699274
vt -0.130900 1.529347
vt -0.392699 1.940750
vt -0.327249 1.869201
vt -0.261799 1.699274
vt -0.196350 1.529347
vt -0.130900 1.359419
vt -0.392699 1.755916
vt -0.327249 1.699274
vt -0.261799 1.529347
vt -0.196350 1.359419
vt -0.130900 1.189492
vt -0.392699 1.571083
vt -0.327249 1.529347
vt -0.261799 1.359419
vt -0.196350 1.189492
vt -0.130900 1.019564
vt -0.392699 1.386250
vt -0.327249 1.359419
vt -0.261799 1.189492
vt -0.196350 1.019564
vt -0.130900 0.849637
vt -0.392699 1.201417
vt -0.327249 1.189492
vt -0.261799 1.019564
vt -0.196350 0.849637
vt -0.130900 0.679710
vt -0.392699 1.016583
vt -0.327249 1.019564
vt -0.261799 0.849637
vt -0.196350 0.679710
vt -0.130900 0.509782
vt -0.327249 0.849637
vt -0.392699 0.831750
vt -0.327249 0.679710
vt -0.392699 0.646917
vt -0.327249 0.509782
vt -0.392699 0.462083
vt -0.327249 0.339855
vt -0.392699 0.277250
vt -0.327249 0.169927
vt -0.392699 0.092417
vt -0.327249 0.000000
vt -0.392699 -0.092417
vt -0.327249 -0.169927
vt -0.392699 -0.277250
vt -0.327249 -0.339855
vt -0.392699 -0.462083
vt -0.327249 -0.509782
vt -0.392699 -0.646917
vt -0.327249 -0.679710
vt -0.392699 -0.831750
vt -0.327249 -0.849637
vt -0.392699 -1.016583
vt -0.327249 -1.019564
vt -0.327249 -1.189492
vt -0.261799 -1.189492
vt -0.261799 -1.359419
vt -0.196350 -1.359419
vt -0.196350 -1.529347
vt -0.130900 -1.529347
vt -0.130900 -1.699274
vt -0.392699 -1.201417
vt -0.327249 -1.359419
vt -0.261799 -1.529347
vt -0.196350 -1.699274
vt -0.130900 -1.869201
vt -0.392699 -1.386250
vt -0.327249 -1.529347
vt -0.261799 -1.699274
vt -0.196350 -1.869201
vt -0.130900 -2.039129
vt -0.392699 -1.571083
vt -0.327249 -1.699274
vt -0.261799 -1.869201
vt -0.196350 -2.039129
vt -0.130900 -2.209056
vt -0.392699 -1.755916
vt -0.327249 -1.869201
vt -0.261799 -2.039129
vt -0.196350 -2.209056
vt -0.130900 -2.378984
vt -0.392699 -1.940750
vt -0.327249 -2.039129
vt -0.261799 -2.209056
vt -0.196350 -2.378984
vt -0.130900 -2.548911
vt -0.392699 -2.125583
vt -0.327249 -2.209056
vt -0.261799 -2.378984
vt -0.196350 -2.548911
vt -0.130900 -2.718838
vt -0.392699 -2.310416
vt -0.327249 -2.378984
vt -0.261799 -2.548911
vt -0.196350 -2.718838
vt -0.130900 -2.888766
vt -0.392699 -2.495250
vt -0.327249 -2.548911
vt -0.261799 -2.718838
vt -0.196350 -2.888766
vt -0.130900 -3.058693
vt -0.392699 -2.680083
vt -0.327249 -2.718838
vt -0.261799 -2.888766
vt -0.196350 -3.058693
vt -0.130900 -3.228621
vt -0.392699 -2.864916
vt -0.327249 -2.888766
vt -0.261799 -3.058693
vt -0.196350 -3.228621
vt -0.130900 -3.398548
vt -0.392699 -3.049750
vt -0.327249 -3.058693
vt -0.261799 -3.228621
vt -0.196350 -3.398548
vt -0.130900 -3.568475
vt -0.392699 -3.234583
vt -0.327249 -3.228621
vt -0.261799 -3.398548
vt -0.196350 -3.568475
vt -0.130900 -3.738403
vt -0.327249 -3.398548
vt -0.392699 -3.419416
vt -0.327249 -3.568475
vt -0.392699 -3.604250
vt -0.327249 -3.738403
vt -0.392699 -3.789083
vt -0.327249 -3.908330
vt -0.392699 -3.973916
vt -0.327249 -4.078258
vt -0.392699 -4.158749
vt -0.327249 -4.248185
vt -0.392699 -4.343583
vt -0.327249 -4.418112
vt -0.392699 -4.528416
vt -0.327249 -4.588040
vt -0.392699 -4.713249
vt -0.327249 -4.757967
vt -0.392699 -4.898083
vt -0.327249 -4.927895
vt -0.392699 -5.082916
vt -0.130900 5.267749
vt -0.130900 5.097822
vt -0.130900 4.927895
vt -0.130900 4.757967
vt -0.130900 4.588040
vt -0.130900 4.418112
vt -0.130900 4.248185
vt -0.130900 4.078258
vt -0.130900 3.908330
vt -0.130900 3.738403
vt -0.130900 3.568475
vt -0.130900 3.398548
vt -0.130900 3.228621
vt -0.130900 3.058693
vt -0.130900 2.888766
vt -0.196350 5.267749
vt -0.196350 5.097822
vt -0.196350 4.927895
vt -0.196350 4.757967
vt -0.196350 4.588040
vt -0.196350 4.418112
vt -0.196350 4.248185
vt -0.196350 4.078258
vt -0.196350 3.908330
vt -0.196350 3.738403
vt -0.196350 3.568475
vt -0.196350 3.398548
vt -0.196350 3.228621
vt -0.196350 3.058693
vt -0.261799 5.267749
vt -0.261799 5.097822
vt -0.261799 4.927895
vt -0.261799 4.757967
vt -0.261799 4.588040
vt -0.261799 4.418112
vt -0.261799 4.248185
vt -0.261799 4.078258
vt -0.261799 3.908330
vt -0.261799 3.738403
vt -0.261799 3.568475
vt -0.261799 3.398548
vt -0.261799 3.228621
vt -0.130900 -4.927895
vt -0.130900 -4.757967
vt -0.130900 -4.588040
vt -0.130900 -4.418112
vt -0.130900 -4.248185
vt -0.130900 -4.078258
vt -0.130900 -3.908330
vt -0.196350 -4.927895
vt -0.196350 -4.757967
vt -0.196350 -4.588040
vt -0.196350 -4.418112
vt -0.196350 -4.248185
vt -0.196350 -4.078258
vt -0.196350 -3.908330
vt -0.196350 -3.738403
vt -0.261799 -4.927895
vt -0.261799 -4.757967
vt -0.261799 -4.588040
vt -0.261799 -4.418112
vt -0.261799 -4.248185
vt -0.261799 -4.078258
vt -0.261799 -3.908330
vt -0.261799 -3.738403
vt -0.261799 -3.568475
vt -0.130900 -1.359419
vt -0.130900 -1.189492
vt -0.130900 -1.019564
vt -0.130900 -0.849637
vt -0.130900 -0.679710
vt -0.130900 -0.509782
vt -0.130900 -0.339855
vt -0.130900 -0.169927
vt -0.130900 0.000000
vt -0.130900 0.169927
vt -0.130900 0.339855
vt -0.196350 -1.189492
vt -0.261799 -1.019564
vt -0.196350 -1.019564
vt -0.196350 -0.849637
vt -0.196350 -0.679710
vt -0.196350 -0.509782
vt -0.196350 -0.339855
vt -0.196350 -0.169927
vt -0.196350 0.169927
vt -0.196350 0.339855
vt -0.196350 0.509782
vt -0.261799 -0.849637
vt -0.261799 -0.679710
vt -0.261799 -0.509782
vt -0.261799 -0.339855
vt -0.261799 -0.169927
vt -0.261799 0.000000
vt -0.261799 0.169927
vt -0.261799 0.339855
vt -0.261799 0.509782
vt -0.261799 0.679710
vt 0.991077 -0.133287
vt 1.000000 0.000000
vt 0.991077 0.133287
vt 0.964469 0.264195
vt 0.964469 -0.264195
vt 0.920650 -0.390389
vt 0.860402 -0.509617
vt 0.784799 -0.619750
vt 0.695192 -0.718824
vt 0.593180 -0.805070
vt 0.480582 -0.876950
vt 0.359408 -0.933181
vt 0.231820 -0.972759
vt 0.100096 -0.994978
vt -0.033415 -0.999442
vt -0.166329 -0.986070
vt -0.296276 -0.955102
vt -0.420935 -0.907091
vt -0.538082 -0.842892
vt -0.645628 -0.763652
vt -0.741652 -0.670785
vt -0.824442 -0.565947
vt -0.892519 -0.451010
vt -0.944669 -0.328025
vt -0.979962 -0.199186
vt -0.997767 -0.066793
vt -0.997767 0.066793
vt -0.979962 0.199186
vt -0.944669 0.328025
vt -0.892519 0.451010
vt -0.824442 0.565947
vt -0.741652 0.670785
vt -0.645628 0.763652
vt -0.538082 0.842892
vt -0.420935 0.907091
vt -0.296276 0.955102
vt -0.166329 0.986070
vt -0.033415 0.999442
vt 0.100096 0.994978
vt 0.231820 0.972759
vt 0.359408 0.933181
vt 0.480582 0.876950
vt 0.593180 0.805070
vt 0.695192 0.718824
vt 0.784799 0.619750
vt 0.860402 0.509617
vt 0.920650 0.390389
s 1
usemtl Acrylic_(Red)
f 2/1/1 90/2/1 1/3/2
f 1/3/2 90/2/1 46/4/2
f 1/5/2 46/6/2 45/7/3
f 45/7/3 46/6/2 47/8/3
f 45/7/3 47/8/3 44/9/4
f 44/9/4 47/8/3 48/10/4
f 44/9/4 48/10/4 43/11/5
f 43/11/5 48/10/4 49/12/5
f 43/11/5 49/12/5 42/13/6
f 42/13/6 49/12/5 50/14/6
f 42/13/6 50/14/6 41/15/7
f 41/15/7 50/14/6 51/16/7
f 41/15/7 51/16/7 40/17/8
f 40/17/8 51/16/7 52/18/8
f 40/17/8 52/18/8 39/19/9
f 39/19/9 52/18/8 53/20/9
f 39/19/9 53/20/9 38/21/10
f 38/21/10 53/20/9 54/22/10
f 38/21/10 54/22/10 37/23/11
f 37/23/11 54/22/10 55/24/11
f 37/23/11 55/24/11 36/25/12
f 36/25/12 55/24/11 56/26/12
f 36/25/12 56/26/12 35/27/13
f 35/27/13 56/26/12 57/28/13
f 35/27/13 57/28/13 34/29/14
f 34/29/14 57/28/13 58/30/14
f 34/29/14 58/30/14 33/31/15
f 33/31/15 58/30/14 59/32/15
f 33/31/15 59/32/15 32/33/16
f 32/33/16 59/32/15 60/34/16
f 32/33/16 60/34/16 31/35/17
f 31/35/17 60/34/16 61/36/17
f 31/35/17 61/36/17 30/37/18
f 30/37/18 61/36/17 62/38/18
f 30/37/18 62/38/18 29/39/19
f 29/39/19 62/38/18 63/40/19
f 29/39/19 63/40/19 28/41/20
f 28/41/20 63/40/19 64/42/20
f 28/41/20 64/42/20 27/43/21
f 27/43/21 64/42/20 65/44/21
f 27/43/21 65/44/21 26/45/22
f 26/45/22 65/44/21 66/46/22
f 26/45/22 66/46/22 25/47/23
f 25/47/23 66/46/22 67/48/23
f 25/47/23 67/48/23 24/49/24
f 24/49/24 67/48/23 68/50/24
f 24/49/24 68/50/24 23/51/25
f 23/51/25 68/50/24 69/52/25
f 23/51/25 69/52/25 22/53/26
f 22/53/26 69/52/25 70/54/26
f 22/53/26 70/54/26 21/55/27
f 21/55/27 70/54/26 71/56/27
f 21/55/27 71/56/27 20/57/28
f 20/57/28 71/56/27 72/58/28
f 20/57/28 72/58/28 19/59/29
f 19/59/29 72/58/28 73/60/29
f 19/59/29 73/60/29 18/61/30
f 18/61/30 73/60/29 74/62/30
f 18/61/30 74/62/30 17/63/31
f 17/63/31 74/62/30 75/64/31
f 17/63/31 75/64/31 16/65/32
f 16/65/32 75/64/31 76/66/32
f 16/65/32 76/66/32 15/67/33
f 15/67/33 76/66/32 77/68/33
f 15/67/33 77/68/33 14/69/34
f 14/69/34 77/68/33 78/70/34
f 14/69/34 78/70/34 13/71/35
f 13/71/35 78/70/34 79/72/35
f 13/71/35 79/72/35 12/73/36
f 12/73/36 79/72/35 80/74/36
f 12/73/36 80/74/36 11/75/37
f 11/75/37 80/74/36 81/76/37
f 11/75/37 81/76/37 10/77/38
f 10/77/38 81/76/37 82/78/38
f 10/77/38 82/78/38 9/79/39
f 9/79/39 82/78/38 83/80/39
f 9/79/39 83/80/39 8/81/40
f 8/81/40 83/80/39 84/82/40
f 8/81/40 84/82/40 7/83/41
f 7/83/41 84/82/40 85/84/41
f 7/83/41 85/84/41 6/85/42
f 6/85/42 85/84/41 86/86/42
f 6/85/42 86/86/42 5/87/43
f 5/87/43 86/86/42 87/88/43
f 5/87/43 87/88/43 4/89/44
f 4/89/44 87/88/43 88/90/44
f 4/89/44 88/90/44 3/91/45
f 3/91/45 88/90/44 89/92/45
f 3/91/45 89/92/45 2/1/1
f 2/1/1 89/92/45 90/2/1
f 92/93/46 213/94/47 91/95/46
f 91/95/46 213/94/47 208/96/48
f 91/97/46 208/98/48 503/99/49
f 503/99/49 208/98/48 209/100/50
f 503/99/49 209/100/50 504/101/51
f 504/101/51 209/100/50 210/102/52
f 504/101/51 210/102/52 505/103/53
f 505/103/53 210/102/52 211/104/54
f 505/103/53 211/104/54 506/105/55
f 506/105/55 211/104/54 212/106/56
f 506/105/55 212/106/56 507/107/57
f 507/107/57 212/106/56 148/108/58
f 507/107/57 148/108/58 149/109/59
f 213/94/47 92/93/46 218/110/60
f 218/110/60 92/93/46 93/111/46
f 218/110/60 93/111/46 223/112/61
f 223/112/61 93/111/46 94/113/46
f 223/112/61 94/113/46 228/114/62
f 228/114/62 94/113/46 95/115/46
f 228/114/62 95/115/46 233/116/63
f 233/116/63 95/115/46 96/117/46
f 233/116/63 96/117/46 238/118/64
f 238/118/64 96/117/46 97/119/46
f 238/118/64 97/119/46 243/120/65
f 243/120/65 97/119/46 98/121/46
f 243/120/65 98/121/46 248/122/66
f 248/122/66 98/121/46 99/123/46
f 248/122/66 99/123/46 253/124/67
f 253/124/67 99/123/46 100/125/46
f 253/124/67 100/125/46 258/126/68
f 258/126/68 100/125/46 101/127/46
f 258/126/68 101/127/46 263/128/69
f 263/128/69 101/127/46 102/129/46
f 263/128/69 102/129/46 268/130/70
f 268/130/70 102/129/46 103/131/46
f 268/130/70 103/131/46 273/132/71
f 273/132/71 103/131/46 104/133/46
f 273/132/71 104/133/46 278/134/72
f 278/134/72 104/133/46 105/135/46
f 278/134/72 105/135/46 283/136/73
f 283/136/73 105/135/46 106/137/46
f 283/136/73 106/137/46 288/138/74
f 288/138/74 106/137/46 107/139/46
f 288/138/74 107/139/46 293/140/75
f 293/140/75 107/139/46 108/141/46
f 293/140/75 108/141/46 298/142/76
f 298/142/76 108/141/46 109/143/46
f 298/142/76 109/143/46 303/144/77
f 303/144/77 109/143/46 110/145/46
f 303/144/77 110/145/46 317/146/78
f 317/146/78 110/145/46 308/147/79
f 317/146/78 308/147/79 309/148/80
f 309/148/80 308/147/79 319/149/81
f 309/148/80 319/149/81 320/150/82
f 320/150/82 319/149/81 325/151/83
f 320/150/82 325/151/83 326/152/84
f 326/152/84 325/151/83 331/153/85
f 326/152/84 331/153/85 332/154/86
f 332/154/86 331/153/85 337/155/87
f 332/154/86 337/155/87 183/156/88
f 183/156/88 337/155/87 182/157/44
f 182/157/44 337/155/87 342/158/89
f 182/157/44 342/158/89 181/159/90
f 181/159/90 342/158/89 347/160/91
f 181/159/90 347/160/91 180/161/92
f 180/161/92 347/160/91 352/162/93
f 180/161/92 352/162/93 179/163/94
f 179/163/94 352/162/93 357/164/95
f 179/163/94 357/164/95 178/165/2
f 178/165/2 357/164/95 362/166/96
f 178/165/2 362/166/96 177/167/97
f 177/167/97 362/166/96 367/168/98
f 177/167/97 367/168/98 176/169/99
f 176/169/99 367/168/98 372/170/100
f 176/169/99 372/170/100 175/171/101
f 175/171/101 372/170/100 377/172/102
f 175/171/101 377/172/102 174/173/5
f 174/173/5 377/172/102 382/174/103
f 174/173/5 382/174/103 173/175/104
f 173/175/104 382/174/103 387/176/105
f 173/175/104 387/176/105 172/177/106
f 172/177/106 387/176/105 392/178/107
f 172/177/106 392/178/107 171/179/108
f 171/179/108 392/178/107 397/180/109
f 171/179/108 397/180/109 170/181/8
f 170/181/8 397/180/109 402/182/110
f 170/181/8 402/182/110 169/183/111
f 169/183/111 402/182/110 407/184/112
f 169/183/111 407/184/112 168/185/113
f 168/185/113 407/184/112 413/186/114
f 168/185/113 413/186/114 167/187/115
f 167/187/115 413/186/114 412/188/116
f 167/187/115 412/188/116 166/189/11
f 166/189/11 412/188/116 422/190/117
f 166/189/11 422/190/117 165/191/118
f 165/191/118 422/190/117 427/192/119
f 165/191/118 427/192/119 164/193/120
f 164/193/120 427/192/119 432/194/121
f 164/193/120 432/194/121 163/195/122
f 163/195/122 432/194/121 437/196/123
f 163/195/122 437/196/123 162/197/14
f 162/197/14 437/196/123 442/198/124
f 162/197/14 442/198/124 161/199/125
f 161/199/125 442/198/124 447/200/126
f 161/199/125 447/200/126 160/201/127
f 160/201/127 447/200/126 452/202/128
f 160/201/127 452/202/128 159/203/129
f 159/203/129 452/202/128 457/204/130
f 159/203/129 457/204/130 158/205/17
f 158/205/17 457/204/130 462/206/131
f 158/205/17 462/206/131 157/207/132
f 157/207/132 462/206/131 467/208/133
f 157/207/132 467/208/133 156/209/134
f 156/209/134 467/208/133 472/210/135
f 156/209/134 472/210/135 155/211/136
f 155/211/136 472/210/135 477/212/137
f 155/211/136 477/212/137 154/213/20
f 154/213/20 477/212/137 482/214/138
f 154/213/20 482/214/138 153/215/139
f 153/215/139 482/214/138 487/216/140
f 153/215/139 487/216/140 152/217/141
f 152/217/141 487/216/140 492/218/142
f 152/217/141 492/218/142 151/219/143
f 151/219/143 492/218/142 497/220/144
f 151/219/143 497/220/144 150/221/23
f 150/221/23 497/220/144 502/222/145
f 150/221/23 502/222/145 149/109/59
f 149/109/59 502/222/145 507/107/57
f 110/145/46 111/223/46 308/147/79
f 308/147/79 111/223/46 318/224/146
f 308/147/79 318/224/146 319/149/81
f 319/149/81 318/224/146 324/225/147
f 319/149/81 324/225/147 325/151/83
f 325/151/83 324/225/147 330/226/148
f 325/151/83 330/226/148 331/153/85
f 331/153/85 330/226/148 336/227/149
f 331/153/85 336/227/149 337/155/87
f 337/155/87 336/227/149 342/158/89
f 111/223/46 112/228/46 318/224/146
f 318/224/146 112/228/46 323/229/150
f 318/224/146 323/229/150 324/225/147
f 324/225/147 323/229/150 329/230/151
f 324/225/147 329/230/151 330/226/148
f 330/226/148 329/230/151 335/231/152
f 330/226/148 335/231/152 336/227/149
f 336/227/149 335/231/152 341/232/153
f 336/227/149 341/232/153 342/158/89
f 342/158/89 341/232/153 347/160/91
f 112/228/46 113/233/46 323/229/150
f 323/229/150 113/233/46 328/234/154
f 323/229/150 328/234/154 329/230/151
f 329/230/151 328/234/154 334/235/155
f 329/230/151 334/235/155 335/231/152
f 335/231/152 334/235/155 340/236/156
f 335/231/152 340/236/156 341/232/153
f 341/232/153 340/236/156 346/237/157
f 341/232/153 346/237/157 347/160/91
f 347/160/91 346/237/157 352/162/93
f 113/233/46 114/238/46 328/234/154
f 328/234/154 114/238/46 333/239/158
f 328/234/154 333/239/158 334/235/155
f 334/235/155 333/239/158 339/240/159
f 334/235/155 339/240/159 340/236/156
f 340/236/156 339/240/159 345/241/160
f 340/236/156 345/241/160 346/237/157
f 346/237/157 345/241/160 351/242/161
f 346/237/157 351/242/161 352/162/93
f 352/162/93 351/242/161 357/164/95
f 114/238/46 115/243/46 333/239/158
f 333/239/158 115/243/46 338/244/162
f 333/239/158 338/244/162 339/240/159
f 339/240/159 338/244/162 344/245/163
f 339/240/159 344/245/163 345/241/160
f 345/241/160 344/245/163 350/246/164
f 345/241/160 350/246/164 351/242/161
f 351/242/161 350/246/164 356/247/165
f 351/242/161 356/247/165 357/164/95
f 357/164/95 356/247/165 362/166/96
f 115/243/46 116/248/46 338/244/162
f 338/244/162 116/248/46 343/249/166
f 338/244/162 343/249/166 344/245/163
f 344/245/163 343/249/166 349/250/167
f 344/245/163 349/250/167 350/246/164
f 350/246/164 349/250/167 355/251/168
f 350/246/164 355/251/168 356/247/165
f 356/247/165 355/251/168 361/252/169
f 356/247/165 361/252/169 362/166/96
f 362/166/96 361/252/169 367/168/98
f 116/248/46 117/253/46 343/249/166
f 343/249/166 117/253/46 348/254/170
f 343/249/166 348/254/170 349/250/167
f 349/250/167 348/254/170 354/255/171
f 349/250/167 354/255/171 355/251/168
f 355/251/168 354/255/171 360/256/172
f 355/251/168 360/256/172 361/252/169
f 361/252/169 360/256/172 366/257/173
f 361/252/169 366/257/173 367/168/98
f 367/168/98 366/257/173 372/170/100
f 117/253/46 118/258/46 348/254/170
f 348/254/170 118/258/46 353/259/174
f 348/254/170 353/259/174 354/255/171
f 354/255/171 353/259/174 359/260/175
f 354/255/171 359/260/175 360/256/172
f 360/256/172 359/260/175 365/261/176
f 360/256/172 365/261/176 366/257/173
f 366/257/173 365/261/176 371/262/177
f 366/257/173 371/262/177 372/170/100
f 372/170/100 371/262/177 377/172/102
f 118/258/46 119/263/46 353/259/174
f 353/259/174 119/263/46 358/264/178
f 353/259/174 358/264/178 359/260/175
f 359/260/175 358/264/178 364/265/179
f 359/260/175 364/265/179 365/261/176
f 365/261/176 364/265/179 370/266/180
f 365/261/176 370/266/180 371/262/177
f 371/262/177 370/266/180 376/267/181
f 371/262/177 376/267/181 377/172/102
f 377/172/102 376/267/181 382/174/103
f 119/263/46 120/268/46 358/264/178
f 358/264/178 120/268/46 363/269/182
f 358/264/178 363/269/182 364/265/179
f 364/265/179 363/269/182 369/270/183
f 364/265/179 369/270/183 370/266/180
f 370/266/180 369/270/183 375/271/184
f 370/266/180 375/271/184 376/267/181
f 376/267/181 375/271/184 381/272/185
f 376/267/181 381/272/185 382/174/103
f 382/174/103 381/272/185 387/176/105
f 120/268/46 121/273/46 363/269/182
f 363/269/182 121/273/46 368/274/186
f 363/269/182 368/274/186 369/270/183
f 369/270/183 368/274/186 374/275/187
f 369/270/183 374/275/187 375/271/184
f 375/271/184 374/275/187 380/276/188
f 375/271/184 380/276/188 381/272/185
f 381/272/185 380/276/188 386/277/189
f 381/272/185 386/277/189 387/176/105
f 387/176/105 386/277/189 392/178/107
f 121/273/46 122/278/46 368/274/186
f 368/274/186 122/278/46 373/279/190
f 368/274/186 373/279/190 374/275/187
f 374/275/187 373/279/190 379/280/191
f 374/275/187 379/280/191 380/276/188
f 380/276/188 379/280/191 385/281/192
f 380/276/188 385/281/192 386/277/189
f 386/277/189 385/281/192 391/282/193
f 386/277/189 391/282/193 392/178/107
f 392/178/107 391/282/193 397/180/109
f 122/278/46 123/283/46 373/279/190
f 373/279/190 123/283/46 378/284/194
f 373/279/190 378/284/194 379/280/191
f 379/280/191 378/284/194 384/285/195
f 379/280/191 384/285/195 385/281/192
f 385/281/192 384/285/195 390/286/196
f 385/281/192 390/286/196 391/282/193
f 391/282/193 390/286/196 396/287/197
f 391/282/193 396/287/197 397/180/109
f 397/180/109 396/287/197 402/182/110
f 123/283/46 124/288/46 378/284/194
f 378/284/194 124/288/46 383/289/198
f 378/284/194 383/289/198 384/285/195
f 384/285/195 383/289/198 389/290/199
f 384/285/195 389/290/199 390/286/196
f 390/286/196 389/290/199 395/291/200
f 390/286/196 395/291/200 396/287/197
f 396/287/197 395/291/200 401/292/201
f 396/287/197 401/292/201 402/182/110
f 402/182/110 401/292/201 407/184/112
f 124/288/46 125/293/46 383/289/198
f 383/289/198 125/293/46 388/294/202
f 383/289/198 388/294/202 389/290/199
f 389/290/199 388/294/202 394/295/203
f 389/290/199 394/295/203 395/291/200
f 395/291/200 394/295/203 400/296/204
f 395/291/200 400/296/204 401/292/201
f 401/292/201 400/296/204 406/297/205
f 401/292/201 406/297/205 407/184/112
f 407/184/112 406/297/205 413/186/114
f 125/293/46 126/298/46 388/294/202
f 388/294/202 126/298/46 393/299/206
f 388/294/202 393/299/206 394/295/203
f 394/295/203 393/299/206 399/300/207
f 394/295/203 399/300/207 400/296/204
f 400/296/204 399/300/207 405/301/208
f 400/296/204 405/301/208 406/297/205
f 406/297/205 405/301/208 414/302/209
f 406/297/205 414/302/209 413/186/114
f 413/186/114 414/302/209 412/188/116
f 126/298/46 127/303/46 393/299/206
f 393/299/206 127/303/46 398/304/210
f 393/299/206 398/304/210 399/300/207
f 399/300/207 398/304/210 404/305/211
f 399/300/207 404/305/211 405/301/208
f 405/301/208 404/305/211 415/306/212
f 405/301/208 415/306/212 414/302/209
f 414/302/209 415/306/212 411/307/213
f 414/302/209 411/307/213 412/188/116
f 412/188/116 411/307/213 422/190/117
f 127/303/46 128/308/46 398/304/210
f 398/304/210 128/308/46 403/309/214
f 398/304/210 403/309/214 404/305/211
f 404/305/211 403/309/214 416/310/215
f 404/305/211 416/310/215 415/306/212
f 415/306/212 416/310/215 410/311/216
f 415/306/212 410/311/216 411/307/213
f 411/307/213 410/311/216 421/312/217
f 411/307/213 421/312/217 422/190/117
f 422/190/117 421/312/217 427/192/119
f 128/308/46 129/313/46 403/309/214
f 403/309/214 129/313/46 417/314/218
f 403/309/214 417/314/218 416/310/215
f 416/310/215 417/314/218 409/315/219
f 416/310/215 409/315/219 410/311/216
f 410/311/216 409/315/219 420/316/220
f 410/311/216 420/316/220 421/312/217
f 421/312/217 420/316/220 426/317/221
f 421/312/217 426/317/221 427/192/119
f 427/192/119 426/317/221 432/194/121
f 417/314/218 129/313/46 408/318/222
f 408/318/222 129/313/46 130/319/46
f 408/318/222 130/319/46 418/320/223
f 418/320/223 130/319/46 131/321/46
f 418/320/223 131/321/46 423/322/224
f 423/322/224 131/321/46 132/323/46
f 423/322/224 132/323/46 428/324/225
f 428/324/225 132/323/46 133/325/46
f 428/324/225 133/325/46 433/326/226
f 433/326/226 133/325/46 134/327/46
f 433/326/226 134/327/46 438/328/227
f 438/328/227 134/327/46 135/329/46
f 438/328/227 135/329/46 443/330/228
f 443/330/228 135/329/46 136/331/46
f 443/330/228 136/331/46 448/332/229
f 448/332/229 136/331/46 137/333/46
f 448/332/229 137/333/46 453/334/230
f 453/334/230 137/333/46 138/335/46
f 453/334/230 138/335/46 458/336/231
f 458/336/231 138/335/46 139/337/46
f 458/336/231 139/337/46 463/338/232
f 463/338/232 139/337/46 140/339/46
f 463/338/232 140/339/46 468/340/233
f 468/340/233 140/339/46 141/341/46
f 468/340/233 141/341/46 473/342/234
f 473/342/234 141/341/46 142/343/46
f 473/342/234 142/343/46 478/344/235
f 478/344/235 142/343/46 143/345/46
f 478/344/235 143/345/46 483/346/236
f 483/346/236 143/345/46 144/347/46
f 483/346/236 144/347/46 488/348/237
f 488/348/237 144/347/46 145/349/46
f 488/348/237 145/349/46 493/350/238
f 493/350/238 145/349/46 146/351/46
f 493/350/238 146/351/46 498/352/239
f 498/352/239 146/351/46 147/353/46
f 498/352/239 147/353/46 503/99/49
f 503/99/49 147/353/46 91/97/46
f 183/156/88 184/354/240 332/154/86
f 332/154/86 184/354/240 327/355/241
f 332/154/86 327/355/241 326/152/84
f 326/152/84 327/355/241 321/356/242
f 326/152/84 321/356/242 320/150/82
f 320/150/82 321/356/242 310/357/243
f 320/150/82 310/357/243 309/148/80
f 309/148/80 310/357/243 316/358/244
f 309/148/80 316/358/244 317/146/78
f 317/146/78 316/358/244 303/144/77
f 184/354/240 185/359/245 327/355/241
f 327/355/241 185/359/245 322/360/246
f 327/355/241 322/360/246 321/356/242
f 321/356/242 322/360/246 311/361/247
f 321/356/242 311/361/247 310/357/243
f 310/357/243 311/361/247 315/362/248
f 310/357/243 315/362/248 316/358/244
f 316/358/244 315/362/248 304/363/249
f 316/358/244 304/363/249 303/144/77
f 303/144/77 304/363/249 298/142/76
f 185/359/245 186/364/41 322/360/246
f 322/360/246 186/364/41 312/365/250
f 322/360/246 312/365/250 311/361/247
f 311/361/247 312/365/250 314/366/251
f 311/361/247 314/366/251 315/362/248
f 315/362/248 314/366/251 305/367/252
f 315/362/248 305/367/252 304/363/249
f 304/363/249 305/367/252 299/368/253
f 304/363/249 299/368/253 298/142/76
f 298/142/76 299/368/253 293/140/75
f 186/364/41 187/369/254 312/365/250
f 312/365/250 187/369/254 313/370/255
f 312/365/250 313/370/255 314/366/251
f 314/366/251 313/370/255 306/371/256
f 314/366/251 306/371/256 305/367/252
f 305/367/252 306/371/256 300/372/257
f 305/367/252 300/372/257 299/368/253
f 299/368/253 300/372/257 294/373/258
f 299/368/253 294/373/258 293/140/75
f 293/140/75 294/373/258 288/138/74
f 187/369/254 188/374/259 313/370/255
f 313/370/255 188/374/259 307/375/260
f 313/370/255 307/375/260 306/371/256
f 306/371/256 307/375/260 301/376/261
f 306/371/256 301/376/261 300/372/257
f 300/372/257 301/376/261 295/377/262
f 300/372/257 295/377/262 294/373/258
f 294/373/258 295/377/262 289/378/263
f 294/373/258 289/378/263 288/138/74
f 288/138/74 289/378/263 283/136/73
f 188/374/259 189/379/264 307/375/260
f 307/375/260 189/379/264 302/380/265
f 307/375/260 302/380/265 301/376/261
f 301/376/261 302/380/265 296/381/266
f 301/376/261 296/381/266 295/377/262
f 295/377/262 296/381/266 290/382/267
f 295/377/262 290/382/267 289/378/263
f 289/378/263 290/382/267 284/383/268
f 289/378/263 284/383/268 283/136/73
f 283/136/73 284/383/268 278/134/72
f 189/379/264 190/384/38 302/380/265
f 302/380/265 190/384/38 297/385/269
f 302/380/265 297/385/269 296/381/266
f 296/381/266 297/385/269 291/386/270
f 296/381/266 291/386/270 290/382/267
f 290/382/267 291/386/270 285/387/271
f 290/382/267 285/387/271 284/383/268
f 284/383/268 285/387/271 279/388/272
f 284/383/268 279/388/272 278/134/72
f 278/134/72 279/388/272 273/132/71
f 190/384/38 191/389/273 297/385/269
f 297/385/269 191/389/273 292/390/274
f 297/385/269 292/390/274 291/386/270
f 291/386/270 292/390/274 286/391/275
f 291/386/270 286/391/275 285/387/271
f 285/387/271 286/391/275 280/392/276
f 285/387/271 280/392/276 279/388/272
f 279/388/272 280/392/276 274/393/277
f 279/388/272 274/393/277 273/132/71
f 273/132/71 274/393/277 268/130/70
f 191/389/273 192/394/278 292/390/274
f 292/390/274 192/394/278 287/395/279
f 292/390/274 287/395/279 286/391/275
f 286/391/275 287/395/279 281/396/280
f 286/391/275 281/396/280 280/392/276
f 280/392/276 281/396/280 275/397/281
f 280/392/276 275/397/281 274/393/277
f 274/393/277 275/397/281 269/398/282
f 274/393/277 269/398/282 268/130/70
f 268/130/70 269/398/282 263/128/69
f 192/394/278 193/399/283 287/395/279
f 287/395/279 193/399/283 282/400/284
f 287/395/279 282/400/284 281/396/280
f 281/396/280 282/400/284 276/401/285
f 281/396/280 276/401/285 275/397/281
f 275/397/281 276/401/285 270/402/286
f 275/397/281 270/402/286 269/398/282
f 269/398/282 270/402/286 264/403/287
f 269/398/282 264/403/287 263/128/69
f 263/128/69 264/403/287 258/126/68
f 193/399/283 194/404/35 282/400/284
f 282/400/284 194/404/35 277/405/288
f 282/400/284 277/405/288 276/401/285
f 276/401/285 277/405/288 271/406/289
f 276/401/285 271/406/289 270/402/286
f 270/402/286 271/406/289 265/407/290
f 270/402/286 265/407/290 264/403/287
f 264/403/287 265/407/290 259/408/291
f 264/403/287 259/408/291 258/126/68
f 258/126/68 259/408/291 253/124/67
f 194/404/35 195/409/292 277/405/288
f 277/405/288 195/409/292 272/410/293
f 277/405/288 272/410/293 271/406/289
f 271/406/289 272/410/293 266/411/294
f 271/406/289 266/411/294 265/407/290
f 265/407/290 266/411/294 260/412/295
f 265/407/290 260/412/295 259/408/291
f 259/408/291 260/412/295 254/413/296
f 259/408/291 254/413/296 253/124/67
f 253/124/67 254/413/296 248/122/66
f 195/409/292 196/414/297 272/410/293
f 272/410/293 196/414/297 267/415/298
f 272/410/293 267/415/298 266/411/294
f 266/411/294 267/415/298 261/416/299
f 266/411/294 261/416/299 260/412/295
f 260/412/295 261/416/299 255/417/300
f 260/412/295 255/417/300 254/413/296
f 254/413/296 255/417/300 249/418/301
f 254/413/296 249/418/301 248/122/66
f 248/122/66 249/418/301 243/120/65
f 196/414/297 197/419/302 267/415/298
f 267/415/298 197/419/302 262/420/303
f 267/415/298 262/420/303 261/416/299
f 261/416/299 262/420/303 256/421/304
f 261/416/299 256/421/304 255/417/300
f 255/417/300 256/421/304 250/422/305
f 255/417/300 250/422/305 249/418/301
f 249/418/301 250/422/305 244/423/306
f 249/418/301 244/423/306 243/120/65
f 243/120/65 244/423/306 238/118/64
f 197/419/302 198/424/32 262/420/303
f 262/420/303 198/424/32 257/425/307
f 262/420/303 257/425/307 256/421/304
f 256/421/304 257/425/307 251/426/308
f 256/421/304 251/426/308 250/422/305
f 250/422/305 251/426/308 245/427/309
f 250/422/305 245/427/309 244/423/306
f 244/423/306 245/427/309 239/428/310
f 244/423/306 239/428/310 238/118/64
f 238/118/64 239/428/310 233/116/63
f 198/424/32 199/429/311 257/425/307
f 257/425/307 199/429/311 252/430/312
f 257/425/307 252/430/312 251/426/308
f 251/426/308 252/430/312 246/431/313
f 251/426/308 246/431/313 245/427/309
f 245/427/309 246/431/313 240/432/314
f 245/427/309 240/432/314 239/428/310
f 239/428/310 240/432/314 234/433/315
f 239/428/310 234/433/315 233/116/63
f 233/116/63 234/433/315 228/114/62
f 199/429/311 200/434/316 252/430/312
f 252/430/312 200/434/316 247/435/317
f 252/430/312 247/435/317 246/431/313
f 246/431/313 247/435/317 241/436/318
f 246/431/313 241/436/318 240/432/314
f 240/432/314 241/436/318 235/437/319
f 240/432/314 235/437/319 234/433/315
f 234/433/315 235/437/319 229/438/320
f 234/433/315 229/438/320 228/114/62
f 228/114/62 229/438/320 223/112/61
f 200/434/316 201/439/321 247/435/317
f 247/435/317 201/439/321 242/440/322
f 247/435/317 242/440/322 241/436/318
f 241/436/318 242/440/322 236/441/323
f 241/436/318 236/441/323 235/437/319
f 235/437/319 236/441/323 230/442/324
f 235/437/319 230/442/324 229/438/320
f 229/438/320 230/442/324 224/443/325
f 229/438/320 224/443/325 223/112/61
f 223/112/61 224/443/325 218/110/60
f 201/439/321 202/444/29 242/440/322
f 242/440/322 202/444/29 237/445/326
f 242/440/322 237/445/326 236/441/323
f 236/441/323 237/445/326 231/446/327
f 236/441/323 231/446/327 230/442/324
f 230/442/324 231/446/327 225/447/328
f 230/442/324 225/447/328 224/443/325
f 224/443/325 225/447/328 219/448/329
f 224/443/325 219/448/329 218/110/60
f 218/110/60 219/448/329 213/94/47
f 202/444/29 203/449/330 237/445/326
f 237/445/326 203/449/330 232/450/331
f 237/445/326 232/450/331 231/446/327
f 231/446/327 232/450/331 226/451/332
f 231/446/327 226/451/332 225/447/328
f 225/447/328 226/451/332 220/452/333
f 225/447/328 220/452/333 219/448/329
f 219/448/329 220/452/333 214/453/334
f 219/448/329 214/453/334 213/94/47
f 213/94/47 214/453/334 208/96/48
f 203/449/330 204/454/335 232/450/331
f 232/450/331 204/454/335 227/455/336
f 232/450/331 227/455/336 226/451/332
f 226/451/332 227/455/336 221/456/337
f 226/451/332 221/456/337 220/452/333
f 220/452/333 221/456/337 215/457/338
f 220/452/333 215/457/338 214/453/334
f 214/453/334 215/457/338 209/458/50
f 214/453/334 209/458/50 208/96/48
f 204/454/335 205/459/339 227/455/336
f 227/455/336 205/459/339 222/460/340
f 227/455/336 222/460/340 221/456/337
f 221/456/337 222/460/340 216/461/341
f 221/456/337 216/461/341 215/457/338
f 215/457/338 216/461/341 210/462/52
f 215/457/338 210/462/52 209/458/50
f 205/459/339 206/463/26 222/460/340
f 222/460/340 206/463/26 217/464/342
f 222/460/340 217/464/342 216/461/341
f 216/461/341 217/464/342 211/465/54
f 216/461/341 211/465/54 210/462/52
f 206/463/26 207/466/343 217/464/342
f 217/464/342 207/466/343 212/467/56
f 217/464/342 212/467/56 211/465/54
f 207/466/343 148/468/58 212/467/56
f 417/314/218 408/318/222 409/315/219
f 409/315/219 408/318/222 419/469/344
f 409/315/219 419/469/344 420/316/220
f 420/316/220 419/469/344 425/470/345
f 420/316/220 425/470/345 426/317/221
f 426/317/221 425/470/345 431/471/346
f 426/317/221 431/471/346 432/194/121
f 432/194/121 431/471/346 437/196/123
f 408/318/222 418/320/223 419/469/344
f 419/469/344 418/320/223 424/472/347
f 419/469/344 424/472/347 425/470/345
f 425/470/345 424/472/347 430/473/348
f 425/470/345 430/473/348 431/471/346
f 431/471/346 430/473/348 436/474/349
f 431/471/346 436/474/349 437/196/123
f 437/196/123 436/474/349 442/198/124
f 418/320/223 423/322/224 424/472/347
f 424/472/347 423/322/224 429/475/350
f 424/472/347 429/475/350 430/473/348
f 430/473/348 429/475/350 435/476/351
f 430/473/348 435/476/351 436/474/349
f 436/474/349 435/476/351 441/477/352
f 436/474/349 441/477/352 442/198/124
f 442/198/124 441/477/352 447/200/126
f 423/322/224 428/324/225 429/475/350
f 429/475/350 428/324/225 434/478/353
f 429/475/350 434/478/353 435/476/351
f 435/476/351 434/478/353 440/479/354
f 435/476/351 440/479/354 441/477/352
f 441/477/352 440/479/354 446/480/355
f 441/477/352 446/480/355 447/200/126
f 447/200/126 446/480/355 452/202/128
f 428/324/225 433/326/226 434/478/353
f 434/478/353 433/326/226 439/481/356
f 434/478/353 439/481/356 440/479/354
f 440/479/354 439/481/356 445/482/357
f 440/479/354 445/482/357 446/480/355
f 446/480/355 445/482/357 451/483/358
f 446/480/355 451/483/358 452/202/128
f 452/202/128 451/483/358 457/204/130
f 433/326/226 438/328/227 439/481/356
f 439/481/356 438/328/227 444/484/359
f 439/481/356 444/484/359 445/482/357
f 445/482/357 444/484/359 450/485/360
f 445/482/357 450/485/360 451/483/358
f 451/483/358 450/485/360 456/486/361
f 451/483/358 456/486/361 457/204/130
f 457/204/130 456/486/361 462/206/131
f 438/328/227 443/330/228 444/484/359
f 444/484/359 443/330/228 449/487/362
f 444/484/359 449/487/362 450/485/360
f 450/485/360 449/487/362 455/488/363
f 450/485/360 455/488/363 456/486/361
f 456/486/361 455/488/363 461/489/364
f 456/486/361 461/489/364 462/206/131
f 462/206/131 461/489/364 467/208/133
f 443/330/228 448/332/229 449/487/362
f 449/487/362 448/332/229 454/490/365
f 449/487/362 454/490/365 455/488/363
f 455/488/363 454/490/365 460/491/366
f 455/488/363 460/491/366 461/489/364
f 461/489/364 460/491/366 466/492/367
f 461/489/364 466/492/367 467/208/133
f 467/208/133 466/492/367 472/210/135
f 448/332/229 453/334/230 454/490/365
f 454/490/365 453/334/230 459/493/368
f 454/490/365 459/493/368 460/491/366
f 460/491/366 459/493/368 465/494/369
f 460/491/366 465/494/369 466/492/367
f 466/492/367 465/494/369 471/495/370
f 466/492/367 471/495/370 472/210/135
f 472/210/135 471/495/370 477/212/137
f 453/334/230 458/336/231 459/493/368
f 459/493/368 458/336/231 464/496/371
f 459/493/368 464/496/371 465/494/369
f 465/494/369 464/496/371 470/497/372
f 465/494/369 470/497/372 471/495/370
f 471/495/370 470/497/372 476/498/373
f 471/495/370 476/498/373 477/212/137
f 477/212/137 476/498/373 482/214/138
f 458/336/231 463/338/232 464/496/371
f 464/496/371 463/338/232 469/499/374
f 464/496/371 469/499/374 470/497/372
f 470/497/372 469/499/374 475/500/375
f 470/497/372 475/500/375 476/498/373
f 476/498/373 475/500/375 481/501/376
f 476/498/373 481/501/376 482/214/138
f 482/214/138 481/501/376 487/216/140
f 463/338/232 468/340/233 469/499/374
f 469/499/374 468/340/233 474/502/377
f 469/499/374 474/502/377 475/500/375
f 475/500/375 474/502/377 480/503/378
f 475/500/375 480/503/378 481/501/376
f 481/501/376 480/503/378 486/504/379
f 481/501/376 486/504/379 487/216/140
f 487/216/140 486/504/379 492/218/142
f 468/340/233 473/342/234 474/502/377
f 474/502/377 473/342/234 479/505/380
f 474/502/377 479/505/380 480/503/378
f 480/503/378 479/505/380 485/506/381
f 480/503/378 485/506/381 486/504/379
f 486/504/379 485/506/381 491/507/382
f 486/504/379 491/507/382 492/218/142
f 492/218/142 491/507/382 497/220/144
f 473/342/234 478/344/235 479/505/380
f 479/505/380 478/344/235 484/508/383
f 479/505/380 484/508/383 485/506/381
f 485/506/381 484/508/383 490/509/384
f 485/506/381 490/509/384 491/507/382
f 491/507/382 490/509/384 496/510/385
f 491/507/382 496/510/385 497/220/144
f 497/220/144 496/510/385 502/222/145
f 478/344/235 483/346/236 484/508/383
f 484/508/383 483/346/236 489/511/386
f 484/508/383 489/511/386 490/509/384
f 490/509/384 489/511/386 495/512/387
f 490/509/384 495/512/387 496/510/385
f 496/510/385 495/512/387 501/513/388
f 496/510/385 501/513/388 502/222/145
f 502/222/145 501/513/388 507/107/57
f 483/346/236 488/348/237 489/511/386
f 489/511/386 488/348/237 494/514/389
f 489/511/386 494/514/389 495/512/387
f 495/512/387 494/514/389 500/515/390
f 495/512/387 500/515/390 501/513/388
f 501/513/388 500/515/390 506/105/55
f 501/513/388 506/105/55 507/107/57
f 488/348/237 493/350/238 494/514/389
f 494/514/389 493/350/238 499/516/391
f 494/514/389 499/516/391 500/515/390
f 500/515/390 499/516/391 505/103/53
f 500/515/390 505/103/53 506/105/55
f 493/350/238 498/352/239 499/516/391
f 499/516/391 498/352/239 504/101/51
f 499/516/391 504/101/51 505/103/53
f 503/99/49 504/101/51 498/352/239
f 509/517/59 570/518/59 508/519/58
f 508/519/58 570/518/59 568/520/58
f 508/521/58 568/522/58 567/523/343
f 567/523/343 568/522/58 686/524/343
f 567/523/343 686/524/343 566/525/26
f 566/525/26 686/524/343 684/526/26
f 566/525/26 684/526/26 565/527/339
f 565/527/339 684/526/26 682/528/339
f 565/527/339 682/528/339 564/529/335
f 564/529/335 682/528/339 680/530/335
f 564/529/335 680/530/335 563/531/330
f 563/531/330 680/530/335 678/532/330
f 563/531/330 678/532/330 562/533/29
f 562/533/29 678/532/330 676/534/29
f 562/533/29 676/534/29 561/535/321
f 561/535/321 676/534/29 674/536/321
f 561/535/321 674/536/321 560/537/316
f 560/537/316 674/536/321 672/538/316
f 560/537/316 672/538/316 559/539/311
f 559/539/311 672/538/316 670/540/311
f 559/539/311 670/540/311 558/541/32
f 558/541/32 670/540/311 668/542/32
f 558/541/32 668/542/32 557/543/302
f 557/543/302 668/542/32 666/544/302
f 557/543/302 666/544/302 556/545/297
f 556/545/297 666/544/302 664/546/297
f 556/545/297 664/546/297 555/547/292
f 555/547/292 664/546/297 662/548/292
f 555/547/292 662/548/292 554/549/35
f 554/549/35 662/548/292 660/550/35
f 554/549/35 660/550/35 553/551/283
f 553/551/283 660/550/35 658/552/283
f 553/551/283 658/552/283 552/553/278
f 552/553/278 658/552/283 656/554/278
f 552/553/278 656/554/278 551/555/273
f 551/555/273 656/554/278 654/556/273
f 551/555/273 654/556/273 550/557/38
f 550/557/38 654/556/273 652/558/38
f 550/557/38 652/558/38 549/559/264
f 549/559/264 652/558/38 650/560/264
f 549/559/264 650/560/264 548/561/259
f 548/561/259 650/560/264 648/562/259
f 548/561/259 648/562/259 547/563/254
f 547/563/254 648/562/259 646/564/254
f 547/563/254 646/564/254 546/565/41
f 546/565/41 646/564/254 644/566/41
f 546/565/41 644/566/41 545/567/245
f 545/567/245 644/566/41 642/568/245
f 545/567/245 642/568/245 544/569/240
f 544/569/240 642/568/245 640/570/240
f 544/569/240 640/570/240 543/571/88
f 543/571/88 640/570/240 638/572/88
f 543/571/88 638/572/88 542/573/44
f 542/573/44 638/572/88 636/574/44
f 542/573/44 636/574/44 541/575/90
f 541/575/90 636/574/44 634/576/90
f 541/575/90 634/576/90 540/577/92
f 540/577/92 634/576/90 632/578/92
f 540/577/92 632/578/92 539/579/94
f 539/579/94 632/578/92 630/580/94
f 539/579/94 630/580/94 538/581/2
f 538/581/2 630/580/94 628/582/2
f 538/581/2 628/582/2 537/583/97
f 537/583/97 628/582/2 626/584/97
f 537/583/97 626/584/97 536/585/99
f 536/585/99 626/584/97 624/586/99
f 536/585/99 624/586/99 535/587/101
f 535/587/101 624/586/99 622/588/101
f 535/587/101 622/588/101 534/589/5
f 534/589/5 622/588/101 620/590/5
f 534/589/5 620/590/5 533/591/104
f 533/591/104 620/590/5 618/592/104
f 533/591/104 618/592/104 532/593/106
f 532/593/106 618/592/104 616/594/106
f 532/593/106 616/594/106 531/595/108
f 531/595/108 616/594/106 614/596/108
f 531/595/108 614/596/108 530/597/8
f 530/597/8 614/596/108 612/598/8
f 530/597/8 612/598/8 529/599/111
f 529/599/111 612/598/8 610/600/111
f 529/599/111 610/600/111 528/601/113
f 528/601/113 610/600/111 608/602/113
f 528/601/113 608/602/113 527/603/115
f 527/603/115 608/602/113 606/604/115
f 527/603/115 606/604/115 526/605/11
f 526/605/11 606/604/115 604/606/11
f 526/605/11 604/606/11 525/607/118
f 525/607/118 604/606/11 602/608/118
f 525/607/118 602/608/118 524/609/120
f 524/609/120 602/608/118 600/610/120
f 524/609/120 600/610/120 523/611/122
f 523/611/122 600/610/120 598/612/122
f 523/611/122 598/612/122 522/613/14
f 522/613/14 598/612/122 596/614/14
f 522/613/14 596/614/14 521/615/125
f 521/615/125 596/614/14 594/616/125
f 521/615/125 594/616/125 520/617/127
f 520/617/127 594/616/125 592/618/127
f 520/617/127 592/618/127 519/619/129
f 519/619/129 592/618/127 590/620/129
f 519/619/129 590/620/129 518/621/17
f 518/621/17 590/620/129 588/622/17
f 518/621/17 588/622/17 517/623/132
f 517/623/132 588/622/17 586/624/132
f 517/623/132 586/624/132 516/625/134
f 516/625/134 586/624/132 584/626/134
f 516/625/134 584/626/134 515/627/136
f 515/627/136 584/626/134 582/628/136
f 515/627/136 582/628/136 514/629/20
f 514/629/20 582/628/136 580/630/20
f 514/629/20 580/630/20 513/631/139
f 513/631/139 580/630/20 578/632/139
f 513/631/139 578/632/139 512/633/141
f 512/633/141 578/632/139 576/634/141
f 512/633/141 576/634/141 511/635/143
f 511/635/143 576/634/141 574/636/143
f 511/635/143 574/636/143 510/637/23
f 510/637/23 574/636/143 572/638/23
f 510/637/23 572/638/23 509/517/59
f 509/517/59 572/638/23 570/518/59
f 207/639/343 687/640/343 148/641/58
f 148/641/58 687/640/343 569/642/58
f 148/643/58 569/644/58 149/645/59
f 149/645/59 569/644/58 571/646/59
f 149/645/59 571/646/59 150/647/23
f 150/647/23 571/646/59 573/648/23
f 150/647/23 573/648/23 151/649/143
f 151/649/143 573/648/23 575/650/143
f 151/649/143 575/650/143 152/651/141
f 152/651/141 575/650/143 577/652/141
f 152/651/141 577/652/141 153/653/139
f 153/653/139 577/652/141 579/654/139
f 153/653/139 579/654/139 154/655/20
f 154/655/20 579/654/139 581/656/20
f 154/655/20 581/656/20 155/657/136
f 155/657/136 581/656/20 583/658/136
f 155/657/136 583/658/136 156/659/134
f 156/659/134 583/658/136 585/660/134
f 156/659/134 585/660/134 157/661/132
f 157/661/132 585/660/134 587/662/132
f 157/661/132 587/662/132 158/663/17
f 158/663/17 587/662/132 589/664/17
f 158/663/17 589/664/17 159/665/129
f 159/665/129 589/664/17 591/666/129
f 159/665/129 591/666/129 160/667/127
f 160/667/127 591/666/129 593/668/127
f 160/667/127 593/668/127 161/669/125
f 161/669/125 593/668/127 595/670/125
f 161/669/125 595/670/125 162/671/14
f 162/671/14 595/670/125 597/672/14
f 162/671/14 597/672/14 163/673/122
f 163/673/122 597/672/14 599/674/122
f 163/673/122 599/674/122 164/675/120
f 164/675/120 599/674/122 601/676/120
f 164/675/120 601/676/120 165/677/118
f 165/677/118 601/676/120 603/678/118
f 165/677/118 603/678/118 166/679/11
f 166/679/11 603/678/118 605/680/11
f 166/679/11 605/680/11 167/681/115
f 167/681/115 605/680/11 607/682/115
f 167/681/115 607/682/115 168/683/113
f 168/683/113 607/682/115 609/684/113
f 168/683/113 609/684/113 169/685/111
f 169/685/111 609/684/113 611/686/111
f 169/685/111 611/686/111 170/687/8
f 170/687/8 611/686/111 613/688/8
f 170/687/8 613/688/8 171/689/108
f 171/689/108 613/688/8 615/690/108
f 171/689/108 615/690/108 172/691/106
f 172/691/106 615/690/108 617/692/106
f 172/691/106 617/692/106 173/693/104
f 173/693/104 617/692/106 619/694/104
f 173/693/104 619/694/104 174/695/5
f 174/695/5 619/694/104 621/696/5
f 174/695/5 621/696/5 175/697/101
f 175/697/101 621/696/5 623/698/101
f 175/697/101 623/698/101 176/699/99
f 176/699/99 623/698/101 625/700/99
f 176/699/99 625/700/99 177/701/97
f 177/701/97 625/700/99 627/702/97
f 177/701/97 627/702/97 178/703/2
f 178/703/2 627/702/97 629/704/2
f 178/703/2 629/704/2 179/705/94
f 179/705/94 629/704/2 631/706/94
f 179/705/94 631/706/94 180/707/92
f 180/707/92 631/706/94 633/708/92
f 180/707/92 633/708/92 181/709/90
f 181/709/90 633/708/92 635/710/90
f 181/709/90 635/710/90 182/711/44
f 182/711/44 635/710/90 637/712/44
f 182/711/44 637/712/44 183/713/88
f 183/713/88 637/712/44 639/714/88
f 183/713/88 639/714/88 184/715/240
f 184/715/240 639/714/88 641/716/240
f 184/715/240 641/716/240 185/717/245
f 185/717/245 641/716/240 643/718/245
f 185/717/245 643/718/245 186/719/41
f 186/719/41 643/718/245 645/720/41
f 186/719/41 645/720/41 187/721/254
f 187/721/254 645/720/41 647/722/254
f 187/721/254 647/722/254 188/723/259
f 188/723/259 647/722/254 649/724/259
f 188/723/259 649/724/259 189/725/264
f 189/725/264 649/724/259 651/726/264
f 189/725/264 651/726/264 190/727/38
f 190/727/38 651/726/264 653/728/38
f 190/727/38 653/728/38 191/729/273
f 191/729/273 653/728/38 655/730/273
f 191/729/273 655/730/273 192/731/278
f 192/731/278 655/730/273 657/732/278
f 192/731/278 657/732/278 193/733/283
f 193/733/283 657/732/278 659/734/283
f 193/733/283 659/734/283 194/735/35
f 194/735/35 659/734/283 661/736/35
f 194/735/35 661/736/35 195/737/292
f 195/737/292 661/736/35 663/738/292
f 195/737/292 663/738/292 196/739/297
f 196/739/297 663/738/292 665/740/297
f 196/739/297 665/740/297 197/741/302
f 197/741/302 665/740/297 667/742/302
f 197/741/302 667/742/302 198/743/32
f 198/743/32 667/742/302 669/744/32
f 198/743/32 669/744/32 199/745/311
f 199/745/311 669/744/32 671/746/311
f 199/745/311 671/746/311 200/747/316
f 200/747/316 671/746/311 673/748/316
f 200/747/316 673/748/316 201/749/321
f 201/749/321 673/748/316 675/750/321
f 201/749/321 675/750/321 202/751/29
f 202/751/29 675/750/321 677/752/29
f 202/751/29 677/752/29 203/753/330
f 203/753/330 677/752/29 679/754/330
f 203/753/330 679/754/330 204/755/335
f 204/755/335 679/754/330 681/756/335
f 204/755/335 681/756/335 205/757/339
f 205/757/339 681/756/335 683/758/339
f 205/757/339 683/758/339 206/759/26
f 206/759/26 683/758/339 685/760/26
f 206/759/26 685/760/26 207/639/343
f 207/639/343 685/760/26 687/640/343
f 568/522/58 569/642/58 686/524/343
f 686/524/343 569/642/58 687/640/343
f 686/524/343 687/640/343 684/526/26
f 684/526/26 687/640/343 685/760/26
f 684/526/26 685/760/26 682/528/339
f 682/528/339 685/760/26 683/758/339
f 682/528/339 683/758/339 680/530/335
f 680/530/335 683/758/339 681/756/335
f 680/530/335 681/756/335 678/532/330
f 678/532/330 681/756/335 679/754/330
f 678/532/330 679/754/330 676/534/29
f 676/534/29 679/754/330 677/752/29
f 676/534/29 677/752/29 674/536/321
f 674/536/321 677/752/29 675/750/321
f 674/536/321 675/750/321 672/538/316
f 672/538/316 675/750/321 673/748/316
f 672/538/316 673/748/316 670/540/311
f 670/540/311 673/748/316 671/746/311
f 670/540/311 671/746/311 668/542/32
f 668/542/32 671/746/311 669/744/32
f 668/542/32 669/744/32 666/544/302
f 666/544/302 669/744/32 667/742/302
f 666/544/302 667/742/302 664/546/297
f 664/546/297 667/742/302 665/740/297
f 664/546/297 665/740/297 662/548/292
f 662/548/292 665/740/297 663/738/292
f 662/548/292 663/738/292 660/550/35
f 660/550/35 663/738/292 661/736/35
f 660/550/35 661/736/35 658/552/283
f 658/552/283 661/736/35 659/734/283
f 658/552/283 659/734/283 656/554/278
f 656/554/278 659/734/283 657/732/278
f 656/554/278 657/732/278 654/556/273
f 654/556/273 657/732/278 655/730/273
f 654/556/273 655/730/273 652/558/38
f 652/558/38 655/730/273 653/728/38
f 652/558/38 653/728/38 650/560/264
f 650/560/264 653/728/38 651/726/264
f 650/560/264 651/726/264 648/562/259
f 648/562/259 651/726/264 649/724/259
f 648/562/259 649/724/259 646/564/254
f 646/564/254 649/724/259 647/722/254
f 646/564/254 647/722/254 644/566/41
f 644/566/41 647/722/254 645/720/41
f 644/566/41 645/720/41 642/568/245
f 642/568/245 645/720/41 643/718/245
f 642/568/245 643/718/245 640/570/240
f 640/570/240 643/718/245 641/716/240
f 640/570/240 641/716/240 638/572/88
f 638/572/88 641/716/240 639/714/88
f 638/572/88 639/714/88 636/574/44
f 636/574/44 639/714/88 637/712/44
f 636/574/44 637/712/44 634/576/90
f 634/576/90 637/712/44 635/710/90
f 634/576/90 635/710/90 632/578/92
f 632/578/92 635/710/90 633/708/92
f 632/578/92 633/708/92 630/580/94
f 630/580/94 633/708/92 631/706/94
f 630/580/94 631/706/94 628/582/2
f 628/582/2 631/706/94 629/704/2
f 628/582/2 629/704/2 626/584/97
f 626/584/97 629/704/2 627/702/97
f 626/584/97 627/702/97 624/586/99
f 624/586/99 627/702/97 625/700/99
f 624/586/99 625/700/99 622/588/101
f 622/588/101 625/700/99 623/698/101
f 622/588/101 623/698/101 620/590/5
f 620/590/5 623/698/101 621/696/5
f 620/590/5 621/696/5 618/592/104
f 618/592/104 621/696/5 619/694/104
f 618/592/104 619/694/104 616/594/106
f 616/594/106 619/694/104 617/692/106
f 616/594/106 617/692/106 614/596/108
f 614/596/108 617/692/106 615/690/108
f 614/596/108 615/690/108 612/598/8
f 612/598/8 615/690/108 613/688/8
f 612/598/8 613/688/8 610/600/111
f 610/600/111 613/688/8 611/686/111
f 610/600/111 611/686/111 608/602/113
f 608/602/113 611/686/111 609/684/113
f 608/602/113 609/684/113 606/604/115
f 606/604/115 609/684/113 607/682/115
f 606/604/115 607/682/115 604/606/11
f 604/606/11 607/682/115 605/680/11
f 604/606/11 605/680/11 602/608/118
f 602/608/118 605/680/11 603/678/118
f 602/608/118 603/678/118 600/610/120
f 600/610/120 603/678/118 601/676/120
f 600/610/120 601/676/120 598/612/122
f 598/612/122 601/676/120 599/674/122
f 598/612/122 599/674/122 596/614/14
f 596/614/14 599/674/122 597/672/14
f 596/614/14 597/672/14 594/616/125
f 594/616/125 597/672/14 595/670/125
f 594/616/125 595/670/125 592/618/127
f 592/618/127 595/670/125 593/668/127
f 592/618/127 593/668/127 590/620/129
f 590/620/129 593/668/127 591/666/129
f 590/620/129 591/666/129 588/622/17
f 588/622/17 591/666/129 589/664/17
f 588/622/17 589/664/17 586/624/132
f 586/624/132 589/664/17 587/662/132
f 586/624/132 587/662/132 584/626/134
f 584/626/134 587/662/132 585/660/134
f 584/626/134 585/660/134 582/628/136
f 582/628/136 585/660/134 583/658/136
f 582/628/136 583/658/136 580/630/20
f 580/630/20 583/658/136 581/656/20
f 580/630/20 581/656/20 578/632/139
f 578/632/139 581/656/20 579/654/139
f 578/632/139 579/654/139 576/634/141
f 576/634/141 579/654/139 577/652/141
f 576/634/141 577/652/141 574/636/143
f 574/636/143 577/652/141 575/650/143
f 574/636/143 575/650/143 572/638/23
f 572/638/23 575/650/143 573/648/23
f 572/638/23 573/648/23 570/518/59
f 570/518/59 573/648/23 571/646/59
f 570/518/59 571/646/59 568/520/58
f 568/520/58 571/646/59 569/644/58
f 92/761/46 91/762/46 121/763/46
f 121/763/46 91/762/46 147/764/46
f 121/763/46 147/764/46 146/765/46
f 121/763/46 146/765/46 122/766/46
f 122/766/46 146/765/46 145/767/46
f 122/766/46 145/767/46 123/768/46
f 123/768/46 145/767/46 144/769/46
f 123/768/46 144/769/46 124/770/46
f 124/770/46 144/769/46 143/771/46
f 124/770/46 143/771/46 125/772/46
f 125/772/46 143/771/46 142/773/46
f 125/772/46 142/773/46 126/774/46
f 126/774/46 142/773/46 141/775/46
f 126/774/46 141/775/46 127/776/46
f 127/776/46 141/775/46 140/777/46
f 127/776/46 140/777/46 128/778/46
f 128/778/46 140/777/46 139/779/46
f 128/778/46 139/779/46 129/780/46
f 129/780/46 139/779/46 138/781/46
f 129/780/46 138/781/46 130/782/46
f 130/782/46 138/781/46 137/783/46
f 130/782/46 137/783/46 131/784/46
f 131/784/46 137/783/46 136/785/46
f 131/784/46 136/785/46 132/786/46
f 132/786/46 136/785/46 135/787/46
f 132/786/46 135/787/46 133/788/46
f 133/788/46 135/787/46 134/789/46
f 120/790/46 118/791/46 121/763/46
f 121/763/46 118/791/46 117/792/46
f 121/763/46 117/792/46 116/793/46
f 120/790/46 119/794/46 118/791/46
f 116/793/46 115/795/46 121/763/46
f 121/763/46 115/795/46 114/796/46
f 121/763/46 114/796/46 113/797/46
f 113/797/46 112/798/46 121/763/46
f 121/763/46 112/798/46 111/799/46
f 121/763/46 111/799/46 110/800/46
f 110/800/46 109/801/46 121/763/46
f 121/763/46 109/801/46 108/802/46
f 121/763/46 108/802/46 107/803/46
f 107/803/46 106/804/46 121/763/46
f 121/763/46 106/804/46 105/805/46
f 121/763/46 105/805/46 104/806/46
f 104/806/46 103/807/46 121/763/46
f 121/763/46 103/807/46 102/808/46
f 121/763/46 102/808/46 101/809/46
f 101/809/46 100/810/46 121/763/46
f 121/763/46 100/810/46 99/811/46
f 121/763/46 99/811/46 98/812/46
f 98/812/46 97/813/46 121/763/46
f 121/763/46 97/813/46 96/814/46
f 121/763/46 96/814/46 95/815/46
f 95/815/46 94/816/46 121/763/46
f 121/763/46 94/816/46 93/817/46
f 121/763/46 93/817/46 92/761/46
f 567/466/343 750/818/392 508/468/58
f 508/468/58 750/818/392 745/819/393
f 508/108/58 745/820/393 509/109/59
f 509/109/59 745/820/393 1040/821/394
f 509/109/59 1040/821/394 510/221/23
f 510/221/23 1040/821/394 1035/822/395
f 510/221/23 1035/822/395 511/219/143
f 511/219/143 1035/822/395 1030/823/396
f 511/219/143 1030/823/396 512/217/141
f 512/217/141 1030/823/396 1025/824/397
f 512/217/141 1025/824/397 513/215/139
f 513/215/139 1025/824/397 1020/825/398
f 513/215/139 1020/825/398 514/213/20
f 514/213/20 1020/825/398 1015/826/399
f 514/213/20 1015/826/399 515/211/136
f 515/211/136 1015/826/399 1010/827/400
f 515/211/136 1010/827/400 516/209/134
f 516/209/134 1010/827/400 1005/828/401
f 516/209/134 1005/828/401 517/207/132
f 517/207/132 1005/828/401 1000/829/402
f 517/207/132 1000/829/402 518/205/17
f 518/205/17 1000/829/402 995/830/403
f 518/205/17 995/830/403 519/203/129
f 519/203/129 995/830/403 990/831/404
f 519/203/129 990/831/404 520/201/127
f 520/201/127 990/831/404 985/832/405
f 520/201/127 985/832/405 521/199/125
f 521/199/125 985/832/405 980/833/406
f 521/199/125 980/833/406 522/197/14
f 522/197/14 980/833/406 975/834/407
f 522/197/14 975/834/407 523/195/122
f 523/195/122 975/834/407 970/835/408
f 523/195/122 970/835/408 524/193/120
f 524/193/120 970/835/408 965/836/409
f 524/193/120 965/836/409 525/191/118
f 525/191/118 965/836/409 960/837/410
f 525/191/118 960/837/410 526/189/11
f 526/189/11 960/837/410 955/838/411
f 526/189/11 955/838/411 527/187/115
f 527/187/115 955/838/411 950/839/412
f 527/187/115 950/839/412 528/185/113
f 528/185/113 950/839/412 945/840/413
f 528/185/113 945/840/413 529/183/111
f 529/183/111 945/840/413 940/841/414
f 529/183/111 940/841/414 530/181/8
f 530/181/8 940/841/414 935/842/415
f 530/181/8 935/842/415 531/179/108
f 531/179/108 935/842/415 930/843/416
f 531/179/108 930/843/416 532/177/106
f 532/177/106 930/843/416 925/844/417
f 532/177/106 925/844/417 533/175/104
f 533/175/104 925/844/417 920/845/418
f 533/175/104 920/845/418 534/173/5
f 534/173/5 920/845/418 915/846/419
f 534/173/5 915/846/419 535/171/101
f 535/171/101 915/846/419 910/847/420
f 535/171/101 910/847/420 536/169/99
f 536/169/99 910/847/420 905/848/421
f 536/169/99 905/848/421 537/167/97
f 537/167/97 905/848/421 900/849/422
f 537/167/97 900/849/422 538/165/2
f 538/165/2 900/849/422 895/850/423
f 538/165/2 895/850/423 539/163/94
f 539/163/94 895/850/423 890/851/424
f 539/163/94 890/851/424 540/161/92
f 540/161/92 890/851/424 885/852/425
f 540/161/92 885/852/425 541/159/90
f 541/159/90 885/852/425 880/853/426
f 541/159/90 880/853/426 542/157/44
f 542/157/44 880/853/426 875/854/427
f 542/157/44 875/854/427 543/156/88
f 543/156/88 875/854/427 870/855/428
f 543/156/88 870/855/428 544/354/240
f 544/354/240 870/855/428 865/856/429
f 544/354/240 865/856/429 545/359/245
f 545/359/245 865/856/429 860/857/430
f 545/359/245 860/857/430 546/364/41
f 546/364/41 860/857/430 855/858/431
f 546/364/41 855/858/431 547/369/254
f 547/369/254 855/858/431 850/859/432
f 547/369/254 850/859/432 548/374/259
f 548/374/259 850/859/432 845/860/433
f 548/374/259 845/860/433 549/379/264
f 549/379/264 845/860/433 840/861/434
f 549/379/264 840/861/434 550/384/38
f 550/384/38 840/861/434 835/862/435
f 550/384/38 835/862/435 551/389/273
f 551/389/273 835/862/435 830/863/436
f 551/389/273 830/863/436 552/394/278
f 552/394/278 830/863/436 825/864/437
f 552/394/278 825/864/437 553/399/283
f 553/399/283 825/864/437 820/865/438
f 553/399/283 820/865/438 554/404/35
f 554/404/35 820/865/438 815/866/439
f 554/404/35 815/866/439 555/409/292
f 555/409/292 815/866/439 810/867/440
f 555/409/292 810/867/440 556/414/297
f 556/414/297 810/867/440 805/868/441
f 556/414/297 805/868/441 557/419/302
f 557/419/302 805/868/441 800/869/442
f 557/419/302 800/869/442 558/424/32
f 558/424/32 800/869/442 795/870/443
f 558/424/32 795/870/443 559/429/311
f 559/429/311 795/870/443 790/871/444
f 559/429/311 790/871/444 560/434/316
f 560/434/316 790/871/444 785/872/445
f 560/434/316 785/872/445 561/439/321
f 561/439/321 785/872/445 780/873/446
f 561/439/321 780/873/446 562/444/29
f 562/444/29 780/873/446 775/874/447
f 562/444/29 775/874/447 563/449/330
f 563/449/330 775/874/447 770/875/448
f 563/449/330 770/875/448 564/454/335
f 564/454/335 770/875/448 765/876/449
f 564/454/335 765/876/449 565/459/339
f 565/459/339 765/876/449 760/877/450
f 565/459/339 760/877/450 566/463/26
f 566/463/26 760/877/450 755/878/451
f 566/463/26 755/878/451 567/466/343
f 567/466/343 755/878/451 750/818/392
f 689/879/452 1044/880/453 688/881/452
f 688/881/452 1044/880/453 749/882/454
f 688/883/452 749/884/454 754/885/455
f 754/885/455 749/884/454 748/886/456
f 754/885/455 748/886/456 753/887/457
f 753/887/457 748/886/456 747/888/458
f 753/887/457 747/888/458 752/889/459
f 752/889/459 747/888/458 746/890/460
f 752/889/459 746/890/460 751/891/461
f 751/891/461 746/890/460 745/819/393
f 751/891/461 745/819/393 750/818/392
f 1044/880/453 689/879/452 1039/892/462
f 1039/892/462 689/879/452 690/893/452
f 1039/892/462 690/893/452 1034/894/463
f 1034/894/463 690/893/452 691/895/452
f 1034/894/463 691/895/452 1029/896/464
f 1029/896/464 691/895/452 692/897/452
f 1029/896/464 692/897/452 1024/898/465
f 1024/898/465 692/897/452 693/899/452
f 1024/898/465 693/899/452 1019/900/466
f 1019/900/466 693/899/452 694/901/452
f 1019/900/466 694/901/452 1014/902/467
f 1014/902/467 694/901/452 695/903/452
f 1014/902/467 695/903/452 1009/904/468
f 1009/904/468 695/903/452 696/905/452
f 1009/904/468 696/905/452 1004/906/469
f 1004/906/469 696/905/452 697/907/452
f 1004/906/469 697/907/452 999/908/470
f 999/908/470 697/907/452 698/909/452
f 999/908/470 698/909/452 994/910/471
f 994/910/471 698/909/452 699/911/452
f 994/910/471 699/911/452 989/912/472
f 989/912/472 699/911/452 700/913/452
f 989/912/472 700/913/452 984/914/473
f 984/914/473 700/913/452 701/915/452
f 984/914/473 701/915/452 979/916/474
f 979/916/474 701/915/452 702/917/452
f 979/916/474 702/917/452 974/918/475
f 974/918/475 702/917/452 703/919/452
f 974/918/475 703/919/452 969/920/476
f 969/920/476 703/919/452 704/921/452
f 969/920/476 704/921/452 964/922/477
f 964/922/477 704/921/452 705/923/452
f 964/922/477 705/923/452 959/924/478
f 959/924/478 705/923/452 706/925/452
f 959/924/478 706/925/452 954/926/479
f 954/926/479 706/925/452 707/927/452
f 954/926/479 707/927/452 949/928/480
f 949/928/480 707/927/452 944/929/481
f 949/928/480 944/929/481 943/930/482
f 943/930/482 944/929/481 938/931/483
f 943/930/482 938/931/483 937/932/484
f 937/932/484 938/931/483 932/933/485
f 937/932/484 932/933/485 931/934/486
f 931/934/486 932/933/485 926/935/487
f 931/934/486 926/935/487 925/844/417
f 925/844/417 926/935/487 920/845/418
f 707/927/452 708/936/452 944/929/481
f 944/929/481 708/936/452 939/937/488
f 944/929/481 939/937/488 938/931/483
f 938/931/483 939/937/488 933/938/489
f 938/931/483 933/938/489 932/933/485
f 932/933/485 933/938/489 927/939/490
f 932/933/485 927/939/490 926/935/487
f 926/935/487 927/939/490 921/940/491
f 926/935/487 921/940/491 920/845/418
f 920/845/418 921/940/491 915/846/419
f 708/936/452 709/941/452 939/937/488
f 939/937/488 709/941/452 934/942/492
f 939/937/488 934/942/492 933/938/489
f 933/938/489 934/942/492 928/943/493
f 933/938/489 928/943/493 927/939/490
f 927/939/490 928/943/493 922/944/494
f 927/939/490 922/944/494 921/940/491
f 921/940/491 922/944/494 916/945/495
f 921/940/491 916/945/495 915/846/419
f 915/846/419 916/945/495 910/847/420
f 709/941/452 710/946/452 934/942/492
f 934/942/492 710/946/452 929/947/496
f 934/942/492 929/947/496 928/943/493
f 928/943/493 929/947/496 923/948/497
f 928/943/493 923/948/497 922/944/494
f 922/944/494 923/948/497 917/949/498
f 922/944/494 917/949/498 916/945/495
f 916/945/495 917/949/498 911/950/499
f 916/945/495 911/950/499 910/847/420
f 910/847/420 911/950/499 905/848/421
f 710/946/452 711/951/452 929/947/496
f 929/947/496 711/951/452 924/952/500
f 929/947/496 924/952/500 923/948/497
f 923/948/497 924/952/500 918/953/501
f 923/948/497 918/953/501 917/949/498
f 917/949/498 918/953/501 912/954/502
f 917/949/498 912/954/502 911/950/499
f 911/950/499 912/954/502 906/955/503
f 911/950/499 906/955/503 905/848/421
f 905/848/421 906/955/503 900/849/422
f 711/951/452 712/956/452 924/952/500
f 924/952/500 712/956/452 919/957/504
f 924/952/500 919/957/504 918/953/501
f 918/953/501 919/957/504 913/958/505
f 918/953/501 913/958/505 912/954/502
f 912/954/502 913/958/505 907/959/506
f 912/954/502 907/959/506 906/955/503
f 906/955/503 907/959/506 901/960/507
f 906/955/503 901/960/507 900/849/422
f 900/849/422 901/960/507 895/850/423
f 712/956/452 713/961/452 919/957/504
f 919/957/504 713/961/452 914/962/508
f 919/957/504 914/962/508 913/958/505
f 913/958/505 914/962/508 908/963/509
f 913/958/505 908/963/509 907/959/506
f 907/959/506 908/963/509 902/964/510
f 907/959/506 902/964/510 901/960/507
f 901/960/507 902/964/510 896/965/511
f 901/960/507 896/965/511 895/850/423
f 895/850/423 896/965/511 890/851/424
f 713/961/452 714/966/452 914/962/508
f 914/962/508 714/966/452 909/967/512
f 914/962/508 909/967/512 908/963/509
f 908/963/509 909/967/512 903/968/513
f 908/963/509 903/968/513 902/964/510
f 902/964/510 903/968/513 897/969/514
f 902/964/510 897/969/514 896/965/511
f 896/965/511 897/969/514 891/970/515
f 896/965/511 891/970/515 890/851/424
f 890/851/424 891/970/515 885/852/425
f 714/966/452 715/971/452 909/967/512
f 909/967/512 715/971/452 904/972/516
f 909/967/512 904/972/516 903/968/513
f 903/968/513 904/972/516 898/973/517
f 903/968/513 898/973/517 897/969/514
f 897/969/514 898/973/517 892/974/518
f 897/969/514 892/974/518 891/970/515
f 891/970/515 892/974/518 886/975/519
f 891/970/515 886/975/519 885/852/425
f 885/852/425 886/975/519 880/853/426
f 715/971/452 716/976/452 904/972/516
f 904/972/516 716/976/452 899/977/520
f 904/972/516 899/977/520 898/973/517
f 898/973/517 899/977/520 893/978/521
f 898/973/517 893/978/521 892/974/518
f 892/974/518 893/978/521 887/979/522
f 892/974/518 887/979/522 886/975/519
f 886/975/519 887/979/522 881/980/523
f 886/975/519 881/980/523 880/853/426
f 880/853/426 881/980/523 875/854/427
f 716/976/452 717/981/452 899/977/520
f 899/977/520 717/981/452 894/982/524
f 899/977/520 894/982/524 893/978/521
f 893/978/521 894/982/524 888/983/525
f 893/978/521 888/983/525 887/979/522
f 887/979/522 888/983/525 882/984/526
f 887/979/522 882/984/526 881/980/523
f 881/980/523 882/984/526 876/985/527
f 881/980/523 876/985/527 875/854/427
f 875/854/427 876/985/527 870/855/428
f 717/981/452 718/986/452 894/982/524
f 894/982/524 718/986/452 889/987/528
f 894/982/524 889/987/528 888/983/525
f 888/983/525 889/987/528 883/988/529
f 888/983/525 883/988/529 882/984/526
f 882/984/526 883/988/529 877/989/530
f 882/984/526 877/989/530 876/985/527
f 876/985/527 877/989/530 871/990/531
f 876/985/527 871/990/531 870/855/428
f 870/855/428 871/990/531 865/856/429
f 718/986/452 719/991/452 889/987/528
f 889/987/528 719/991/452 884/992/532
f 889/987/528 884/992/532 883/988/529
f 883/988/529 884/992/532 878/993/533
f 883/988/529 878/993/533 877/989/530
f 877/989/530 878/993/533 872/994/534
f 877/989/530 872/994/534 871/990/531
f 871/990/531 872/994/534 866/995/535
f 871/990/531 866/995/535 865/856/429
f 865/856/429 866/995/535 860/857/430
f 719/991/452 720/996/452 884/992/532
f 884/992/532 720/996/452 879/997/536
f 884/992/532 879/997/536 878/993/533
f 878/993/533 879/997/536 873/998/537
f 878/993/533 873/998/537 872/994/534
f 872/994/534 873/998/537 867/999/538
f 872/994/534 867/999/538 866/995/535
f 866/995/535 867/999/538 861/1000/539
f 866/995/535 861/1000/539 860/857/430
f 860/857/430 861/1000/539 855/858/431
f 720/996/452 721/1001/452 879/997/536
f 879/997/536 721/1001/452 874/1002/540
f 879/997/536 874/1002/540 873/998/537
f 873/998/537 874/1002/540 868/1003/541
f 873/998/537 868/1003/541 867/999/538
f 867/999/538 868/1003/541 862/1004/542
f 867/999/538 862/1004/542 861/1000/539
f 861/1000/539 862/1004/542 856/1005/543
f 861/1000/539 856/1005/543 855/858/431
f 855/858/431 856/1005/543 850/859/432
f 721/1001/452 722/1006/452 874/1002/540
f 874/1002/540 722/1006/452 869/1007/544
f 874/1002/540 869/1007/544 868/1003/541
f 868/1003/541 869/1007/544 863/1008/545
f 868/1003/541 863/1008/545 862/1004/542
f 862/1004/542 863/1008/545 857/1009/546
f 862/1004/542 857/1009/546 856/1005/543
f 856/1005/543 857/1009/546 851/1010/547
f 856/1005/543 851/1010/547 850/859/432
f 850/859/432 851/1010/547 845/860/433
f 722/1006/452 723/1011/452 869/1007/544
f 869/1007/544 723/1011/452 864/1012/548
f 869/1007/544 864/1012/548 863/1008/545
f 863/1008/545 864/1012/548 858/1013/549
f 863/1008/545 858/1013/549 857/1009/546
f 857/1009/546 858/1013/549 852/1014/550
f 857/1009/546 852/1014/550 851/1010/547
f 851/1010/547 852/1014/550 846/1015/551
f 851/1010/547 846/1015/551 845/860/433
f 845/860/433 846/1015/551 840/861/434
f 723/1011/452 724/1016/452 864/1012/548
f 864/1012/548 724/1016/452 859/1017/552
f 864/1012/548 859/1017/552 858/1013/549
f 858/1013/549 859/1017/552 853/1018/553
f 858/1013/549 853/1018/553 852/1014/550
f 852/1014/550 853/1018/553 847/1019/554
f 852/1014/550 847/1019/554 846/1015/551
f 846/1015/551 847/1019/554 841/1020/555
f 846/1015/551 841/1020/555 840/861/434
f 840/861/434 841/1020/555 835/862/435
f 724/1016/452 725/1021/452 859/1017/552
f 859/1017/552 725/1021/452 854/1022/556
f 859/1017/552 854/1022/556 853/1018/553
f 853/1018/553 854/1022/556 848/1023/557
f 853/1018/553 848/1023/557 847/1019/554
f 847/1019/554 848/1023/557 842/1024/558
f 847/1019/554 842/1024/558 841/1020/555
f 841/1020/555 842/1024/558 836/1025/559
f 841/1020/555 836/1025/559 835/862/435
f 835/862/435 836/1025/559 830/863/436
f 725/1021/452 726/1026/452 854/1022/556
f 854/1022/556 726/1026/452 849/1027/560
f 854/1022/556 849/1027/560 848/1023/557
f 848/1023/557 849/1027/560 843/1028/561
f 848/1023/557 843/1028/561 842/1024/558
f 842/1024/558 843/1028/561 837/1029/562
f 842/1024/558 837/1029/562 836/1025/559
f 836/1025/559 837/1029/562 831/1030/563
f 836/1025/559 831/1030/563 830/863/436
f 830/863/436 831/1030/563 825/864/437
f 849/1027/560 726/1026/452 844/1031/564
f 844/1031/564 726/1026/452 727/1032/452
f 844/1031/564 727/1032/452 839/1033/565
f 839/1033/565 727/1032/452 728/1034/452
f 839/1033/565 728/1034/452 834/1035/566
f 834/1035/566 728/1034/452 729/1036/452
f 834/1035/566 729/1036/452 829/1037/567
f 829/1037/567 729/1036/452 730/1038/452
f 829/1037/567 730/1038/452 824/1039/568
f 824/1039/568 730/1038/452 731/1040/452
f 824/1039/568 731/1040/452 819/1041/569
f 819/1041/569 731/1040/452 732/1042/452
f 819/1041/569 732/1042/452 814/1043/570
f 814/1043/570 732/1042/452 733/1044/452
f 814/1043/570 733/1044/452 809/1045/571
f 809/1045/571 733/1044/452 734/1046/452
f 809/1045/571 734/1046/452 804/1047/572
f 804/1047/572 734/1046/452 735/1048/452
f 804/1047/572 735/1048/452 799/1049/573
f 799/1049/573 735/1048/452 736/1050/452
f 799/1049/573 736/1050/452 794/1051/574
f 794/1051/574 736/1050/452 737/1052/452
f 794/1051/574 737/1052/452 789/1053/575
f 789/1053/575 737/1052/452 738/1054/452
f 789/1053/575 738/1054/452 784/1055/576
f 784/1055/576 738/1054/452 739/1056/452
f 784/1055/576 739/1056/452 779/1057/577
f 779/1057/577 739/1056/452 740/1058/452
f 779/1057/577 740/1058/452 774/1059/578
f 774/1059/578 740/1058/452 741/1060/452
f 774/1059/578 741/1060/452 769/1061/579
f 769/1061/579 741/1060/452 742/1062/452
f 769/1061/579 742/1062/452 764/1063/580
f 764/1063/580 742/1062/452 743/1064/452
f 764/1063/580 743/1064/452 759/1065/581
f 759/1065/581 743/1064/452 744/1066/452
f 759/1065/581 744/1066/452 754/885/455
f 754/885/455 744/1066/452 688/883/452
f 745/820/393 746/1067/460 1040/821/394
f 1040/821/394 746/1067/460 1041/1068/582
f 1040/821/394 1041/1068/582 1035/822/395
f 1035/822/395 1041/1068/582 1036/1069/583
f 1035/822/395 1036/1069/583 1030/823/396
f 1030/823/396 1036/1069/583 1031/1070/584
f 1030/823/396 1031/1070/584 1025/824/397
f 1025/824/397 1031/1070/584 1026/1071/585
f 1025/824/397 1026/1071/585 1020/825/398
f 1020/825/398 1026/1071/585 1021/1072/586
f 1020/825/398 1021/1072/586 1015/826/399
f 1015/826/399 1021/1072/586 1016/1073/587
f 1015/826/399 1016/1073/587 1010/827/400
f 1010/827/400 1016/1073/587 1011/1074/588
f 1010/827/400 1011/1074/588 1005/828/401
f 1005/828/401 1011/1074/588 1006/1075/589
f 1005/828/401 1006/1075/589 1000/829/402
f 1000/829/402 1006/1075/589 1001/1076/590
f 1000/829/402 1001/1076/590 995/830/403
f 995/830/403 1001/1076/590 996/1077/591
f 995/830/403 996/1077/591 990/831/404
f 990/831/404 996/1077/591 991/1078/592
f 990/831/404 991/1078/592 985/832/405
f 985/832/405 991/1078/592 986/1079/593
f 985/832/405 986/1079/593 980/833/406
f 980/833/406 986/1079/593 981/1080/594
f 980/833/406 981/1080/594 975/834/407
f 975/834/407 981/1080/594 976/1081/595
f 975/834/407 976/1081/595 970/835/408
f 970/835/408 976/1081/595 971/1082/596
f 970/835/408 971/1082/596 965/836/409
f 965/836/409 971/1082/596 966/1083/597
f 965/836/409 966/1083/597 960/837/410
f 960/837/410 966/1083/597 961/1084/598
f 960/837/410 961/1084/598 955/838/411
f 955/838/411 961/1084/598 956/1085/599
f 955/838/411 956/1085/599 950/839/412
f 950/839/412 956/1085/599 951/1086/600
f 950/839/412 951/1086/600 945/840/413
f 945/840/413 951/1086/600 946/1087/601
f 945/840/413 946/1087/601 940/841/414
f 940/841/414 946/1087/601 941/1088/602
f 940/841/414 941/1088/602 935/842/415
f 935/842/415 941/1088/602 936/1089/603
f 935/842/415 936/1089/603 930/843/416
f 930/843/416 936/1089/603 931/934/486
f 930/843/416 931/934/486 925/844/417
f 746/1067/460 747/1090/458 1041/1068/582
f 1041/1068/582 747/1090/458 1042/1091/604
f 1041/1068/582 1042/1091/604 1036/1069/583
f 1036/1069/583 1042/1091/604 1037/1092/605
f 1036/1069/583 1037/1092/605 1031/1070/584
f 1031/1070/584 1037/1092/605 1032/1093/606
f 1031/1070/584 1032/1093/606 1026/1071/585
f 1026/1071/585 1032/1093/606 1027/1094/607
f 1026/1071/585 1027/1094/607 1021/1072/586
f 1021/1072/586 1027/1094/607 1022/1095/608
f 1021/1072/586 1022/1095/608 1016/1073/587
f 1016/1073/587 1022/1095/608 1017/1096/609
f 1016/1073/587 1017/1096/609 1011/1074/588
f 1011/1074/588 1017/1096/609 1012/1097/610
f 1011/1074/588 1012/1097/610 1006/1075/589
f 1006/1075/589 1012/1097/610 1007/1098/611
f 1006/1075/589 1007/1098/611 1001/1076/590
f 1001/1076/590 1007/1098/611 1002/1099/612
f 1001/1076/590 1002/1099/612 996/1077/591
f 996/1077/591 1002/1099/612 997/1100/613
f 996/1077/591 997/1100/613 991/1078/592
f 991/1078/592 997/1100/613 992/1101/614
f 991/1078/592 992/1101/614 986/1079/593
f 986/1079/593 992/1101/614 987/1102/615
f 986/1079/593 987/1102/615 981/1080/594
f 981/1080/594 987/1102/615 982/1103/616
f 981/1080/594 982/1103/616 976/1081/595
f 976/1081/595 982/1103/616 977/1104/617
f 976/1081/595 977/1104/617 971/1082/596
f 971/1082/596 977/1104/617 972/1105/618
f 971/1082/596 972/1105/618 966/1083/597
f 966/1083/597 972/1105/618 967/1106/619
f 966/1083/597 967/1106/619 961/1084/598
f 961/1084/598 967/1106/619 962/1107/620
f 961/1084/598 962/1107/620 956/1085/599
f 956/1085/599 962/1107/620 957/1108/621
f 956/1085/599 957/1108/621 951/1086/600
f 951/1086/600 957/1108/621 952/1109/622
f 951/1086/600 952/1109/622 946/1087/601
f 946/1087/601 952/1109/622 947/1110/623
f 946/1087/601 947/1110/623 941/1088/602
f 941/1088/602 947/1110/623 942/1111/624
f 941/1088/602 942/1111/624 936/1089/603
f 936/1089/603 942/1111/624 937/932/484
f 936/1089/603 937/932/484 931/934/486
f 747/1090/458 748/1112/456 1042/1091/604
f 1042/1091/604 748/1112/456 1043/1113/625
f 1042/1091/604 1043/1113/625 1037/1092/605
f 1037/1092/605 1043/1113/625 1038/1114/626
f 1037/1092/605 1038/1114/626 1032/1093/606
f 1032/1093/606 1038/1114/626 1033/1115/627
f 1032/1093/606 1033/1115/627 1027/1094/607
f 1027/1094/607 1033/1115/627 1028/1116/628
f 1027/1094/607 1028/1116/628 1022/1095/608
f 1022/1095/608 1028/1116/628 1023/1117/629
f 1022/1095/608 1023/1117/629 1017/1096/609
f 1017/1096/609 1023/1117/629 1018/1118/630
f 1017/1096/609 1018/1118/630 1012/1097/610
f 1012/1097/610 1018/1118/630 1013/1119/631
f 1012/1097/610 1013/1119/631 1007/1098/611
f 1007/1098/611 1013/1119/631 1008/1120/632
f 1007/1098/611 1008/1120/632 1002/1099/612
f 1002/1099/612 1008/1120/632 1003/1121/633
f 1002/1099/612 1003/1121/633 997/1100/613
f 997/1100/613 1003/1121/633 998/1122/634
f 997/1100/613 998/1122/634 992/1101/614
f 992/1101/614 998/1122/634 993/1123/635
f 992/1101/614 993/1123/635 987/1102/615
f 987/1102/615 993/1123/635 988/1124/636
f 987/1102/615 988/1124/636 982/1103/616
f 982/1103/616 988/1124/636 983/1125/637
f 982/1103/616 983/1125/637 977/1104/617
f 977/1104/617 983/1125/637 978/1126/638
f 977/1104/617 978/1126/638 972/1105/618
f 972/1105/618 978/1126/638 973/1127/639
f 972/1105/618 973/1127/639 967/1106/619
f 967/1106/619 973/1127/639 968/1128/640
f 967/1106/619 968/1128/640 962/1107/620
f 962/1107/620 968/1128/640 963/1129/641
f 962/1107/620 963/1129/641 957/1108/621
f 957/1108/621 963/1129/641 958/1130/642
f 957/1108/621 958/1130/642 952/1109/622
f 952/1109/622 958/1130/642 953/1131/643
f 952/1109/622 953/1131/643 947/1110/623
f 947/1110/623 953/1131/643 948/1132/644
f 947/1110/623 948/1132/644 942/1111/624
f 942/1111/624 948/1132/644 943/930/482
f 942/1111/624 943/930/482 937/932/484
f 748/1112/456 749/882/454 1043/1113/625
f 1043/1113/625 749/882/454 1044/880/453
f 1043/1113/625 1044/880/453 1038/1114/626
f 1038/1114/626 1044/880/453 1039/892/462
f 1038/1114/626 1039/892/462 1033/1115/627
f 1033/1115/627 1039/892/462 1034/894/463
f 1033/1115/627 1034/894/463 1028/1116/628
f 1028/1116/628 1034/894/463 1029/896/464
f 1028/1116/628 1029/896/464 1023/1117/629
f 1023/1117/629 1029/896/464 1024/898/465
f 1023/1117/629 1024/898/465 1018/1118/630
f 1018/1118/630 1024/898/465 1019/900/466
f 1018/1118/630 1019/900/466 1013/1119/631
f 1013/1119/631 1019/900/466 1014/902/467
f 1013/1119/631 1014/902/467 1008/1120/632
f 1008/1120/632 1014/902/467 1009/904/468
f 1008/1120/632 1009/904/468 1003/1121/633
f 1003/1121/633 1009/904/468 1004/906/469
f 1003/1121/633 1004/906/469 998/1122/634
f 998/1122/634 1004/906/469 999/908/470
f 998/1122/634 999/908/470 993/1123/635
f 993/1123/635 999/908/470 994/910/471
f 993/1123/635 994/910/471 988/1124/636
f 988/1124/636 994/910/471 989/912/472
f 988/1124/636 989/912/472 983/1125/637
f 983/1125/637 989/912/472 984/914/473
f 983/1125/637 984/914/473 978/1126/638
f 978/1126/638 984/914/473 979/916/474
f 978/1126/638 979/916/474 973/1127/639
f 973/1127/639 979/916/474 974/918/475
f 973/1127/639 974/918/475 968/1128/640
f 968/1128/640 974/918/475 969/920/476
f 968/1128/640 969/920/476 963/1129/641
f 963/1129/641 969/920/476 964/922/477
f 963/1129/641 964/922/477 958/1130/642
f 958/1130/642 964/922/477 959/924/478
f 958/1130/642 959/924/478 953/1131/643
f 953/1131/643 959/924/478 954/926/479
f 953/1131/643 954/926/479 948/1132/644
f 948/1132/644 954/926/479 949/928/480
f 948/1132/644 949/928/480 943/930/482
f 751/891/461 750/818/392 756/1133/645
f 756/1133/645 750/818/392 755/878/451
f 756/1133/645 755/878/451 761/1134/646
f 761/1134/646 755/878/451 760/877/450
f 761/1134/646 760/877/450 766/1135/647
f 766/1135/647 760/877/450 765/876/449
f 766/1135/647 765/876/449 771/1136/648
f 771/1136/648 765/876/449 770/875/448
f 771/1136/648 770/875/448 776/1137/649
f 776/1137/649 770/875/448 775/874/447
f 776/1137/649 775/874/447 781/1138/650
f 781/1138/650 775/874/447 780/873/446
f 781/1138/650 780/873/446 786/1139/651
f 786/1139/651 780/873/446 785/872/445
f 786/1139/651 785/872/445 791/1140/652
f 791/1140/652 785/872/445 790/871/444
f 791/1140/652 790/871/444 796/1141/653
f 796/1141/653 790/871/444 795/870/443
f 796/1141/653 795/870/443 801/1142/654
f 801/1142/654 795/870/443 800/869/442
f 801/1142/654 800/869/442 806/1143/655
f 806/1143/655 800/869/442 805/868/441
f 806/1143/655 805/868/441 811/1144/656
f 811/1144/656 805/868/441 810/867/440
f 811/1144/656 810/867/440 816/1145/657
f 816/1145/657 810/867/440 815/866/439
f 816/1145/657 815/866/439 821/1146/658
f 821/1146/658 815/866/439 820/865/438
f 821/1146/658 820/865/438 826/1147/659
f 826/1147/659 820/865/438 825/864/437
f 826/1147/659 825/864/437 831/1030/563
f 752/889/459 751/891/461 757/1148/660
f 757/1148/660 751/891/461 756/1133/645
f 757/1148/660 756/1133/645 762/1149/661
f 762/1149/661 756/1133/645 761/1134/646
f 762/1149/661 761/1134/646 767/1150/662
f 767/1150/662 761/1134/646 766/1135/647
f 767/1150/662 766/1135/647 772/1151/663
f 772/1151/663 766/1135/647 771/1136/648
f 772/1151/663 771/1136/648 777/1152/664
f 777/1152/664 771/1136/648 776/1137/649
f 777/1152/664 776/1137/649 782/1153/665
f 782/1153/665 776/1137/649 781/1138/650
f 782/1153/665 781/1138/650 787/1154/666
f 787/1154/666 781/1138/650 786/1139/651
f 787/1154/666 786/1139/651 792/1155/667
f 792/1155/667 786/1139/651 791/1140/652
f 792/1155/667 791/1140/652 797/1156/668
f 797/1156/668 791/1140/652 796/1141/653
f 797/1156/668 796/1141/653 802/1157/669
f 802/1157/669 796/1141/653 801/1142/654
f 802/1157/669 801/1142/654 807/1158/670
f 807/1158/670 801/1142/654 806/1143/655
f 807/1158/670 806/1143/655 812/1159/671
f 812/1159/671 806/1143/655 811/1144/656
f 812/1159/671 811/1144/656 817/1160/672
f 817/1160/672 811/1144/656 816/1145/657
f 817/1160/672 816/1145/657 822/1161/673
f 822/1161/673 816/1145/657 821/1146/658
f 822/1161/673 821/1146/658 827/1162/674
f 827/1162/674 821/1146/658 826/1147/659
f 827/1162/674 826/1147/659 832/1163/675
f 832/1163/675 826/1147/659 831/1030/563
f 832/1163/675 831/1030/563 837/1029/562
f 759/1065/581 754/885/455 753/887/457
f 753/887/457 752/889/459 758/1164/676
f 758/1164/676 752/889/459 757/1148/660
f 758/1164/676 757/1148/660 763/1165/677
f 763/1165/677 757/1148/660 762/1149/661
f 763/1165/677 762/1149/661 768/1166/678
f 768/1166/678 762/1149/661 767/1150/662
f 768/1166/678 767/1150/662 773/1167/679
f 773/1167/679 767/1150/662 772/1151/663
f 773/1167/679 772/1151/663 778/1168/680
f 778/1168/680 772/1151/663 777/1152/664
f 778/1168/680 777/1152/664 783/1169/681
f 783/1169/681 777/1152/664 782/1153/665
f 783/1169/681 782/1153/665 788/1170/682
f 788/1170/682 782/1153/665 787/1154/666
f 788/1170/682 787/1154/666 793/1171/683
f 793/1171/683 787/1154/666 792/1155/667
f 793/1171/683 792/1155/667 798/1172/684
f 798/1172/684 792/1155/667 797/1156/668
f 798/1172/684 797/1156/668 803/1173/685
f 803/1173/685 797/1156/668 802/1157/669
f 803/1173/685 802/1157/669 808/1174/686
f 808/1174/686 802/1157/669 807/1158/670
f 808/1174/686 807/1158/670 813/1175/687
f 813/1175/687 807/1158/670 812/1159/671
f 813/1175/687 812/1159/671 818/1176/688
f 818/1176/688 812/1159/671 817/1160/672
f 818/1176/688 817/1160/672 823/1177/689
f 823/1177/689 817/1160/672 822/1161/673
f 823/1177/689 822/1161/673 828/1178/690
f 828/1178/690 822/1161/673 827/1162/674
f 828/1178/690 827/1162/674 833/1179/691
f 833/1179/691 827/1162/674 832/1163/675
f 833/1179/691 832/1163/675 838/1180/692
f 838/1180/692 832/1163/675 837/1029/562
f 838/1180/692 837/1029/562 843/1028/561
f 764/1063/580 759/1065/581 758/1164/676
f 758/1164/676 759/1065/581 753/887/457
f 764/1063/580 758/1164/676 763/1165/677
f 769/1061/579 764/1063/580 763/1165/677
f 769/1061/579 763/1165/677 768/1166/678
f 774/1059/578 769/1061/579 768/1166/678
f 774/1059/578 768/1166/678 773/1167/679
f 779/1057/577 774/1059/578 773/1167/679
f 779/1057/577 773/1167/679 778/1168/680
f 784/1055/576 779/1057/577 778/1168/680
f 784/1055/576 778/1168/680 783/1169/681
f 789/1053/575 784/1055/576 783/1169/681
f 789/1053/575 783/1169/681 788/1170/682
f 794/1051/574 789/1053/575 788/1170/682
f 794/1051/574 788/1170/682 793/1171/683
f 799/1049/573 794/1051/574 793/1171/683
f 799/1049/573 793/1171/683 798/1172/684
f 804/1047/572 799/1049/573 798/1172/684
f 804/1047/572 798/1172/684 803/1173/685
f 809/1045/571 804/1047/572 803/1173/685
f 809/1045/571 803/1173/685 808/1174/686
f 814/1043/570 809/1045/571 808/1174/686
f 814/1043/570 808/1174/686 813/1175/687
f 819/1041/569 814/1043/570 813/1175/687
f 819/1041/569 813/1175/687 818/1176/688
f 824/1039/568 819/1041/569 818/1176/688
f 824/1039/568 818/1176/688 823/1177/689
f 829/1037/567 824/1039/568 823/1177/689
f 829/1037/567 823/1177/689 828/1178/690
f 834/1035/566 829/1037/567 828/1178/690
f 834/1035/566 828/1178/690 833/1179/691
f 839/1033/565 834/1035/566 833/1179/691
f 839/1033/565 833/1179/691 838/1180/692
f 844/1031/564 839/1033/565 838/1180/692
f 844/1031/564 838/1180/692 843/1028/561
f 849/1027/560 844/1031/564 843/1028/561
f 90/1181/452 717/1182/452 46/1183/452
f 46/1183/452 717/1182/452 716/1184/452
f 46/1183/452 716/1184/452 47/1185/452
f 47/1185/452 716/1184/452 715/1186/452
f 47/1185/452 715/1186/452 48/1187/452
f 48/1187/452 715/1186/452 714/1188/452
f 48/1187/452 714/1188/452 713/1189/452
f 717/1182/452 90/1181/452 718/1190/452
f 718/1190/452 90/1181/452 89/1191/452
f 718/1190/452 89/1191/452 719/1192/452
f 719/1192/452 89/1191/452 720/1193/452
f 720/1193/452 89/1191/452 88/1194/452
f 720/1193/452 88/1194/452 721/1195/452
f 721/1195/452 88/1194/452 87/1196/452
f 721/1195/452 87/1196/452 722/1197/452
f 722/1197/452 87/1196/452 86/1198/452
f 722/1197/452 86/1198/452 723/1199/452
f 723/1199/452 86/1198/452 85/1200/452
f 723/1199/452 85/1200/452 724/1201/452
f 724/1201/452 85/1200/452 725/1202/452
f 725/1202/452 85/1200/452 84/1203/452
f 725/1202/452 84/1203/452 726/1204/452
f 726/1204/452 84/1203/452 83/1205/452
f 726/1204/452 83/1205/452 727/1206/452
f 727/1206/452 83/1205/452 82/1207/452
f 727/1206/452 82/1207/452 728/1208/452
f 728/1208/452 82/1207/452 729/1209/452
f 729/1209/452 82/1207/452 81/1210/452
f 729/1209/452 81/1210/452 730/1211/452
f 730/1211/452 81/1210/452 80/1212/452
f 730/1211/452 80/1212/452 731/1213/452
f 731/1213/452 80/1212/452 79/1214/452
f 731/1213/452 79/1214/452 732/1215/452
f 732/1215/452 79/1214/452 78/1216/452
f 732/1215/452 78/1216/452 733/1217/452
f 733/1217/452 78/1216/452 734/1218/452
f 734/1218/452 78/1216/452 77/1219/452
f 734/1218/452 77/1219/452 735/1220/452
f 735/1220/452 77/1219/452 76/1221/452
f 735/1220/452 76/1221/452 736/1222/452
f 736/1222/452 76/1221/452 75/1223/452
f 736/1222/452 75/1223/452 737/1224/452
f 737/1224/452 75/1223/452 74/1225/452
f 737/1224/452 74/1225/452 738/1226/452
f 738/1226/452 74/1225/452 739/1227/452
f 739/1227/452 74/1225/452 73/1228/452
f 739/1227/452 73/1228/452 740/1229/452
f 740/1229/452 73/1228/452 72/1230/452
f 740/1229/452 72/1230/452 741/1231/452
f 741/1231/452 72/1230/452 71/1232/452
f 741/1231/452 71/1232/452 742/1233/452
f 742/1233/452 71/1232/452 70/1234/452
f 742/1233/452 70/1234/452 743/1235/452
f 743/1235/452 70/1234/452 744/1236/452
f 744/1236/452 70/1234/452 69/1237/452
f 744/1236/452 69/1237/452 688/1238/452
f 688/1238/452 69/1237/452 68/1239/452
f 688/1238/452 68/1239/452 689/1240/452
f 689/1240/452 68/1239/452 67/1241/452
f 689/1240/452 67/1241/452 690/1242/452
f 690/1242/452 67/1241/452 691/1243/452
f 691/1243/452 67/1241/452 66/1244/452
f 691/1243/452 66/1244/452 692/1245/452
f 692/1245/452 66/1244/452 65/1246/452
f 692/1245/452 65/1246/452 693/1247/452
f 693/1247/452 65/1246/452 64/1248/452
f 693/1247/452 64/1248/452 694/1249/452
f 694/1249/452 64/1248/452 63/1250/452
f 694/1249/452 63/1250/452 695/1251/452
f 695/1251/452 63/1250/452 696/1252/452
f 696/1252/452 63/1250/452 62/1253/452
f 696/1252/452 62/1253/452 697/1254/452
f 697/1254/452 62/1253/452 61/1255/452
f 697/1254/452 61/1255/452 698/1256/452
f 698/1256/452 61/1255/452 60/1257/452
f 698/1256/452 60/1257/452 699/1258/452
f 699/1258/452 60/1257/452 59/1259/452
f 699/1258/452 59/1259/452 700/1260/452
f 700/1260/452 59/1259/452 701/1261/452
f 701/1261/452 59/1259/452 58/1262/452
f 701/1261/452 58/1262/452 702/1263/452
f 702/1263/452 58/1262/452 57/1264/452
f 702/1263/452 57/1264/452 703/1265/452
f 703/1265/452 57/1264/452 56/1266/452
f 703/1265/452 56/1266/452 704/1267/452
f 704/1267/452 56/1266/452 55/1268/452
f 704/1267/452 55/1268/452 705/1269/452
f 705/1269/452 55/1268/452 706/1270/452
f 706/1270/452 55/1268/452 54/1271/452
f 706/1270/452 54/1271/452 707/1272/452
f 707/1272/452 54/1271/452 53/1273/452
f 707/1272/452 53/1273/452 708/1274/452
f 708/1274/452 53/1273/452 52/1275/452
f 708/1274/452 52/1275/452 709/1276/452
f 709/1276/452 52/1275/452 710/1277/452
f 710/1277/452 52/1275/452 51/1278/452
f 710/1277/452 51/1278/452 711/1279/452
f 711/1279/452 51/1278/452 50/1280/452
f 711/1279/452 50/1280/452 712/1281/452
f 712/1281/452 50/1280/452 49/1282/452
f 712/1281/452 49/1282/452 713/1189/452
f 713/1189/452 49/1282/452 48/1187/452
f 1046/1283/693 1099/1284/694 1045/165/58
f 1045/165/58 1099/1284/694 1108/1285/695
f 1045/165/58 1108/1285/695 1091/1286/696
f 1091/1286/696 1108/1285/695 1322/1287/697
f 1091/1286/696 1322/1287/697 1090/1288/698
f 1090/1288/698 1322/1287/697 1317/1289/699
f 1090/1288/698 1317/1289/699 1089/1290/700
f 1089/1290/700 1317/1289/699 1312/1291/701
f 1089/1290/700 1312/1291/701 1088/1292/702
f 1088/1292/702 1312/1291/701 1307/1293/703
f 1088/1292/702 1307/1293/703 1087/1294/704
f 1087/1294/704 1307/1293/703 1302/1295/705
f 1087/1294/704 1302/1295/705 1086/1296/706
f 1086/1296/706 1302/1295/705 1297/1297/707
f 1086/1296/706 1297/1297/707 1085/1298/708
f 1085/1298/708 1297/1297/707 1292/1299/709
f 1085/1298/708 1292/1299/709 1084/1300/710
f 1084/1300/710 1292/1299/709 1287/1301/711
f 1084/1300/710 1287/1301/711 1083/1302/712
f 1083/1302/712 1287/1301/711 1282/1303/713
f 1083/1302/712 1282/1303/713 1082/1304/714
f 1082/1304/714 1282/1303/713 1277/1305/715
f 1082/1304/714 1277/1305/715 1081/1306/716
f 1081/1306/716 1277/1305/715 1272/1307/717
f 1081/1306/716 1272/1307/717 1080/1308/718
f 1080/1308/718 1272/1307/717 1268/1309/719
f 1080/1308/718 1268/1309/719 1079/1310/720
f 1079/1310/720 1268/1309/719 1263/1311/721
f 1079/1310/720 1263/1311/721 1078/1312/722
f 1078/1312/722 1263/1311/721 1258/1313/723
f 1078/1312/722 1258/1313/723 1077/1314/724
f 1077/1314/724 1258/1313/723 1253/1315/725
f 1077/1314/724 1253/1315/725 1076/1316/726
f 1076/1316/726 1253/1315/725 1248/1317/727
f 1076/1316/726 1248/1317/727 1075/1318/728
f 1075/1318/728 1248/1317/727 1243/1319/729
f 1075/1318/728 1243/1319/729 1074/1320/730
f 1074/1320/730 1243/1319/729 1238/1321/731
f 1074/1320/730 1238/1321/731 1073/1322/732
f 1073/1322/732 1238/1321/731 1233/1323/733
f 1073/1322/732 1233/1323/733 1072/1324/734
f 1072/1324/734 1233/1323/733 1228/1325/735
f 1072/1324/734 1228/1325/735 1071/1326/736
f 1071/1326/736 1228/1325/735 1223/1327/737
f 1071/1326/736 1223/1327/737 1070/1328/738
f 1070/1328/738 1223/1327/737 1218/1329/739
f 1070/1328/738 1218/1329/739 1069/1330/740
f 1069/1330/740 1218/1329/739 1092/1331/96
f 1069/1330/740 1092/1331/96 1068/1332/741
f 1068/1333/741 1092/1334/96 1213/1335/742
f 1068/1333/741 1213/1335/742 1067/1336/743
f 1067/1336/743 1213/1335/742 1208/1337/744
f 1067/1336/743 1208/1337/744 1066/1338/745
f 1066/1338/745 1208/1337/744 1203/1339/746
f 1066/1338/745 1203/1339/746 1065/1340/747
f 1065/1340/747 1203/1339/746 1198/1341/748
f 1065/1340/747 1198/1341/748 1064/1342/749
f 1064/1342/749 1198/1341/748 1193/1343/750
f 1064/1342/749 1193/1343/750 1063/1344/751
f 1063/1344/751 1193/1343/750 1188/1345/752
f 1063/1344/751 1188/1345/752 1062/1346/753
f 1062/1346/753 1188/1345/752 1183/1347/754
f 1062/1346/753 1183/1347/754 1061/1348/755
f 1061/1348/755 1183/1347/754 1178/1349/756
f 1061/1348/755 1178/1349/756 1060/1350/757
f 1060/1350/757 1178/1349/756 1173/1351/758
f 1060/1350/757 1173/1351/758 1059/1352/759
f 1059/1352/759 1173/1351/758 1168/1353/760
f 1059/1352/759 1168/1353/760 1058/1354/761
f 1058/1354/761 1168/1353/760 1164/1355/762
f 1058/1354/761 1164/1355/762 1057/1356/763
f 1057/1356/763 1164/1355/762 1159/1357/764
f 1057/1356/763 1159/1357/764 1056/1358/765
f 1056/1358/765 1159/1357/764 1154/1359/766
f 1056/1358/765 1154/1359/766 1055/1360/767
f 1055/1360/767 1154/1359/766 1149/1361/768
f 1055/1360/767 1149/1361/768 1054/1362/769
f 1054/1362/769 1149/1361/768 1144/1363/770
f 1054/1362/769 1144/1363/770 1053/1364/771
f 1053/1364/771 1144/1363/770 1139/1365/772
f 1053/1364/771 1139/1365/772 1052/1366/773
f 1052/1366/773 1139/1365/772 1134/1367/774
f 1052/1366/773 1134/1367/774 1051/1368/775
f 1051/1368/775 1134/1367/774 1129/1369/776
f 1051/1368/775 1129/1369/776 1050/1370/777
f 1050/1370/777 1129/1369/776 1124/1371/778
f 1050/1370/777 1124/1371/778 1049/1372/779
f 1049/1372/779 1124/1371/778 1119/1373/780
f 1049/1372/779 1119/1373/780 1048/1374/781
f 1048/1374/781 1119/1373/780 1114/1375/782
f 1048/1374/781 1114/1375/782 1047/1376/783
f 1047/1376/783 1114/1375/782 1109/1377/784
f 1047/1376/783 1109/1377/784 1046/1283/693
f 1046/1283/693 1109/1377/784 1099/1284/694
f 45/1378/46 1104/1379/785 1/260/46
f 1/260/46 1104/1379/785 1103/1380/786
f 1/260/46 1103/1380/786 2/1381/46
f 2/1381/46 1103/1380/786 1113/1382/787
f 2/1381/46 1113/1382/787 3/1383/46
f 3/1383/46 1113/1382/787 1118/1384/788
f 3/1383/46 1118/1384/788 4/1385/46
f 4/1385/46 1118/1384/788 1123/1386/789
f 4/1385/46 1123/1386/789 5/1387/46
f 5/1387/46 1123/1386/789 1128/1388/790
f 5/1387/46 1128/1388/790 6/1389/46
f 6/1389/46 1128/1388/790 1133/1390/791
f 6/1389/46 1133/1390/791 7/1391/46
f 7/1391/46 1133/1390/791 1138/1392/792
f 7/1391/46 1138/1392/792 8/1393/46
f 8/1393/46 1138/1392/792 1143/1394/793
f 8/1393/46 1143/1394/793 9/1395/46
f 9/1395/46 1143/1394/793 1148/1396/794
f 9/1395/46 1148/1396/794 10/1397/46
f 10/1397/46 1148/1396/794 1153/1398/795
f 10/1397/46 1153/1398/795 11/1399/46
f 11/1399/46 1153/1398/795 1158/1400/796
f 11/1399/46 1158/1400/796 12/1401/46
f 12/1401/46 1158/1400/796 1163/1402/797
f 12/1401/46 1163/1402/797 1098/1403/798
f 1098/1403/798 1163/1402/797 1162/1404/799
f 1098/1403/798 1162/1404/799 1167/1405/800
f 1167/1405/800 1162/1404/799 1161/1406/801
f 1167/1405/800 1161/1406/801 1166/1407/802
f 1166/1407/802 1161/1406/801 1160/1408/803
f 1166/1407/802 1160/1408/803 1165/1409/804
f 1165/1409/804 1160/1408/803 1159/1357/764
f 1165/1409/804 1159/1357/764 1164/1355/762
f 1104/1379/785 45/1378/46 1326/1410/805
f 1326/1410/805 45/1378/46 44/1411/46
f 1326/1410/805 44/1411/46 1321/1412/806
f 1321/1412/806 44/1411/46 43/1413/46
f 1321/1412/806 43/1413/46 1316/1414/807
f 1316/1414/807 43/1413/46 42/1415/46
f 1316/1414/807 42/1415/46 1311/1416/808
f 1311/1416/808 42/1415/46 41/1417/46
f 1311/1416/808 41/1417/46 1306/1418/809
f 1306/1418/809 41/1417/46 40/1419/46
f 1306/1418/809 40/1419/46 1301/1420/810
f 1301/1420/810 40/1419/46 39/1421/46
f 1301/1420/810 39/1421/46 1296/1422/811
f 1296/1422/811 39/1421/46 38/1423/46
f 1296/1422/811 38/1423/46 1291/1424/812
f 1291/1424/812 38/1423/46 37/1425/46
f 1291/1424/812 37/1425/46 1286/1426/813
f 1286/1426/813 37/1425/46 36/1427/46
f 1286/1426/813 36/1427/46 1281/1428/814
f 1281/1428/814 36/1427/46 35/1429/46
f 1281/1428/814 35/1429/46 1276/1430/815
f 1276/1430/815 35/1429/46 1097/1431/816
f 1276/1430/815 1097/1431/816 1271/1432/817
f 1271/1432/817 1097/1431/816 1266/1433/818
f 1271/1432/817 1266/1433/818 1265/1434/819
f 1265/1434/819 1266/1433/818 1260/1435/820
f 1265/1434/819 1260/1435/820 1259/1436/821
f 1259/1436/821 1260/1435/820 1254/1437/822
f 1259/1436/821 1254/1437/822 1253/1315/725
f 1253/1315/725 1254/1437/822 1248/1317/727
f 35/1429/46 34/1438/46 1097/1431/816
f 1097/1431/816 34/1438/46 1267/1439/823
f 1097/1431/816 1267/1439/823 1266/1433/818
f 1266/1433/818 1267/1439/823 1261/1440/824
f 1266/1433/818 1261/1440/824 1260/1435/820
f 1260/1435/820 1261/1440/824 1255/1441/825
f 1260/1435/820 1255/1441/825 1254/1437/822
f 1254/1437/822 1255/1441/825 1249/1442/826
f 1254/1437/822 1249/1442/826 1248/1317/727
f 1248/1317/727 1249/1442/826 1243/1319/729
f 34/1438/46 33/1443/46 1267/1439/823
f 1267/1439/823 33/1443/46 1262/1444/827
f 1267/1439/823 1262/1444/827 1261/1440/824
f 1261/1440/824 1262/1444/827 1256/1445/828
f 1261/1440/824 1256/1445/828 1255/1441/825
f 1255/1441/825 1256/1445/828 1250/1446/829
f 1255/1441/825 1250/1446/829 1249/1442/826
f 1249/1442/826 1250/1446/829 1244/1447/830
f 1249/1442/826 1244/1447/830 1243/1319/729
f 1243/1319/729 1244/1447/830 1238/1321/731
f 33/1443/46 32/1448/46 1262/1444/827
f 1262/1444/827 32/1448/46 1257/1449/831
f 1262/1444/827 1257/1449/831 1256/1445/828
f 1256/1445/828 1257/1449/831 1251/1450/832
f 1256/1445/828 1251/1450/832 1250/1446/829
f 1250/1446/829 1251/1450/832 1245/1451/833
f 1250/1446/829 1245/1451/833 1244/1447/830
f 1244/1447/830 1245/1451/833 1239/1452/834
f 1244/1447/830 1239/1452/834 1238/1321/731
f 1238/1321/731 1239/1452/834 1233/1323/733
f 32/1448/46 31/1453/46 1257/1449/831
f 1257/1449/831 31/1453/46 1252/1454/835
f 1257/1449/831 1252/1454/835 1251/1450/832
f 1251/1450/832 1252/1454/835 1246/1455/836
f 1251/1450/832 1246/1455/836 1245/1451/833
f 1245/1451/833 1246/1455/836 1240/1456/837
f 1245/1451/833 1240/1456/837 1239/1452/834
f 1239/1452/834 1240/1456/837 1234/1457/838
f 1239/1452/834 1234/1457/838 1233/1323/733
f 1233/1323/733 1234/1457/838 1228/1325/735
f 31/1453/46 30/1458/46 1252/1454/835
f 1252/1454/835 30/1458/46 1247/1459/839
f 1252/1454/835 1247/1459/839 1246/1455/836
f 1246/1455/836 1247/1459/839 1241/1460/840
f 1246/1455/836 1241/1460/840 1240/1456/837
f 1240/1456/837 1241/1460/840 1235/1461/841
f 1240/1456/837 1235/1461/841 1234/1457/838
f 1234/1457/838 1235/1461/841 1229/1462/842
f 1234/1457/838 1229/1462/842 1228/1325/735
f 1228/1325/735 1229/1462/842 1223/1327/737
f 30/1458/46 29/1463/46 1247/1459/839
f 1247/1459/839 29/1463/46 1242/1464/843
f 1247/1459/839 1242/1464/843 1241/1460/840
f 1241/1460/840 1242/1464/843 1236/1465/844
f 1241/1460/840 1236/1465/844 1235/1461/841
f 1235/1461/841 1236/1465/844 1230/1466/845
f 1235/1461/841 1230/1466/845 1229/1462/842
f 1229/1462/842 1230/1466/845 1224/1467/846
f 1229/1462/842 1224/1467/846 1223/1327/737
f 1223/1327/737 1224/1467/846 1218/1329/739
f 29/1463/46 28/1468/46 1242/1464/843
f 1242/1464/843 28/1468/46 1237/1469/847
f 1242/1464/843 1237/1469/847 1236/1465/844
f 1236/1465/844 1237/1469/847 1231/1470/848
f 1236/1465/844 1231/1470/848 1230/1466/845
f 1230/1466/845 1231/1470/848 1225/1471/849
f 1230/1466/845 1225/1471/849 1224/1467/846
f 1224/1467/846 1225/1471/849 1219/1472/850
f 1224/1467/846 1219/1472/850 1218/1329/739
f 1218/1329/739 1219/1472/850 1092/1331/96
f 28/1468/46 27/1473/46 1237/1469/847
f 1237/1469/847 27/1473/46 1232/1474/851
f 1237/1469/847 1232/1474/851 1231/1470/848
f 1231/1470/848 1232/1474/851 1226/1475/852
f 1231/1470/848 1226/1475/852 1225/1471/849
f 1225/1471/849 1226/1475/852 1220/1476/853
f 1225/1471/849 1220/1476/853 1219/1472/850
f 1219/1472/850 1220/1476/853 1093/1477/169
f 1219/1472/850 1093/1477/169 1092/1331/96
f 1092/1334/96 1093/1478/169 1213/1335/742
f 27/1473/46 26/1479/46 1232/1474/851
f 1232/1474/851 26/1479/46 1227/1480/854
f 1232/1474/851 1227/1480/854 1226/1475/852
f 1226/1475/852 1227/1480/854 1221/1481/855
f 1226/1475/852 1221/1481/855 1220/1476/853
f 1220/1476/853 1221/1481/855 1094/1482/172
f 1220/1476/853 1094/1482/172 1093/1477/169
f 1093/1478/169 1094/1483/172 1214/1484/856
f 1093/1478/169 1214/1484/856 1213/1335/742
f 1213/1335/742 1214/1484/856 1208/1337/744
f 26/1479/46 25/1485/46 1227/1480/854
f 1227/1480/854 25/1485/46 1222/1486/857
f 1227/1480/854 1222/1486/857 1221/1481/855
f 1221/1481/855 1222/1486/857 1095/1487/175
f 1221/1481/855 1095/1487/175 1094/1482/172
f 1094/1483/172 1095/1488/175 1215/1489/858
f 1094/1483/172 1215/1489/858 1214/1484/856
f 1214/1484/856 1215/1489/858 1209/1490/859
f 1214/1484/856 1209/1490/859 1208/1337/744
f 1208/1337/744 1209/1490/859 1203/1339/746
f 25/1485/46 24/1491/46 1222/1486/857
f 1222/1486/857 24/1491/46 1096/1492/178
f 1222/1486/857 1096/1492/178 1095/1487/175
f 1095/1488/175 1096/1493/178 1216/1494/860
f 1095/1488/175 1216/1494/860 1215/1489/858
f 1215/1489/858 1216/1494/860 1210/1495/861
f 1215/1489/858 1210/1495/861 1209/1490/859
f 1209/1490/859 1210/1495/861 1204/1496/862
f 1209/1490/859 1204/1496/862 1203/1339/746
f 1203/1339/746 1204/1496/862 1198/1341/748
f 24/1497/46 23/1498/46 1096/1493/178
f 1096/1493/178 23/1498/46 1217/1499/863
f 1096/1493/178 1217/1499/863 1216/1494/860
f 1216/1494/860 1217/1499/863 1211/1500/864
f 1216/1494/860 1211/1500/864 1210/1495/861
f 1210/1495/861 1211/1500/864 1205/1501/865
f 1210/1495/861 1205/1501/865 1204/1496/862
f 1204/1496/862 1205/1501/865 1199/1502/866
f 1204/1496/862 1199/1502/866 1198/1341/748
f 1198/1341/748 1199/1502/866 1193/1343/750
f 23/1498/46 22/1503/46 1217/1499/863
f 1217/1499/863 22/1503/46 1212/1504/867
f 1217/1499/863 1212/1504/867 1211/1500/864
f 1211/1500/864 1212/1504/867 1206/1505/868
f 1211/1500/864 1206/1505/868 1205/1501/865
f 1205/1501/865 1206/1505/868 1200/1506/869
f 1205/1501/865 1200/1506/869 1199/1502/866
f 1199/1502/866 1200/1506/869 1194/1507/870
f 1199/1502/866 1194/1507/870 1193/1343/750
f 1193/1343/750 1194/1507/870 1188/1345/752
f 22/1503/46 21/1508/46 1212/1504/867
f 1212/1504/867 21/1508/46 1207/1509/871
f 1212/1504/867 1207/1509/871 1206/1505/868
f 1206/1505/868 1207/1509/871 1201/1510/872
f 1206/1505/868 1201/1510/872 1200/1506/869
f 1200/1506/869 1201/1510/872 1195/1511/873
f 1200/1506/869 1195/1511/873 1194/1507/870
f 1194/1507/870 1195/1511/873 1189/1512/874
f 1194/1507/870 1189/1512/874 1188/1345/752
f 1188/1345/752 1189/1512/874 1183/1347/754
f 21/1508/46 20/1513/46 1207/1509/871
f 1207/1509/871 20/1513/46 1202/1514/875
f 1207/1509/871 1202/1514/875 1201/1510/872
f 1201/1510/872 1202/1514/875 1196/1515/876
f 1201/1510/872 1196/1515/876 1195/1511/873
f 1195/1511/873 1196/1515/876 1190/1516/877
f 1195/1511/873 1190/1516/877 1189/1512/874
f 1189/1512/874 1190/1516/877 1184/1517/878
f 1189/1512/874 1184/1517/878 1183/1347/754
f 1183/1347/754 1184/1517/878 1178/1349/756
f 20/1513/46 19/1518/46 1202/1514/875
f 1202/1514/875 19/1518/46 1197/1519/879
f 1202/1514/875 1197/1519/879 1196/1515/876
f 1196/1515/876 1197/1519/879 1191/1520/880
f 1196/1515/876 1191/1520/880 1190/1516/877
f 1190/1516/877 1191/1520/880 1185/1521/881
f 1190/1516/877 1185/1521/881 1184/1517/878
f 1184/1517/878 1185/1521/881 1179/1522/882
f 1184/1517/878 1179/1522/882 1178/1349/756
f 1178/1349/756 1179/1522/882 1173/1351/758
f 19/1518/46 18/1523/46 1197/1519/879
f 1197/1519/879 18/1523/46 1192/1524/883
f 1197/1519/879 1192/1524/883 1191/1520/880
f 1191/1520/880 1192/1524/883 1186/1525/884
f 1191/1520/880 1186/1525/884 1185/1521/881
f 1185/1521/881 1186/1525/884 1180/1526/885
f 1185/1521/881 1180/1526/885 1179/1522/882
f 1179/1522/882 1180/1526/885 1174/1527/886
f 1179/1522/882 1174/1527/886 1173/1351/758
f 1173/1351/758 1174/1527/886 1168/1353/760
f 18/1523/46 17/1528/46 1192/1524/883
f 1192/1524/883 17/1528/46 1187/1529/887
f 1192/1524/883 1187/1529/887 1186/1525/884
f 1186/1525/884 1187/1529/887 1181/1530/888
f 1186/1525/884 1181/1530/888 1180/1526/885
f 1180/1526/885 1181/1530/888 1175/1531/889
f 1180/1526/885 1175/1531/889 1174/1527/886
f 1174/1527/886 1175/1531/889 1169/1532/890
f 1174/1527/886 1169/1532/890 1168/1353/760
f 1168/1353/760 1169/1532/890 1164/1355/762
f 17/1528/46 16/1533/46 1187/1529/887
f 1187/1529/887 16/1533/46 1182/1534/891
f 1187/1529/887 1182/1534/891 1181/1530/888
f 1181/1530/888 1182/1534/891 1176/1535/892
f 1181/1530/888 1176/1535/892 1175/1531/889
f 1175/1531/889 1176/1535/892 1170/1536/893
f 1175/1531/889 1170/1536/893 1169/1532/890
f 1169/1532/890 1170/1536/893 1165/1409/804
f 1169/1532/890 1165/1409/804 1164/1355/762
f 16/1533/46 15/1537/46 1182/1534/891
f 1182/1534/891 15/1537/46 1177/1538/894
f 1182/1534/891 1177/1538/894 1176/1535/892
f 1176/1535/892 1177/1538/894 1171/1539/895
f 1176/1535/892 1171/1539/895 1170/1536/893
f 1170/1536/893 1171/1539/895 1166/1407/802
f 1170/1536/893 1166/1407/802 1165/1409/804
f 15/1537/46 14/1540/46 1177/1538/894
f 1177/1538/894 14/1540/46 1172/1541/896
f 1177/1538/894 1172/1541/896 1171/1539/895
f 1171/1539/895 1172/1541/896 1167/1405/800
f 1171/1539/895 1167/1405/800 1166/1407/802
f 14/1540/46 13/1542/46 1172/1541/896
f 1172/1541/896 13/1542/46 1098/1403/798
f 1172/1541/896 1098/1403/798 1167/1405/800
f 13/1542/46 12/1401/46 1098/1403/798
f 1099/1284/694 1100/1543/897 1108/1285/695
f 1108/1285/695 1100/1543/897 1107/1544/898
f 1108/1285/695 1107/1544/898 1322/1287/697
f 1322/1287/697 1107/1544/898 1323/1545/899
f 1322/1287/697 1323/1545/899 1317/1289/699
f 1317/1289/699 1323/1545/899 1318/1546/900
f 1317/1289/699 1318/1546/900 1312/1291/701
f 1312/1291/701 1318/1546/900 1313/1547/901
f 1312/1291/701 1313/1547/901 1307/1293/703
f 1307/1293/703 1313/1547/901 1308/1548/902
f 1307/1293/703 1308/1548/902 1302/1295/705
f 1302/1295/705 1308/1548/902 1303/1549/903
f 1302/1295/705 1303/1549/903 1297/1297/707
f 1297/1297/707 1303/1549/903 1298/1550/904
f 1297/1297/707 1298/1550/904 1292/1299/709
f 1292/1299/709 1298/1550/904 1293/1551/905
f 1292/1299/709 1293/1551/905 1287/1301/711
f 1287/1301/711 1293/1551/905 1288/1552/906
f 1287/1301/711 1288/1552/906 1282/1303/713
f 1282/1303/713 1288/1552/906 1283/1553/907
f 1282/1303/713 1283/1553/907 1277/1305/715
f 1277/1305/715 1283/1553/907 1278/1554/908
f 1277/1305/715 1278/1554/908 1272/1307/717
f 1272/1307/717 1278/1554/908 1273/1555/909
f 1272/1307/717 1273/1555/909 1268/1309/719
f 1268/1309/719 1273/1555/909 1269/1556/910
f 1268/1309/719 1269/1556/910 1263/1311/721
f 1263/1311/721 1269/1556/910 1264/1557/911
f 1263/1311/721 1264/1557/911 1258/1313/723
f 1258/1313/723 1264/1557/911 1259/1436/821
f 1258/1313/723 1259/1436/821 1253/1315/725
f 1100/1543/897 1101/1558/912 1107/1544/898
f 1107/1544/898 1101/1558/912 1106/1559/913
f 1107/1544/898 1106/1559/913 1323/1545/899
f 1323/1545/899 1106/1559/913 1324/1560/914
f 1323/1545/899 1324/1560/914 1318/1546/900
f 1318/1546/900 1324/1560/914 1319/1561/915
f 1318/1546/900 1319/1561/915 1313/1547/901
f 1313/1547/901 1319/1561/915 1314/1562/916
f 1313/1547/901 1314/1562/916 1308/1548/902
f 1308/1548/902 1314/1562/916 1309/1563/917
f 1308/1548/902 1309/1563/917 1303/1549/903
f 1303/1549/903 1309/1563/917 1304/1564/918
f 1303/1549/903 1304/1564/918 1298/1550/904
f 1298/1550/904 1304/1564/918 1299/1565/919
f 1298/1550/904 1299/1565/919 1293/1551/905
f 1293/1551/905 1299/1565/919 1294/1566/920
f 1293/1551/905 1294/1566/920 1288/1552/906
f 1288/1552/906 1294/1566/920 1289/1567/921
f 1288/1552/906 1289/1567/921 1283/1553/907
f 1283/1553/907 1289/1567/921 1284/1568/922
f 1283/1553/907 1284/1568/922 1278/1554/908
f 1278/1554/908 1284/1568/922 1279/1569/923
f 1278/1554/908 1279/1569/923 1273/1555/909
f 1273/1555/909 1279/1569/923 1274/1570/924
f 1273/1555/909 1274/1570/924 1269/1556/910
f 1269/1556/910 1274/1570/924 1270/1571/925
f 1269/1556/910 1270/1571/925 1264/1557/911
f 1264/1557/911 1270/1571/925 1265/1434/819
f 1264/1557/911 1265/1434/819 1259/1436/821
f 1100/1543/897 1099/1284/694 1110/1572/926
f 1110/1572/926 1099/1284/694 1109/1377/784
f 1110/1572/926 1109/1377/784 1115/1573/927
f 1115/1573/927 1109/1377/784 1114/1375/782
f 1115/1573/927 1114/1375/782 1120/1574/928
f 1120/1574/928 1114/1375/782 1119/1373/780
f 1120/1574/928 1119/1373/780 1125/1575/929
f 1125/1575/929 1119/1373/780 1124/1371/778
f 1125/1575/929 1124/1371/778 1130/1576/930
f 1130/1576/930 1124/1371/778 1129/1369/776
f 1130/1576/930 1129/1369/776 1135/1577/931
f 1135/1577/931 1129/1369/776 1134/1367/774
f 1135/1577/931 1134/1367/774 1140/1578/932
f 1140/1578/932 1134/1367/774 1139/1365/772
f 1140/1578/932 1139/1365/772 1145/1579/933
f 1145/1579/933 1139/1365/772 1144/1363/770
f 1145/1579/933 1144/1363/770 1150/1580/934
f 1150/1580/934 1144/1363/770 1149/1361/768
f 1150/1580/934 1149/1361/768 1155/1581/935
f 1155/1581/935 1149/1361/768 1154/1359/766
f 1155/1581/935 1154/1359/766 1160/1408/803
f 1160/1408/803 1154/1359/766 1159/1357/764
f 1101/1558/912 1102/1582/936 1106/1559/913
f 1106/1559/913 1102/1582/936 1105/1583/937
f 1106/1559/913 1105/1583/937 1324/1560/914
f 1324/1560/914 1105/1583/937 1325/1584/938
f 1324/1560/914 1325/1584/938 1319/1561/915
f 1319/1561/915 1325/1584/938 1320/1585/939
f 1319/1561/915 1320/1585/939 1314/1562/916
f 1314/1562/916 1320/1585/939 1315/1586/940
f 1314/1562/916 1315/1586/940 1309/1563/917
f 1309/1563/917 1315/1586/940 1310/1587/941
f 1309/1563/917 1310/1587/941 1304/1564/918
f 1304/1564/918 1310/1587/941 1305/1588/942
f 1304/1564/918 1305/1588/942 1299/1565/919
f 1299/1565/919 1305/1588/942 1300/1589/943
f 1299/1565/919 1300/1589/943 1294/1566/920
f 1294/1566/920 1300/1589/943 1295/1590/944
f 1294/1566/920 1295/1590/944 1289/1567/921
f 1289/1567/921 1295/1590/944 1290/1591/945
f 1289/1567/921 1290/1591/945 1284/1568/922
f 1284/1568/922 1290/1591/945 1285/1592/946
f 1284/1568/922 1285/1592/946 1279/1569/923
f 1279/1569/923 1285/1592/946 1280/1593/947
f 1279/1569/923 1280/1593/947 1274/1570/924
f 1274/1570/924 1280/1593/947 1275/1594/948
f 1274/1570/924 1275/1594/948 1270/1571/925
f 1270/1571/925 1275/1594/948 1271/1432/817
f 1270/1571/925 1271/1432/817 1265/1434/819
f 1101/1558/912 1100/1543/897 1111/1595/949
f 1111/1595/949 1100/1543/897 1110/1572/926
f 1111/1595/949 1110/1572/926 1116/1596/950
f 1116/1596/950 1110/1572/926 1115/1573/927
f 1116/1596/950 1115/1573/927 1121/1597/951
f 1121/1597/951 1115/1573/927 1120/1574/928
f 1121/1597/951 1120/1574/928 1126/1598/952
f 1126/1598/952 1120/1574/928 1125/1575/929
f 1126/1598/952 1125/1575/929 1131/1599/953
f 1131/1599/953 1125/1575/929 1130/1576/930
f 1131/1599/953 1130/1576/930 1136/1600/954
f 1136/1600/954 1130/1576/930 1135/1577/931
f 1136/1600/954 1135/1577/931 1141/1601/955
f 1141/1601/955 1135/1577/931 1140/1578/932
f 1141/1601/955 1140/1578/932 1146/1602/956
f 1146/1602/956 1140/1578/932 1145/1579/933
f 1146/1602/956 1145/1579/933 1151/1603/957
f 1151/1603/957 1145/1579/933 1150/1580/934
f 1151/1603/957 1150/1580/934 1156/1604/958
f 1156/1604/958 1150/1580/934 1155/1581/935
f 1156/1604/958 1155/1581/935 1161/1406/801
f 1161/1406/801 1155/1581/935 1160/1408/803
f 1102/1582/936 1103/1380/786 1105/1583/937
f 1105/1583/937 1103/1380/786 1104/1379/785
f 1105/1583/937 1104/1379/785 1325/1584/938
f 1325/1584/938 1104/1379/785 1326/1410/805
f 1325/1584/938 1326/1410/805 1320/1585/939
f 1320/1585/939 1326/1410/805 1321/1412/806
f 1320/1585/939 1321/1412/806 1315/1586/940
f 1315/1586/940 1321/1412/806 1316/1414/807
f 1315/1586/940 1316/1414/807 1310/1587/941
f 1310/1587/941 1316/1414/807 1311/1416/808
f 1310/1587/941 1311/1416/808 1305/1588/942
f 1305/1588/942 1311/1416/808 1306/1418/809
f 1305/1588/942 1306/1418/809 1300/1589/943
f 1300/1589/943 1306/1418/809 1301/1420/810
f 1300/1589/943 1301/1420/810 1295/1590/944
f 1295/1590/944 1301/1420/810 1296/1422/811
f 1295/1590/944 1296/1422/811 1290/1591/945
f 1290/1591/945 1296/1422/811 1291/1424/812
f 1290/1591/945 1291/1424/812 1285/1592/946
f 1285/1592/946 1291/1424/812 1286/1426/813
f 1285/1592/946 1286/1426/813 1280/1593/947
f 1280/1593/947 1286/1426/813 1281/1428/814
f 1280/1593/947 1281/1428/814 1275/1594/948
f 1275/1594/948 1281/1428/814 1276/1430/815
f 1275/1594/948 1276/1430/815 1271/1432/817
f 1102/1582/936 1101/1558/912 1112/1605/959
f 1112/1605/959 1101/1558/912 1111/1595/949
f 1112/1605/959 1111/1595/949 1117/1606/960
f 1117/1606/960 1111/1595/949 1116/1596/950
f 1117/1606/960 1116/1596/950 1122/1607/961
f 1122/1607/961 1116/1596/950 1121/1597/951
f 1122/1607/961 1121/1597/951 1127/1608/962
f 1127/1608/962 1121/1597/951 1126/1598/952
f 1127/1608/962 1126/1598/952 1132/1609/963
f 1132/1609/963 1126/1598/952 1131/1599/953
f 1132/1609/963 1131/1599/953 1137/1610/964
f 1137/1610/964 1131/1599/953 1136/1600/954
f 1137/1610/964 1136/1600/954 1142/1611/965
f 1142/1611/965 1136/1600/954 1141/1601/955
f 1142/1611/965 1141/1601/955 1147/1612/966
f 1147/1612/966 1141/1601/955 1146/1602/956
f 1147/1612/966 1146/1602/956 1152/1613/967
f 1152/1613/967 1146/1602/956 1151/1603/957
f 1152/1613/967 1151/1603/957 1157/1614/968
f 1157/1614/968 1151/1603/957 1156/1604/958
f 1157/1614/968 1156/1604/958 1162/1404/799
f 1162/1404/799 1156/1604/958 1161/1406/801
f 1103/1380/786 1102/1582/936 1113/1382/787
f 1113/1382/787 1102/1582/936 1112/1605/959
f 1113/1382/787 1112/1605/959 1118/1384/788
f 1118/1384/788 1112/1605/959 1117/1606/960
f 1118/1384/788 1117/1606/960 1123/1386/789
f 1123/1386/789 1117/1606/960 1122/1607/961
f 1123/1386/789 1122/1607/961 1128/1388/790
f 1128/1388/790 1122/1607/961 1127/1608/962
f 1128/1388/790 1127/1608/962 1133/1390/791
f 1133/1390/791 1127/1608/962 1132/1609/963
f 1133/1390/791 1132/1609/963 1138/1392/792
f 1138/1392/792 1132/1609/963 1137/1610/964
f 1138/1392/792 1137/1610/964 1143/1394/793
f 1143/1394/793 1137/1610/964 1142/1611/965
f 1143/1394/793 1142/1611/965 1148/1396/794
f 1148/1396/794 1142/1611/965 1147/1612/966
f 1148/1396/794 1147/1612/966 1153/1398/795
f 1153/1398/795 1147/1612/966 1152/1613/967
f 1153/1398/795 1152/1613/967 1158/1400/796
f 1158/1400/796 1152/1613/967 1157/1614/968
f 1158/1400/796 1157/1614/968 1163/1402/797
f 1163/1402/797 1157/1614/968 1162/1404/799
f 1328/1615/693 1046/1616/693 1327/1617/58
f 1327/1617/58 1046/1616/693 1045/1618/58
f 1327/1619/58 1045/1620/58 1373/1621/696
f 1373/1621/696 1045/1620/58 1091/1622/696
f 1373/1621/696 1091/1622/696 1372/1623/698
f 1372/1623/698 1091/1622/696 1090/1624/698
f 1372/1623/698 1090/1624/698 1371/1625/700
f 1371/1625/700 1090/1624/698 1089/1626/700
f 1371/1625/700 1089/1626/700 1370/1627/702
f 1370/1627/702 1089/1626/700 1088/1628/702
f 1370/1627/702 1088/1628/702 1369/1629/704
f 1369/1629/704 1088/1628/702 1087/1630/704
f 1369/1629/704 1087/1630/704 1368/1631/706
f 1368/1631/706 1087/1630/704 1086/1632/706
f 1368/1631/706 1086/1632/706 1367/1633/708
f 1367/1633/708 1086/1632/706 1085/1634/708
f 1367/1633/708 1085/1634/708 1366/1635/969
f 1366/1635/969 1085/1634/708 1084/1636/710
f 1366/1635/969 1084/1636/710 1365/1637/712
f 1365/1637/712 1084/1636/710 1083/1638/712
f 1365/1637/712 1083/1638/712 1364/1639/714
f 1364/1639/714 1083/1638/712 1082/1640/714
f 1364/1639/714 1082/1640/714 1363/1641/716
f 1363/1641/716 1082/1640/714 1081/1642/716
f 1363/1641/716 1081/1642/716 1362/1643/718
f 1362/1643/718 1081/1642/716 1080/1644/718
f 1362/1643/718 1080/1644/718 1361/1645/720
f 1361/1645/720 1080/1644/718 1079/1646/720
f 1361/1645/720 1079/1646/720 1360/1647/722
f 1360/1647/722 1079/1646/720 1078/1648/722
f 1360/1647/722 1078/1648/722 1359/1649/724
f 1359/1649/724 1078/1648/722 1077/1650/724
f 1359/1649/724 1077/1650/724 1358/1651/726
f 1358/1651/726 1077/1650/724 1076/1652/726
f 1358/1651/726 1076/1652/726 1357/1653/728
f 1357/1653/728 1076/1652/726 1075/1654/728
f 1357/1653/728 1075/1654/728 1356/1655/730
f 1356/1655/730 1075/1654/728 1074/1656/730
f 1356/1655/730 1074/1656/730 1355/1657/970
f 1355/1657/970 1074/1656/730 1073/1658/732
f 1355/1657/970 1073/1658/732 1354/1659/734
f 1354/1659/734 1073/1658/732 1072/1660/734
f 1354/1659/734 1072/1660/734 1353/1661/736
f 1353/1661/736 1072/1660/734 1071/1662/736
f 1353/1661/736 1071/1662/736 1352/1663/738
f 1352/1663/738 1071/1662/736 1070/1664/738
f 1352/1663/738 1070/1664/738 1351/1665/740
f 1351/1665/740 1070/1664/738 1069/1666/740
f 1351/1665/740 1069/1666/740 1350/1667/741
f 1350/1667/741 1069/1666/740 1068/1668/741
f 1350/1667/741 1068/1668/741 1349/1669/743
f 1349/1669/743 1068/1668/741 1067/1670/743
f 1349/1669/743 1067/1670/743 1348/1671/745
f 1348/1671/745 1067/1670/743 1066/1672/745
f 1348/1671/745 1066/1672/745 1347/1673/747
f 1347/1673/747 1066/1672/745 1065/1674/747
f 1347/1673/747 1065/1674/747 1346/1675/971
f 1346/1675/971 1065/1674/747 1064/1676/749
f 1346/1675/971 1064/1676/749 1345/1677/751
f 1345/1677/751 1064/1676/749 1063/1678/751
f 1345/1677/751 1063/1678/751 1344/1679/753
f 1344/1679/753 1063/1678/751 1062/1680/753
f 1344/1679/753 1062/1680/753 1343/1681/755
f 1343/1681/755 1062/1680/753 1061/1682/755
f 1343/1681/755 1061/1682/755 1342/1683/757
f 1342/1683/757 1061/1682/755 1060/1684/757
f 1342/1683/757 1060/1684/757 1341/1685/759
f 1341/1685/759 1060/1684/757 1059/1686/759
f 1341/1685/759 1059/1686/759 1340/1687/761
f 1340/1687/761 1059/1686/759 1058/1688/761
f 1340/1687/761 1058/1688/761 1339/1689/763
f 1339/1689/763 1058/1688/761 1057/1690/763
f 1339/1689/763 1057/1690/763 1338/1691/765
f 1338/1691/765 1057/1690/763 1056/1692/765
f 1338/1691/765 1056/1692/765 1337/1693/767
f 1337/1693/767 1056/1692/765 1055/1694/767
f 1337/1693/767 1055/1694/767 1336/1695/769
f 1336/1695/769 1055/1694/767 1054/1696/769
f 1336/1695/769 1054/1696/769 1335/1697/771
f 1335/1697/771 1054/1696/769 1053/1698/771
f 1335/1697/771 1053/1698/771 1334/1699/773
f 1334/1699/773 1053/1698/771 1052/1700/773
f 1334/1699/773 1052/1700/773 1333/1701/775
f 1333/1701/775 1052/1700/773 1051/1702/775
f 1333/1701/775 1051/1702/775 1332/1703/972
f 1332/1703/972 1051/1702/775 1050/1704/777
f 1332/1703/972 1050/1704/777 1331/1705/779
f 1331/1705/779 1050/1704/777 1049/1706/779
f 1331/1705/779 1049/1706/779 1330/1707/781
f 1330/1707/781 1049/1706/779 1048/1708/781
f 1330/1707/781 1048/1708/781 1329/1709/783
f 1329/1709/783 1048/1708/781 1047/1710/783
f 1329/1709/783 1047/1710/783 1328/1615/693
f 1328/1615/693 1047/1710/783 1046/1616/693
f 1375/1711/452 1502/1712/973 1374/1713/452
f 1374/1713/452 1502/1712/973 1493/1714/520
f 1374/1715/452 1493/1716/520 1798/1717/974
f 1798/1717/974 1493/1716/520 1494/1718/517
f 1798/1717/974 1494/1718/517 1799/1719/975
f 1799/1719/975 1494/1718/517 1495/1720/514
f 1799/1719/975 1495/1720/514 1800/1721/976
f 1800/1721/976 1495/1720/514 1496/1722/511
f 1800/1721/976 1496/1722/511 1801/1723/977
f 1801/1723/977 1496/1722/511 1497/1724/978
f 1801/1723/977 1497/1724/978 1802/1725/979
f 1802/1725/979 1497/1724/978 1431/1726/2
f 1802/1725/979 1431/1726/2 1432/1727/980
f 1502/1712/973 1375/1711/452 1507/1728/981
f 1507/1728/981 1375/1711/452 1376/1729/452
f 1507/1728/981 1376/1729/452 1512/1730/982
f 1512/1730/982 1376/1729/452 1377/1731/452
f 1512/1730/982 1377/1731/452 1517/1732/983
f 1517/1732/983 1377/1731/452 1378/1733/452
f 1517/1732/983 1378/1733/452 1522/1734/984
f 1522/1734/984 1378/1733/452 1379/1735/452
f 1522/1734/984 1379/1735/452 1527/1736/985
f 1527/1736/985 1379/1735/452 1380/1737/452
f 1527/1736/985 1380/1737/452 1532/1738/986
f 1532/1738/986 1380/1737/452 1381/1739/452
f 1532/1738/986 1381/1739/452 1537/1740/987
f 1537/1740/987 1381/1739/452 1382/1741/452
f 1537/1740/987 1382/1741/452 1542/1742/988
f 1542/1742/988 1382/1741/452 1383/1743/452
f 1542/1742/988 1383/1743/452 1547/1744/989
f 1547/1744/989 1383/1743/452 1384/1745/452
f 1547/1744/989 1384/1745/452 1552/1746/990
f 1552/1746/990 1384/1745/452 1385/1747/452
f 1552/1746/990 1385/1747/452 1557/1748/991
f 1557/1748/991 1385/1747/452 1498/1749/992
f 1557/1748/991 1498/1749/992 1570/1750/993
f 1570/1750/993 1498/1749/992 1563/1751/994
f 1570/1750/993 1563/1751/994 1564/1752/995
f 1564/1752/995 1563/1751/994 1573/1753/996
f 1564/1752/995 1573/1753/996 1574/1754/997
f 1574/1754/997 1573/1753/996 1579/1755/998
f 1574/1754/997 1579/1755/998 1580/1756/999
f 1580/1756/999 1579/1755/998 1585/1757/1000
f 1580/1756/999 1585/1757/1000 1476/1758/1001
f 1476/1758/1001 1585/1757/1000 1475/1759/1002
f 1475/1759/1002 1585/1757/1000 1590/1760/1003
f 1475/1759/1002 1590/1760/1003 1474/1761/1004
f 1474/1761/1004 1590/1760/1003 1595/1762/1005
f 1474/1761/1004 1595/1762/1005 1473/1763/1006
f 1473/1763/1006 1595/1762/1005 1600/1764/1007
f 1473/1763/1006 1600/1764/1007 1472/1765/1008
f 1472/1765/1008 1600/1764/1007 1605/1766/1009
f 1472/1765/1008 1605/1766/1009 1471/1767/1010
f 1471/1767/1010 1605/1766/1009 1610/1768/1011
f 1471/1767/1010 1610/1768/1011 1470/1769/1012
f 1470/1769/1012 1610/1768/1011 1615/1770/1013
f 1470/1769/1012 1615/1770/1013 1469/1771/1014
f 1469/1771/1014 1615/1770/1013 1619/1772/1015
f 1469/1771/1014 1619/1772/1015 1468/1773/1016
f 1468/1773/1016 1619/1772/1015 1625/1774/1017
f 1468/1773/1016 1625/1774/1017 1467/1775/1018
f 1467/1775/1018 1625/1774/1017 1624/1776/1019
f 1467/1775/1018 1624/1776/1019 1466/1777/1020
f 1466/1777/1020 1624/1776/1019 1634/1778/1021
f 1466/1777/1020 1634/1778/1021 1465/1779/1022
f 1465/1779/1022 1634/1778/1021 1639/1780/1023
f 1465/1779/1022 1639/1780/1023 1464/1781/1024
f 1464/1781/1024 1639/1780/1023 1644/1782/1025
f 1464/1781/1024 1644/1782/1025 1463/1783/1026
f 1463/1783/1026 1644/1782/1025 1649/1784/1027
f 1463/1783/1026 1649/1784/1027 1462/165/58
f 1462/165/58 1649/1784/1027 1654/1785/1028
f 1462/165/58 1654/1785/1028 1461/1786/1029
f 1461/1786/1029 1654/1785/1028 1659/1787/1030
f 1461/1786/1029 1659/1787/1030 1460/1788/1031
f 1460/1788/1031 1659/1787/1030 1664/1789/1032
f 1460/1788/1031 1664/1789/1032 1459/1790/1033
f 1459/1790/1033 1664/1789/1032 1669/1791/1034
f 1459/1790/1033 1669/1791/1034 1458/1792/1035
f 1458/1792/1035 1669/1791/1034 1674/1793/1036
f 1458/1792/1035 1674/1793/1036 1457/1794/1037
f 1457/1794/1037 1674/1793/1036 1679/1795/1038
f 1457/1794/1037 1679/1795/1038 1456/1796/1039
f 1456/1796/1039 1679/1795/1038 1684/1797/1040
f 1456/1796/1039 1684/1797/1040 1455/1798/1041
f 1455/1798/1041 1684/1797/1040 1690/1799/1042
f 1455/1798/1041 1690/1799/1042 1454/1800/1043
f 1454/1800/1043 1690/1799/1042 1689/1801/1044
f 1454/1800/1043 1689/1801/1044 1453/1802/1045
f 1453/1802/1045 1689/1801/1044 1698/1803/1046
f 1453/1802/1045 1698/1803/1046 1452/1804/1047
f 1452/1804/1047 1698/1803/1046 1703/1805/1048
f 1452/1804/1047 1703/1805/1048 1451/1806/1049
f 1451/1806/1049 1703/1805/1048 1708/1807/1050
f 1451/1806/1049 1708/1807/1050 1450/1808/1051
f 1450/1808/1051 1708/1807/1050 1713/1809/1052
f 1450/1808/1051 1713/1809/1052 1449/1810/1053
f 1449/1810/1053 1713/1809/1052 1718/1811/1054
f 1449/1810/1053 1718/1811/1054 1448/1812/1055
f 1448/1812/1055 1718/1811/1054 1723/1813/1056
f 1448/1812/1055 1723/1813/1056 1447/1814/1057
f 1447/1814/1057 1723/1813/1056 1728/1815/1058
f 1447/1814/1057 1728/1815/1058 1446/1816/1059
f 1446/1816/1059 1728/1815/1058 1733/1817/1060
f 1446/1816/1059 1733/1817/1060 1445/1818/1061
f 1445/1818/1061 1733/1817/1060 1738/1819/1062
f 1445/1818/1061 1738/1819/1062 1444/1820/1063
f 1444/1820/1063 1738/1819/1062 1742/1821/1064
f 1444/1820/1063 1742/1821/1064 1443/1822/1065
f 1443/1822/1065 1742/1821/1064 1748/1823/1066
f 1443/1822/1065 1748/1823/1066 1442/1824/1067
f 1442/1824/1067 1748/1823/1066 1747/1825/1068
f 1442/1824/1067 1747/1825/1068 1441/1826/1069
f 1441/1826/1069 1747/1825/1068 1757/1827/1070
f 1441/1826/1069 1757/1827/1070 1440/1828/1071
f 1440/1828/1071 1757/1827/1070 1762/1829/1072
f 1440/1828/1071 1762/1829/1072 1439/1830/1073
f 1439/1830/1073 1762/1829/1072 1767/1831/1074
f 1439/1830/1073 1767/1831/1074 1438/1832/1075
f 1438/1832/1075 1767/1831/1074 1772/1833/1076
f 1438/1832/1075 1772/1833/1076 1437/1834/1077
f 1437/1834/1077 1772/1833/1076 1777/1835/1078
f 1437/1834/1077 1777/1835/1078 1436/1836/1079
f 1436/1836/1079 1777/1835/1078 1782/1837/1080
f 1436/1836/1079 1782/1837/1080 1435/1838/1081
f 1435/1838/1081 1782/1837/1080 1787/1839/1082
f 1435/1838/1081 1787/1839/1082 1434/1840/1083
f 1434/1840/1083 1787/1839/1082 1792/1841/1084
f 1434/1840/1083 1792/1841/1084 1433/1842/1085
f 1433/1842/1085 1792/1841/1084 1797/1843/1086
f 1433/1842/1085 1797/1843/1086 1432/1727/980
f 1432/1727/980 1797/1843/1086 1802/1725/979
f 1385/1747/452 1386/1844/452 1498/1749/992
f 1498/1749/992 1386/1844/452 1562/1845/1087
f 1498/1749/992 1562/1845/1087 1563/1751/994
f 1563/1751/994 1562/1845/1087 1572/1846/1088
f 1563/1751/994 1572/1846/1088 1573/1753/996
f 1573/1753/996 1572/1846/1088 1578/1847/1089
f 1573/1753/996 1578/1847/1089 1579/1755/998
f 1579/1755/998 1578/1847/1089 1584/1848/1090
f 1579/1755/998 1584/1848/1090 1585/1757/1000
f 1585/1757/1000 1584/1848/1090 1590/1760/1003
f 1386/1844/452 1387/1849/452 1562/1845/1087
f 1562/1845/1087 1387/1849/452 1571/1850/1091
f 1562/1845/1087 1571/1850/1091 1572/1846/1088
f 1572/1846/1088 1571/1850/1091 1577/1851/1092
f 1572/1846/1088 1577/1851/1092 1578/1847/1089
f 1578/1847/1089 1577/1851/1092 1583/1852/1093
f 1578/1847/1089 1583/1852/1093 1584/1848/1090
f 1584/1848/1090 1583/1852/1093 1589/1853/1094
f 1584/1848/1090 1589/1853/1094 1590/1760/1003
f 1590/1760/1003 1589/1853/1094 1595/1762/1005
f 1387/1849/452 1388/1854/452 1571/1850/1091
f 1571/1850/1091 1388/1854/452 1576/1855/1095
f 1571/1850/1091 1576/1855/1095 1577/1851/1092
f 1577/1851/1092 1576/1855/1095 1582/1856/1096
f 1577/1851/1092 1582/1856/1096 1583/1852/1093
f 1583/1852/1093 1582/1856/1096 1588/1857/1097
f 1583/1852/1093 1588/1857/1097 1589/1853/1094
f 1589/1853/1094 1588/1857/1097 1594/1858/1098
f 1589/1853/1094 1594/1858/1098 1595/1762/1005
f 1595/1762/1005 1594/1858/1098 1600/1764/1007
f 1388/1854/452 1389/1859/452 1576/1855/1095
f 1576/1855/1095 1389/1859/452 1581/1860/1099
f 1576/1855/1095 1581/1860/1099 1582/1856/1096
f 1582/1856/1096 1581/1860/1099 1587/1861/1100
f 1582/1856/1096 1587/1861/1100 1588/1857/1097
f 1588/1857/1097 1587/1861/1100 1593/1862/1101
f 1588/1857/1097 1593/1862/1101 1594/1858/1098
f 1594/1858/1098 1593/1862/1101 1599/1863/1102
f 1594/1858/1098 1599/1863/1102 1600/1764/1007
f 1600/1764/1007 1599/1863/1102 1605/1766/1009
f 1389/1859/452 1390/1864/452 1581/1860/1099
f 1581/1860/1099 1390/1864/452 1586/1865/1103
f 1581/1860/1099 1586/1865/1103 1587/1861/1100
f 1587/1861/1100 1586/1865/1103 1592/1866/1104
f 1587/1861/1100 1592/1866/1104 1593/1862/1101
f 1593/1862/1101 1592/1866/1104 1598/1867/1105
f 1593/1862/1101 1598/1867/1105 1599/1863/1102
f 1599/1863/1102 1598/1867/1105 1604/1868/1106
f 1599/1863/1102 1604/1868/1106 1605/1766/1009
f 1605/1766/1009 1604/1868/1106 1610/1768/1011
f 1390/1864/452 1391/1869/452 1586/1865/1103
f 1586/1865/1103 1391/1869/452 1591/1870/1107
f 1586/1865/1103 1591/1870/1107 1592/1866/1104
f 1592/1866/1104 1591/1870/1107 1597/1871/1108
f 1592/1866/1104 1597/1871/1108 1598/1867/1105
f 1598/1867/1105 1597/1871/1108 1603/1872/1109
f 1598/1867/1105 1603/1872/1109 1604/1868/1106
f 1604/1868/1106 1603/1872/1109 1609/1873/1110
f 1604/1868/1106 1609/1873/1110 1610/1768/1011
f 1610/1768/1011 1609/1873/1110 1615/1770/1013
f 1391/1869/452 1392/1874/452 1591/1870/1107
f 1591/1870/1107 1392/1874/452 1596/1875/1111
f 1591/1870/1107 1596/1875/1111 1597/1871/1108
f 1597/1871/1108 1596/1875/1111 1602/1876/1112
f 1597/1871/1108 1602/1876/1112 1603/1872/1109
f 1603/1872/1109 1602/1876/1112 1608/1877/1113
f 1603/1872/1109 1608/1877/1113 1609/1873/1110
f 1609/1873/1110 1608/1877/1113 1614/1878/1114
f 1609/1873/1110 1614/1878/1114 1615/1770/1013
f 1615/1770/1013 1614/1878/1114 1619/1772/1015
f 1392/1874/452 1393/1879/452 1596/1875/1111
f 1596/1875/1111 1393/1879/452 1601/1880/1115
f 1596/1875/1111 1601/1880/1115 1602/1876/1112
f 1602/1876/1112 1601/1880/1115 1607/1881/1116
f 1602/1876/1112 1607/1881/1116 1608/1877/1113
f 1608/1877/1113 1607/1881/1116 1613/1882/1117
f 1608/1877/1113 1613/1882/1117 1614/1878/1114
f 1614/1878/1114 1613/1882/1117 1618/1883/1118
f 1614/1878/1114 1618/1883/1118 1619/1772/1015
f 1619/1772/1015 1618/1883/1118 1625/1774/1017
f 1393/1879/452 1394/1884/452 1601/1880/1115
f 1601/1880/1115 1394/1884/452 1606/1885/1119
f 1601/1880/1115 1606/1885/1119 1607/1881/1116
f 1607/1881/1116 1606/1885/1119 1612/1886/1120
f 1607/1881/1116 1612/1886/1120 1613/1882/1117
f 1613/1882/1117 1612/1886/1120 1617/1887/1121
f 1613/1882/1117 1617/1887/1121 1618/1883/1118
f 1618/1883/1118 1617/1887/1121 1626/1888/1122
f 1618/1883/1118 1626/1888/1122 1625/1774/1017
f 1625/1774/1017 1626/1888/1122 1624/1776/1019
f 1394/1884/452 1395/1889/452 1606/1885/1119
f 1606/1885/1119 1395/1889/452 1611/1890/1123
f 1606/1885/1119 1611/1890/1123 1612/1886/1120
f 1612/1886/1120 1611/1890/1123 1616/1891/1124
f 1612/1886/1120 1616/1891/1124 1617/1887/1121
f 1617/1887/1121 1616/1891/1124 1627/1892/1125
f 1617/1887/1121 1627/1892/1125 1626/1888/1122
f 1626/1888/1122 1627/1892/1125 1623/1893/1126
f 1626/1888/1122 1623/1893/1126 1624/1776/1019
f 1624/1776/1019 1623/1893/1126 1634/1778/1021
f 1395/1889/452 1396/1894/452 1611/1890/1123
f 1611/1890/1123 1396/1894/452 1499/1895/1127
f 1611/1890/1123 1499/1895/1127 1616/1891/1124
f 1616/1891/1124 1499/1895/1127 1628/1896/1128
f 1616/1891/1124 1628/1896/1128 1627/1892/1125
f 1627/1892/1125 1628/1896/1128 1622/1897/1129
f 1627/1892/1125 1622/1897/1129 1623/1893/1126
f 1623/1893/1126 1622/1897/1129 1633/1898/1130
f 1623/1893/1126 1633/1898/1130 1634/1778/1021
f 1634/1778/1021 1633/1898/1130 1639/1780/1023
f 1396/1894/452 1397/1899/452 1499/1895/1127
f 1499/1895/1127 1397/1899/452 1629/1900/1131
f 1499/1895/1127 1629/1900/1131 1628/1896/1128
f 1628/1896/1128 1629/1900/1131 1621/1901/1132
f 1628/1896/1128 1621/1901/1132 1622/1897/1129
f 1622/1897/1129 1621/1901/1132 1632/1902/1133
f 1622/1897/1129 1632/1902/1133 1633/1898/1130
f 1633/1898/1130 1632/1902/1133 1638/1903/1134
f 1633/1898/1130 1638/1903/1134 1639/1780/1023
f 1639/1780/1023 1638/1903/1134 1644/1782/1025
f 1629/1900/1131 1397/1899/452 1620/1904/1135
f 1620/1904/1135 1397/1899/452 1398/1905/452
f 1620/1904/1135 1398/1905/452 1630/1906/1136
f 1630/1906/1136 1398/1905/452 1399/1907/452
f 1630/1906/1136 1399/1907/452 1635/1908/1137
f 1635/1908/1137 1399/1907/452 1400/1909/452
f 1635/1908/1137 1400/1909/452 1640/1910/1138
f 1640/1910/1138 1400/1909/452 1401/1911/452
f 1640/1910/1138 1401/1911/452 1645/1912/1139
f 1645/1912/1139 1401/1911/452 1402/1913/452
f 1645/1912/1139 1402/1913/452 1650/1914/454
f 1650/1914/454 1402/1913/452 1403/1915/452
f 1650/1914/454 1403/1915/452 1655/1916/1140
f 1655/1916/1140 1403/1915/452 1404/1917/452
f 1655/1916/1140 1404/1917/452 1660/1918/1141
f 1660/1918/1141 1404/1917/452 1405/1919/452
f 1660/1918/1141 1405/1919/452 1665/1920/1142
f 1665/1920/1142 1405/1919/452 1406/1921/452
f 1665/1920/1142 1406/1921/452 1670/1922/1143
f 1670/1922/1143 1406/1921/452 1407/1923/452
f 1670/1922/1143 1407/1923/452 1675/1924/1144
f 1675/1924/1144 1407/1923/452 1408/1925/452
f 1675/1924/1144 1408/1925/452 1680/1926/1145
f 1680/1926/1145 1408/1925/452 1500/1927/1146
f 1680/1926/1145 1500/1927/1146 1693/1928/1147
f 1693/1928/1147 1500/1927/1146 1686/1929/1148
f 1693/1928/1147 1686/1929/1148 1687/1930/1149
f 1687/1930/1149 1686/1929/1148 1696/1931/1150
f 1687/1930/1149 1696/1931/1150 1697/1932/1151
f 1697/1932/1151 1696/1931/1150 1702/1933/1152
f 1697/1932/1151 1702/1933/1152 1703/1805/1048
f 1703/1805/1048 1702/1933/1152 1708/1807/1050
f 1408/1925/452 1409/1934/452 1500/1927/1146
f 1500/1927/1146 1409/1934/452 1685/1935/1153
f 1500/1927/1146 1685/1935/1153 1686/1929/1148
f 1686/1929/1148 1685/1935/1153 1695/1936/1154
f 1686/1929/1148 1695/1936/1154 1696/1931/1150
f 1696/1931/1150 1695/1936/1154 1701/1937/1155
f 1696/1931/1150 1701/1937/1155 1702/1933/1152
f 1702/1933/1152 1701/1937/1155 1707/1938/1156
f 1702/1933/1152 1707/1938/1156 1708/1807/1050
f 1708/1807/1050 1707/1938/1156 1713/1809/1052
f 1409/1934/452 1410/1939/452 1685/1935/1153
f 1685/1935/1153 1410/1939/452 1694/1940/1157
f 1685/1935/1153 1694/1940/1157 1695/1936/1154
f 1695/1936/1154 1694/1940/1157 1700/1941/1158
f 1695/1936/1154 1700/1941/1158 1701/1937/1155
f 1701/1937/1155 1700/1941/1158 1706/1942/1159
f 1701/1937/1155 1706/1942/1159 1707/1938/1156
f 1707/1938/1156 1706/1942/1159 1712/1943/1160
f 1707/1938/1156 1712/1943/1160 1713/1809/1052
f 1713/1809/1052 1712/1943/1160 1718/1811/1054
f 1410/1939/452 1411/1944/452 1694/1940/1157
f 1694/1940/1157 1411/1944/452 1699/1945/1161
f 1694/1940/1157 1699/1945/1161 1700/1941/1158
f 1700/1941/1158 1699/1945/1161 1705/1946/1162
f 1700/1941/1158 1705/1946/1162 1706/1942/1159
f 1706/1942/1159 1705/1946/1162 1711/1947/1163
f 1706/1942/1159 1711/1947/1163 1712/1943/1160
f 1712/1943/1160 1711/1947/1163 1717/1948/1164
f 1712/1943/1160 1717/1948/1164 1718/1811/1054
f 1718/1811/1054 1717/1948/1164 1723/1813/1056
f 1411/1944/452 1412/1949/452 1699/1945/1161
f 1699/1945/1161 1412/1949/452 1704/1950/1165
f 1699/1945/1161 1704/1950/1165 1705/1946/1162
f 1705/1946/1162 1704/1950/1165 1710/1951/1166
f 1705/1946/1162 1710/1951/1166 1711/1947/1163
f 1711/1947/1163 1710/1951/1166 1716/1952/1167
f 1711/1947/1163 1716/1952/1167 1717/1948/1164
f 1717/1948/1164 1716/1952/1167 1722/1953/1168
f 1717/1948/1164 1722/1953/1168 1723/1813/1056
f 1723/1813/1056 1722/1953/1168 1728/1815/1058
f 1412/1949/452 1413/1954/452 1704/1950/1165
f 1704/1950/1165 1413/1954/452 1709/1955/1169
f 1704/1950/1165 1709/1955/1169 1710/1951/1166
f 1710/1951/1166 1709/1955/1169 1715/1956/1170
f 1710/1951/1166 1715/1956/1170 1716/1952/1167
f 1716/1952/1167 1715/1956/1170 1721/1957/1171
f 1716/1952/1167 1721/1957/1171 1722/1953/1168
f 1722/1953/1168 1721/1957/1171 1727/1958/1172
f 1722/1953/1168 1727/1958/1172 1728/1815/1058
f 1728/1815/1058 1727/1958/1172 1733/1817/1060
f 1413/1954/452 1414/1959/452 1709/1955/1169
f 1709/1955/1169 1414/1959/452 1714/1960/1173
f 1709/1955/1169 1714/1960/1173 1715/1956/1170
f 1715/1956/1170 1714/1960/1173 1720/1961/1174
f 1715/1956/1170 1720/1961/1174 1721/1957/1171
f 1721/1957/1171 1720/1961/1174 1726/1962/1175
f 1721/1957/1171 1726/1962/1175 1727/1958/1172
f 1727/1958/1172 1726/1962/1175 1732/1963/1176
f 1727/1958/1172 1732/1963/1176 1733/1817/1060
f 1733/1817/1060 1732/1963/1176 1738/1819/1062
f 1414/1959/452 1415/1964/452 1714/1960/1173
f 1714/1960/1173 1415/1964/452 1719/1965/1177
f 1714/1960/1173 1719/1965/1177 1720/1961/1174
f 1720/1961/1174 1719/1965/1177 1725/1966/1178
f 1720/1961/1174 1725/1966/1178 1726/1962/1175
f 1726/1962/1175 1725/1966/1178 1731/1967/1179
f 1726/1962/1175 1731/1967/1179 1732/1963/1176
f 1732/1963/1176 1731/1967/1179 1737/1968/1180
f 1732/1963/1176 1737/1968/1180 1738/1819/1062
f 1738/1819/1062 1737/1968/1180 1742/1821/1064
f 1415/1964/452 1416/1969/452 1719/1965/1177
f 1719/1965/1177 1416/1969/452 1724/1970/1181
f 1719/1965/1177 1724/1970/1181 1725/1966/1178
f 1725/1966/1178 1724/1970/1181 1730/1971/1182
f 1725/1966/1178 1730/1971/1182 1731/1967/1179
f 1731/1967/1179 1730/1971/1182 1736/1972/1183
f 1731/1967/1179 1736/1972/1183 1737/1968/1180
f 1737/1968/1180 1736/1972/1183 1741/1973/1184
f 1737/1968/1180 1741/1973/1184 1742/1821/1064
f 1742/1821/1064 1741/1973/1184 1748/1823/1066
f 1416/1969/452 1417/1974/452 1724/1970/1181
f 1724/1970/1181 1417/1974/452 1729/1975/1185
f 1724/1970/1181 1729/1975/1185 1730/1971/1182
f 1730/1971/1182 1729/1975/1185 1735/1976/1186
f 1730/1971/1182 1735/1976/1186 1736/1972/1183
f 1736/1972/1183 1735/1976/1186 1740/1977/1187
f 1736/1972/1183 1740/1977/1187 1741/1973/1184
f 1741/1973/1184 1740/1977/1187 1749/1978/1188
f 1741/1973/1184 1749/1978/1188 1748/1823/1066
f 1748/1823/1066 1749/1978/1188 1747/1825/1068
f 1417/1974/452 1418/1979/452 1729/1975/1185
f 1729/1975/1185 1418/1979/452 1734/1980/1189
f 1729/1975/1185 1734/1980/1189 1735/1976/1186
f 1735/1976/1186 1734/1980/1189 1739/1981/1190
f 1735/1976/1186 1739/1981/1190 1740/1977/1187
f 1740/1977/1187 1739/1981/1190 1750/1982/1191
f 1740/1977/1187 1750/1982/1191 1749/1978/1188
f 1749/1978/1188 1750/1982/1191 1746/1983/1192
f 1749/1978/1188 1746/1983/1192 1747/1825/1068
f 1747/1825/1068 1746/1983/1192 1757/1827/1070
f 1418/1979/452 1419/1984/452 1734/1980/1189
f 1734/1980/1189 1419/1984/452 1501/1985/1193
f 1734/1980/1189 1501/1985/1193 1739/1981/1190
f 1739/1981/1190 1501/1985/1193 1751/1986/1194
f 1739/1981/1190 1751/1986/1194 1750/1982/1191
f 1750/1982/1191 1751/1986/1194 1745/1987/1195
f 1750/1982/1191 1745/1987/1195 1746/1983/1192
f 1746/1983/1192 1745/1987/1195 1756/1988/1196
f 1746/1983/1192 1756/1988/1196 1757/1827/1070
f 1757/1827/1070 1756/1988/1196 1762/1829/1072
f 1419/1984/452 1420/1989/452 1501/1985/1193
f 1501/1985/1193 1420/1989/452 1752/1990/1197
f 1501/1985/1193 1752/1990/1197 1751/1986/1194
f 1751/1986/1194 1752/1990/1197 1744/1991/1198
f 1751/1986/1194 1744/1991/1198 1745/1987/1195
f 1745/1987/1195 1744/1991/1198 1755/1992/1199
f 1745/1987/1195 1755/1992/1199 1756/1988/1196
f 1756/1988/1196 1755/1992/1199 1761/1993/1200
f 1756/1988/1196 1761/1993/1200 1762/1829/1072
f 1762/1829/1072 1761/1993/1200 1767/1831/1074
f 1752/1990/1197 1420/1989/452 1743/1994/1201
f 1743/1994/1201 1420/1989/452 1421/1995/452
f 1743/1994/1201 1421/1995/452 1753/1996/1202
f 1753/1996/1202 1421/1995/452 1422/1997/452
f 1753/1996/1202 1422/1997/452 1758/1998/1203
f 1758/1998/1203 1422/1997/452 1423/1999/452
f 1758/1998/1203 1423/1999/452 1763/2000/1204
f 1763/2000/1204 1423/1999/452 1424/2001/452
f 1763/2000/1204 1424/2001/452 1768/2002/1205
f 1768/2002/1205 1424/2001/452 1425/2003/452
f 1768/2002/1205 1425/2003/452 1773/2004/1206
f 1773/2004/1206 1425/2003/452 1426/2005/452
f 1773/2004/1206 1426/2005/452 1778/2006/1207
f 1778/2006/1207 1426/2005/452 1427/2007/452
f 1778/2006/1207 1427/2007/452 1783/2008/1208
f 1783/2008/1208 1427/2007/452 1428/2009/452
f 1783/2008/1208 1428/2009/452 1788/2010/1209
f 1788/2010/1209 1428/2009/452 1429/2011/452
f 1788/2010/1209 1429/2011/452 1793/2012/1210
f 1793/2012/1210 1429/2011/452 1430/2013/452
f 1793/2012/1210 1430/2013/452 1798/1717/974
f 1798/1717/974 1430/2013/452 1374/1715/452
f 1476/1758/1001 1477/2014/1211 1580/1756/999
f 1580/1756/999 1477/2014/1211 1575/2015/1212
f 1580/1756/999 1575/2015/1212 1574/1754/997
f 1574/1754/997 1575/2015/1212 1565/2016/1213
f 1574/1754/997 1565/2016/1213 1564/1752/995
f 1564/1752/995 1565/2016/1213 1569/2017/1214
f 1564/1752/995 1569/2017/1214 1570/1750/993
f 1570/1750/993 1569/2017/1214 1558/2018/1215
f 1570/1750/993 1558/2018/1215 1557/1748/991
f 1557/1748/991 1558/2018/1215 1552/1746/990
f 1477/2014/1211 1478/2019/1216 1575/2015/1212
f 1575/2015/1212 1478/2019/1216 1566/2020/1217
f 1575/2015/1212 1566/2020/1217 1565/2016/1213
f 1565/2016/1213 1566/2020/1217 1568/2021/1218
f 1565/2016/1213 1568/2021/1218 1569/2017/1214
f 1569/2017/1214 1568/2021/1218 1559/2022/1219
f 1569/2017/1214 1559/2022/1219 1558/2018/1215
f 1558/2018/1215 1559/2022/1219 1553/2023/1220
f 1558/2018/1215 1553/2023/1220 1552/1746/990
f 1552/1746/990 1553/2023/1220 1547/1744/989
f 1478/2019/1216 1479/2024/1221 1566/2020/1217
f 1566/2020/1217 1479/2024/1221 1567/2025/1222
f 1566/2020/1217 1567/2025/1222 1568/2021/1218
f 1568/2021/1218 1567/2025/1222 1560/2026/1223
f 1568/2021/1218 1560/2026/1223 1559/2022/1219
f 1559/2022/1219 1560/2026/1223 1554/2027/1224
f 1559/2022/1219 1554/2027/1224 1553/2023/1220
f 1553/2023/1220 1554/2027/1224 1548/2028/1225
f 1553/2023/1220 1548/2028/1225 1547/1744/989
f 1547/1744/989 1548/2028/1225 1542/1742/988
f 1479/2024/1221 1480/2029/1226 1567/2025/1222
f 1567/2025/1222 1480/2029/1226 1561/2030/1227
f 1567/2025/1222 1561/2030/1227 1560/2026/1223
f 1560/2026/1223 1561/2030/1227 1555/2031/1228
f 1560/2026/1223 1555/2031/1228 1554/2027/1224
f 1554/2027/1224 1555/2031/1228 1549/2032/1229
f 1554/2027/1224 1549/2032/1229 1548/2028/1225
f 1548/2028/1225 1549/2032/1229 1543/2033/1230
f 1548/2028/1225 1543/2033/1230 1542/1742/988
f 1542/1742/988 1543/2033/1230 1537/1740/987
f 1480/2029/1226 1481/2034/1231 1561/2030/1227
f 1561/2030/1227 1481/2034/1231 1556/2035/1232
f 1561/2030/1227 1556/2035/1232 1555/2031/1228
f 1555/2031/1228 1556/2035/1232 1550/2036/1233
f 1555/2031/1228 1550/2036/1233 1549/2032/1229
f 1549/2032/1229 1550/2036/1233 1544/2037/1234
f 1549/2032/1229 1544/2037/1234 1543/2033/1230
f 1543/2033/1230 1544/2037/1234 1538/2038/1235
f 1543/2033/1230 1538/2038/1235 1537/1740/987
f 1537/1740/987 1538/2038/1235 1532/1738/986
f 1481/2034/1231 1482/2039/1236 1556/2035/1232
f 1556/2035/1232 1482/2039/1236 1551/2040/1237
f 1556/2035/1232 1551/2040/1237 1550/2036/1233
f 1550/2036/1233 1551/2040/1237 1545/2041/1238
f 1550/2036/1233 1545/2041/1238 1544/2037/1234
f 1544/2037/1234 1545/2041/1238 1539/2042/1239
f 1544/2037/1234 1539/2042/1239 1538/2038/1235
f 1538/2038/1235 1539/2042/1239 1533/2043/1240
f 1538/2038/1235 1533/2043/1240 1532/1738/986
f 1532/1738/986 1533/2043/1240 1527/1736/985
f 1482/2039/1236 1483/2044/1241 1551/2040/1237
f 1551/2040/1237 1483/2044/1241 1546/2045/1242
f 1551/2040/1237 1546/2045/1242 1545/2041/1238
f 1545/2041/1238 1546/2045/1242 1540/2046/1243
f 1545/2041/1238 1540/2046/1243 1539/2042/1239
f 1539/2042/1239 1540/2046/1243 1534/2047/1244
f 1539/2042/1239 1534/2047/1244 1533/2043/1240
f 1533/2043/1240 1534/2047/1244 1528/2048/1245
f 1533/2043/1240 1528/2048/1245 1527/1736/985
f 1527/1736/985 1528/2048/1245 1522/1734/984
f 1483/2044/1241 1484/2049/1246 1546/2045/1242
f 1546/2045/1242 1484/2049/1246 1541/2050/1247
f 1546/2045/1242 1541/2050/1247 1540/2046/1243
f 1540/2046/1243 1541/2050/1247 1535/2051/1248
f 1540/2046/1243 1535/2051/1248 1534/2047/1244
f 1534/2047/1244 1535/2051/1248 1529/2052/1249
f 1534/2047/1244 1529/2052/1249 1528/2048/1245
f 1528/2048/1245 1529/2052/1249 1523/2053/1250
f 1528/2048/1245 1523/2053/1250 1522/1734/984
f 1522/1734/984 1523/2053/1250 1517/1732/983
f 1484/2049/1246 1485/2054/1251 1541/2050/1247
f 1541/2050/1247 1485/2054/1251 1536/2055/1252
f 1541/2050/1247 1536/2055/1252 1535/2051/1248
f 1535/2051/1248 1536/2055/1252 1530/2056/1253
f 1535/2051/1248 1530/2056/1253 1529/2052/1249
f 1529/2052/1249 1530/2056/1253 1524/2057/1254
f 1529/2052/1249 1524/2057/1254 1523/2053/1250
f 1523/2053/1250 1524/2057/1254 1518/2058/1255
f 1523/2053/1250 1518/2058/1255 1517/1732/983
f 1517/1732/983 1518/2058/1255 1512/1730/982
f 1485/2054/1251 1486/2059/1256 1536/2055/1252
f 1536/2055/1252 1486/2059/1256 1531/2060/1257
f 1536/2055/1252 1531/2060/1257 1530/2056/1253
f 1530/2056/1253 1531/2060/1257 1525/2061/1258
f 1530/2056/1253 1525/2061/1258 1524/2057/1254
f 1524/2057/1254 1525/2061/1258 1519/2062/1259
f 1524/2057/1254 1519/2062/1259 1518/2058/1255
f 1518/2058/1255 1519/2062/1259 1513/2063/1260
f 1518/2058/1255 1513/2063/1260 1512/1730/982
f 1512/1730/982 1513/2063/1260 1507/1728/981
f 1486/2059/1256 1487/2064/1261 1531/2060/1257
f 1531/2060/1257 1487/2064/1261 1526/2065/1262
f 1531/2060/1257 1526/2065/1262 1525/2061/1258
f 1525/2061/1258 1526/2065/1262 1520/2066/1263
f 1525/2061/1258 1520/2066/1263 1519/2062/1259
f 1519/2062/1259 1520/2066/1263 1514/2067/1264
f 1519/2062/1259 1514/2067/1264 1513/2063/1260
f 1513/2063/1260 1514/2067/1264 1508/2068/1265
f 1513/2063/1260 1508/2068/1265 1507/1728/981
f 1507/1728/981 1508/2068/1265 1502/1712/973
f 1487/2064/1261 1488/2069/1266 1526/2065/1262
f 1526/2065/1262 1488/2069/1266 1521/2070/1267
f 1526/2065/1262 1521/2070/1267 1520/2066/1263
f 1520/2066/1263 1521/2070/1267 1515/2071/1268
f 1520/2066/1263 1515/2071/1268 1514/2067/1264
f 1514/2067/1264 1515/2071/1268 1509/2072/1269
f 1514/2067/1264 1509/2072/1269 1508/2068/1265
f 1508/2068/1265 1509/2072/1269 1503/2073/1270
f 1508/2068/1265 1503/2073/1270 1502/1712/973
f 1502/1712/973 1503/2073/1270 1493/1714/520
f 1488/2069/1266 1489/2074/1271 1521/2070/1267
f 1521/2070/1267 1489/2074/1271 1516/2075/1272
f 1521/2070/1267 1516/2075/1272 1515/2071/1268
f 1515/2071/1268 1516/2075/1272 1510/2076/1273
f 1515/2071/1268 1510/2076/1273 1509/2072/1269
f 1509/2072/1269 1510/2076/1273 1504/2077/1274
f 1509/2072/1269 1504/2077/1274 1503/2073/1270
f 1503/2073/1270 1504/2077/1274 1494/2078/517
f 1503/2073/1270 1494/2078/517 1493/1714/520
f 1489/2074/1271 1490/2079/1275 1516/2075/1272
f 1516/2075/1272 1490/2079/1275 1511/2080/1276
f 1516/2075/1272 1511/2080/1276 1510/2076/1273
f 1510/2076/1273 1511/2080/1276 1505/2081/1277
f 1510/2076/1273 1505/2081/1277 1504/2077/1274
f 1504/2077/1274 1505/2081/1277 1495/2082/514
f 1504/2077/1274 1495/2082/514 1494/2078/517
f 1490/2079/1275 1491/2083/1278 1511/2080/1276
f 1511/2080/1276 1491/2083/1278 1506/2084/1279
f 1511/2080/1276 1506/2084/1279 1505/2081/1277
f 1505/2081/1277 1506/2084/1279 1496/2085/511
f 1505/2081/1277 1496/2085/511 1495/2082/514
f 1491/2083/1278 1492/2086/1280 1506/2084/1279
f 1506/2084/1279 1492/2086/1280 1497/2087/978
f 1506/2084/1279 1497/2087/978 1496/2085/511
f 1492/2086/1280 1431/2088/2 1497/2087/978
f 1629/1900/1131 1620/1904/1135 1621/1901/1132
f 1621/1901/1132 1620/1904/1135 1631/2089/1281
f 1621/1901/1132 1631/2089/1281 1632/1902/1133
f 1632/1902/1133 1631/2089/1281 1637/2090/1282
f 1632/1902/1133 1637/2090/1282 1638/1903/1134
f 1638/1903/1134 1637/2090/1282 1643/2091/1283
f 1638/1903/1134 1643/2091/1283 1644/1782/1025
f 1644/1782/1025 1643/2091/1283 1649/1784/1027
f 1620/1904/1135 1630/1906/1136 1631/2089/1281
f 1631/2089/1281 1630/1906/1136 1636/2092/1284
f 1631/2089/1281 1636/2092/1284 1637/2090/1282
f 1637/2090/1282 1636/2092/1284 1642/2093/1285
f 1637/2090/1282 1642/2093/1285 1643/2091/1283
f 1643/2091/1283 1642/2093/1285 1648/2094/1286
f 1643/2091/1283 1648/2094/1286 1649/1784/1027
f 1649/1784/1027 1648/2094/1286 1654/1785/1028
f 1630/1906/1136 1635/1908/1137 1636/2092/1284
f 1636/2092/1284 1635/1908/1137 1641/2095/1287
f 1636/2092/1284 1641/2095/1287 1642/2093/1285
f 1642/2093/1285 1641/2095/1287 1647/2096/1288
f 1642/2093/1285 1647/2096/1288 1648/2094/1286
f 1648/2094/1286 1647/2096/1288 1653/2097/460
f 1648/2094/1286 1653/2097/460 1654/1785/1028
f 1654/1785/1028 1653/2097/460 1659/1787/1030
f 1635/1908/1137 1640/1910/1138 1641/2095/1287
f 1641/2095/1287 1640/1910/1138 1646/2098/1289
f 1641/2095/1287 1646/2098/1289 1647/2096/1288
f 1647/2096/1288 1646/2098/1289 1652/977/458
f 1647/2096/1288 1652/977/458 1653/2097/460
f 1653/2097/460 1652/977/458 1658/2099/1290
f 1653/2097/460 1658/2099/1290 1659/1787/1030
f 1659/1787/1030 1658/2099/1290 1664/1789/1032
f 1640/1910/1138 1645/1912/1139 1646/2098/1289
f 1646/2098/1289 1645/1912/1139 1651/2100/456
f 1646/2098/1289 1651/2100/456 1652/977/458
f 1652/977/458 1651/2100/456 1657/2101/1291
f 1652/977/458 1657/2101/1291 1658/2099/1290
f 1658/2099/1290 1657/2101/1291 1663/2102/1292
f 1658/2099/1290 1663/2102/1292 1664/1789/1032
f 1664/1789/1032 1663/2102/1292 1669/1791/1034
f 1645/1912/1139 1650/1914/454 1651/2100/456
f 1651/2100/456 1650/1914/454 1656/2103/1293
f 1651/2100/456 1656/2103/1293 1657/2101/1291
f 1657/2101/1291 1656/2103/1293 1662/2104/1294
f 1657/2101/1291 1662/2104/1294 1663/2102/1292
f 1663/2102/1292 1662/2104/1294 1668/2105/1295
f 1663/2102/1292 1668/2105/1295 1669/1791/1034
f 1669/1791/1034 1668/2105/1295 1674/1793/1036
f 1650/1914/454 1655/1916/1140 1656/2103/1293
f 1656/2103/1293 1655/1916/1140 1661/2106/1296
f 1656/2103/1293 1661/2106/1296 1662/2104/1294
f 1662/2104/1294 1661/2106/1296 1667/2107/1297
f 1662/2104/1294 1667/2107/1297 1668/2105/1295
f 1668/2105/1295 1667/2107/1297 1673/2108/1298
f 1668/2105/1295 1673/2108/1298 1674/1793/1036
f 1674/1793/1036 1673/2108/1298 1679/1795/1038
f 1655/1916/1140 1660/1918/1141 1661/2106/1296
f 1661/2106/1296 1660/1918/1141 1666/2109/1299
f 1661/2106/1296 1666/2109/1299 1667/2107/1297
f 1667/2107/1297 1666/2109/1299 1672/2110/1300
f 1667/2107/1297 1672/2110/1300 1673/2108/1298
f 1673/2108/1298 1672/2110/1300 1678/2111/1301
f 1673/2108/1298 1678/2111/1301 1679/1795/1038
f 1679/1795/1038 1678/2111/1301 1684/1797/1040
f 1660/1918/1141 1665/1920/1142 1666/2109/1299
f 1666/2109/1299 1665/1920/1142 1671/2112/1302
f 1666/2109/1299 1671/2112/1302 1672/2110/1300
f 1672/2110/1300 1671/2112/1302 1677/2113/1303
f 1672/2110/1300 1677/2113/1303 1678/2111/1301
f 1678/2111/1301 1677/2113/1303 1683/2114/1304
f 1678/2111/1301 1683/2114/1304 1684/1797/1040
f 1684/1797/1040 1683/2114/1304 1690/1799/1042
f 1665/1920/1142 1670/1922/1143 1671/2112/1302
f 1671/2112/1302 1670/1922/1143 1676/2115/1305
f 1671/2112/1302 1676/2115/1305 1677/2113/1303
f 1677/2113/1303 1676/2115/1305 1682/2116/1306
f 1677/2113/1303 1682/2116/1306 1683/2114/1304
f 1683/2114/1304 1682/2116/1306 1691/2117/1307
f 1683/2114/1304 1691/2117/1307 1690/1799/1042
f 1690/1799/1042 1691/2117/1307 1689/1801/1044
f 1670/1922/1143 1675/1924/1144 1676/2115/1305
f 1676/2115/1305 1675/1924/1144 1681/2118/1308
f 1676/2115/1305 1681/2118/1308 1682/2116/1306
f 1682/2116/1306 1681/2118/1308 1692/2119/1309
f 1682/2116/1306 1692/2119/1309 1691/2117/1307
f 1691/2117/1307 1692/2119/1309 1688/2120/1310
f 1691/2117/1307 1688/2120/1310 1689/1801/1044
f 1689/1801/1044 1688/2120/1310 1698/1803/1046
f 1675/1924/1144 1680/1926/1145 1681/2118/1308
f 1681/2118/1308 1680/1926/1145 1693/1928/1147
f 1681/2118/1308 1693/1928/1147 1692/2119/1309
f 1692/2119/1309 1693/1928/1147 1687/1930/1149
f 1692/2119/1309 1687/1930/1149 1688/2120/1310
f 1688/2120/1310 1687/1930/1149 1697/1932/1151
f 1688/2120/1310 1697/1932/1151 1698/1803/1046
f 1698/1803/1046 1697/1932/1151 1703/1805/1048
f 1752/1990/1197 1743/1994/1201 1744/1991/1198
f 1744/1991/1198 1743/1994/1201 1754/2121/1311
f 1744/1991/1198 1754/2121/1311 1755/1992/1199
f 1755/1992/1199 1754/2121/1311 1760/2122/1312
f 1755/1992/1199 1760/2122/1312 1761/1993/1200
f 1761/1993/1200 1760/2122/1312 1766/2123/1313
f 1761/1993/1200 1766/2123/1313 1767/1831/1074
f 1767/1831/1074 1766/2123/1313 1772/1833/1076
f 1743/1994/1201 1753/1996/1202 1754/2121/1311
f 1754/2121/1311 1753/1996/1202 1759/2124/1314
f 1754/2121/1311 1759/2124/1314 1760/2122/1312
f 1760/2122/1312 1759/2124/1314 1765/2125/1315
f 1760/2122/1312 1765/2125/1315 1766/2123/1313
f 1766/2123/1313 1765/2125/1315 1771/2126/1316
f 1766/2123/1313 1771/2126/1316 1772/1833/1076
f 1772/1833/1076 1771/2126/1316 1777/1835/1078
f 1753/1996/1202 1758/1998/1203 1759/2124/1314
f 1759/2124/1314 1758/1998/1203 1764/2127/1317
f 1759/2124/1314 1764/2127/1317 1765/2125/1315
f 1765/2125/1315 1764/2127/1317 1770/2128/1318
f 1765/2125/1315 1770/2128/1318 1771/2126/1316
f 1771/2126/1316 1770/2128/1318 1776/2129/1319
f 1771/2126/1316 1776/2129/1319 1777/1835/1078
f 1777/1835/1078 1776/2129/1319 1782/1837/1080
f 1758/1998/1203 1763/2000/1204 1764/2127/1317
f 1764/2127/1317 1763/2000/1204 1769/2130/1320
f 1764/2127/1317 1769/2130/1320 1770/2128/1318
f 1770/2128/1318 1769/2130/1320 1775/2131/1321
f 1770/2128/1318 1775/2131/1321 1776/2129/1319
f 1776/2129/1319 1775/2131/1321 1781/2132/1322
f 1776/2129/1319 1781/2132/1322 1782/1837/1080
f 1782/1837/1080 1781/2132/1322 1787/1839/1082
f 1763/2000/1204 1768/2002/1205 1769/2130/1320
f 1769/2130/1320 1768/2002/1205 1774/2133/1323
f 1769/2130/1320 1774/2133/1323 1775/2131/1321
f 1775/2131/1321 1774/2133/1323 1780/2134/1324
f 1775/2131/1321 1780/2134/1324 1781/2132/1322
f 1781/2132/1322 1780/2134/1324 1786/2135/1325
f 1781/2132/1322 1786/2135/1325 1787/1839/1082
f 1787/1839/1082 1786/2135/1325 1792/1841/1084
f 1768/2002/1205 1773/2004/1206 1774/2133/1323
f 1774/2133/1323 1773/2004/1206 1779/2136/1326
f 1774/2133/1323 1779/2136/1326 1780/2134/1324
f 1780/2134/1324 1779/2136/1326 1785/2137/1327
f 1780/2134/1324 1785/2137/1327 1786/2135/1325
f 1786/2135/1325 1785/2137/1327 1791/2138/1328
f 1786/2135/1325 1791/2138/1328 1792/1841/1084
f 1792/1841/1084 1791/2138/1328 1797/1843/1086
f 1773/2004/1206 1778/2006/1207 1779/2136/1326
f 1779/2136/1326 1778/2006/1207 1784/2139/1329
f 1779/2136/1326 1784/2139/1329 1785/2137/1327
f 1785/2137/1327 1784/2139/1329 1790/2140/1330
f 1785/2137/1327 1790/2140/1330 1791/2138/1328
f 1791/2138/1328 1790/2140/1330 1796/2141/1331
f 1791/2138/1328 1796/2141/1331 1797/1843/1086
f 1797/1843/1086 1796/2141/1331 1802/1725/979
f 1778/2006/1207 1783/2008/1208 1784/2139/1329
f 1784/2139/1329 1783/2008/1208 1789/2142/1332
f 1784/2139/1329 1789/2142/1332 1790/2140/1330
f 1790/2140/1330 1789/2142/1332 1795/2143/1333
f 1790/2140/1330 1795/2143/1333 1796/2141/1331
f 1796/2141/1331 1795/2143/1333 1801/1723/977
f 1796/2141/1331 1801/1723/977 1802/1725/979
f 1783/2008/1208 1788/2010/1209 1789/2142/1332
f 1789/2142/1332 1788/2010/1209 1794/2144/1334
f 1789/2142/1332 1794/2144/1334 1795/2143/1333
f 1795/2143/1333 1794/2144/1334 1800/1721/976
f 1795/2143/1333 1800/1721/976 1801/1723/977
f 1788/2010/1209 1793/2012/1210 1794/2144/1334
f 1794/2144/1334 1793/2012/1210 1799/1719/975
f 1794/2144/1334 1799/1719/975 1800/1721/976
f 1798/1717/974 1799/1719/975 1793/2012/1210
f 1804/2145/980 1867/2146/980 1803/2147/2
f 1803/2147/2 1867/2146/980 1865/2148/2
f 1803/2149/2 1865/2150/2 1864/2151/1280
f 1864/2151/1280 1865/2150/2 1987/2152/1280
f 1864/2151/1280 1987/2152/1280 1863/2153/1278
f 1863/2153/1278 1987/2152/1280 1985/2154/1278
f 1863/2153/1278 1985/2154/1278 1862/2155/1275
f 1862/2155/1275 1985/2154/1278 1983/2156/1275
f 1862/2155/1275 1983/2156/1275 1861/2157/1271
f 1861/2157/1271 1983/2156/1275 1981/2158/1271
f 1861/2157/1271 1981/2158/1271 1860/2159/1266
f 1860/2159/1266 1981/2158/1271 1979/2160/1266
f 1860/2159/1266 1979/2160/1266 1859/2161/1335
f 1859/2161/1335 1979/2160/1266 1977/2162/1335
f 1859/2161/1335 1977/2162/1335 1858/2163/1256
f 1858/2163/1256 1977/2162/1335 1975/2164/1256
f 1858/2163/1256 1975/2164/1256 1857/2165/1251
f 1857/2165/1251 1975/2164/1256 1973/2166/1251
f 1857/2165/1251 1973/2166/1251 1856/2167/1246
f 1856/2167/1246 1973/2166/1251 1971/2168/1246
f 1856/2167/1246 1971/2168/1246 1855/2169/1241
f 1855/2169/1241 1971/2168/1246 1969/2170/1241
f 1855/2169/1241 1969/2170/1241 1854/2171/1236
f 1854/2171/1236 1969/2170/1241 1967/2172/1236
f 1854/2171/1236 1967/2172/1236 1853/2173/1336
f 1853/2173/1336 1967/2172/1236 1965/2174/1336
f 1853/2173/1336 1965/2174/1336 1852/2175/1226
f 1852/2175/1226 1965/2174/1336 1963/2176/1226
f 1852/2175/1226 1963/2176/1226 1851/2177/1337
f 1851/2177/1337 1963/2176/1226 1961/2178/1337
f 1851/2177/1337 1961/2178/1337 1850/2179/1216
f 1850/2179/1216 1961/2178/1337 1959/2180/1338
f 1850/2179/1216 1959/2180/1338 1849/2181/1211
f 1849/2181/1211 1959/2180/1338 1957/2182/1211
f 1849/2181/1211 1957/2182/1211 1848/2183/1001
f 1848/2183/1001 1957/2182/1211 1955/2184/1001
f 1848/2183/1001 1955/2184/1001 1847/2185/1002
f 1847/2185/1002 1955/2184/1001 1953/2186/1002
f 1847/2185/1002 1953/2186/1002 1846/2187/1004
f 1846/2187/1004 1953/2186/1002 1951/2188/1004
f 1846/2187/1004 1951/2188/1004 1845/2189/1006
f 1845/2189/1006 1951/2188/1004 1949/2190/1006
f 1845/2189/1006 1949/2190/1006 1844/2191/1008
f 1844/2191/1008 1949/2190/1006 1947/2192/1008
f 1844/2191/1008 1947/2192/1008 1843/2193/1010
f 1843/2193/1010 1947/2192/1008 1945/2194/1010
f 1843/2193/1010 1945/2194/1010 1842/2195/1012
f 1842/2195/1012 1945/2194/1010 1943/2196/1012
f 1842/2195/1012 1943/2196/1012 1841/2197/1014
f 1841/2197/1014 1943/2196/1012 1941/2198/1014
f 1841/2197/1014 1941/2198/1014 1840/2199/1016
f 1840/2199/1016 1941/2198/1014 1939/2200/1016
f 1840/2199/1016 1939/2200/1016 1839/2201/1018
f 1839/2201/1018 1939/2200/1016 1937/2202/1018
f 1839/2201/1018 1937/2202/1018 1838/2203/1020
f 1838/2203/1020 1937/2202/1018 1935/2204/1020
f 1838/2203/1020 1935/2204/1020 1837/2205/1022
f 1837/2205/1022 1935/2204/1020 1933/2206/1022
f 1837/2205/1022 1933/2206/1022 1836/2207/1024
f 1836/2207/1024 1933/2206/1022 1931/2208/1024
f 1836/2207/1024 1931/2208/1024 1835/2209/1026
f 1835/2209/1026 1931/2208/1024 1929/2210/1026
f 1835/2209/1026 1929/2210/1026 1834/2211/58
f 1834/2211/58 1929/2210/1026 1927/2212/58
f 1834/2211/58 1927/2212/58 1833/2213/1029
f 1833/2213/1029 1927/2212/58 1925/2214/1029
f 1833/2213/1029 1925/2214/1029 1832/2215/1031
f 1832/2215/1031 1925/2214/1029 1923/2216/1031
f 1832/2215/1031 1923/2216/1031 1831/2217/1033
f 1831/2217/1033 1923/2216/1031 1921/2218/1033
f 1831/2217/1033 1921/2218/1033 1830/2219/1035
f 1830/2219/1035 1921/2218/1033 1919/2220/1035
f 1830/2219/1035 1919/2220/1035 1829/2221/1037
f 1829/2221/1037 1919/2220/1035 1917/2222/1037
f 1829/2221/1037 1917/2222/1037 1828/2223/1039
f 1828/2223/1039 1917/2222/1037 1915/2224/1039
f 1828/2223/1039 1915/2224/1039 1827/2225/1041
f 1827/2225/1041 1915/2224/1039 1913/2226/1041
f 1827/2225/1041 1913/2226/1041 1826/2227/1043
f 1826/2227/1043 1913/2226/1041 1911/2228/1043
f 1826/2227/1043 1911/2228/1043 1825/2229/1045
f 1825/2229/1045 1911/2228/1043 1909/2230/1045
f 1825/2229/1045 1909/2230/1045 1824/2231/1047
f 1824/2231/1047 1909/2230/1045 1907/2232/1047
f 1824/2231/1047 1907/2232/1047 1823/2233/1049
f 1823/2233/1049 1907/2232/1047 1905/2234/1049
f 1823/2233/1049 1905/2234/1049 1822/2235/1051
f 1822/2235/1051 1905/2234/1049 1903/2236/1051
f 1822/2235/1051 1903/2236/1051 1821/2237/1053
f 1821/2237/1053 1903/2236/1051 1901/2238/1053
f 1821/2237/1053 1901/2238/1053 1820/2239/1055
f 1820/2239/1055 1901/2238/1053 1899/2240/1055
f 1820/2239/1055 1899/2240/1055 1819/2241/1339
f 1819/2241/1339 1899/2240/1055 1897/2242/1057
f 1819/2241/1339 1897/2242/1057 1818/2243/1059
f 1818/2243/1059 1897/2242/1057 1895/2244/1059
f 1818/2243/1059 1895/2244/1059 1817/2245/1061
f 1817/2245/1061 1895/2244/1059 1893/2246/1061
f 1817/2245/1061 1893/2246/1061 1816/2247/1063
f 1816/2247/1063 1893/2246/1061 1891/2248/1063
f 1816/2247/1063 1891/2248/1063 1815/2249/1065
f 1815/2249/1065 1891/2248/1063 1889/2250/1065
f 1815/2249/1065 1889/2250/1065 1814/2251/1067
f 1814/2251/1067 1889/2250/1065 1887/2252/1067
f 1814/2251/1067 1887/2252/1067 1813/2253/1069
f 1813/2253/1069 1887/2252/1067 1885/2254/1069
f 1813/2253/1069 1885/2254/1069 1812/2255/1071
f 1812/2255/1071 1885/2254/1069 1883/2256/1071
f 1812/2255/1071 1883/2256/1071 1811/2257/1073
f 1811/2257/1073 1883/2256/1071 1881/2258/1073
f 1811/2257/1073 1881/2258/1073 1810/2259/1075
f 1810/2259/1075 1881/2258/1073 1879/2260/1075
f 1810/2259/1075 1879/2260/1075 1809/2261/1077
f 1809/2261/1077 1879/2260/1075 1877/2262/1077
f 1809/2261/1077 1877/2262/1077 1808/2263/1079
f 1808/2263/1079 1877/2262/1077 1875/2264/1079
f 1808/2263/1079 1875/2264/1079 1807/2265/1081
f 1807/2265/1081 1875/2264/1079 1873/2266/1081
f 1807/2265/1081 1873/2266/1081 1806/2267/1083
f 1806/2267/1083 1873/2266/1081 1871/2268/1083
f 1806/2267/1083 1871/2268/1083 1805/2269/1085
f 1805/2269/1085 1871/2268/1083 1869/2270/1085
f 1805/2269/1085 1869/2270/1085 1804/2145/980
f 1804/2145/980 1869/2270/1085 1867/2146/980
f 1492/2271/1280 1988/2272/1280 1431/2273/2
f 1431/2273/2 1988/2272/1280 1866/2274/2
f 1431/2275/2 1866/2276/2 1432/2277/980
f 1432/2277/980 1866/2276/2 1868/2278/980
f 1432/2277/980 1868/2278/980 1433/2279/1085
f 1433/2279/1085 1868/2278/980 1870/2280/1085
f 1433/2279/1085 1870/2280/1085 1434/2281/1083
f 1434/2281/1083 1870/2280/1085 1872/2282/1083
f 1434/2281/1083 1872/2282/1083 1435/2283/1081
f 1435/2283/1081 1872/2282/1083 1874/2284/1081
f 1435/2283/1081 1874/2284/1081 1436/2285/1079
f 1436/2285/1079 1874/2284/1081 1876/2286/1079
f 1436/2285/1079 1876/2286/1079 1437/2287/1077
f 1437/2287/1077 1876/2286/1079 1878/2288/1077
f 1437/2287/1077 1878/2288/1077 1438/2289/1075
f 1438/2289/1075 1878/2288/1077 1880/2290/1075
f 1438/2289/1075 1880/2290/1075 1439/2291/1073
f 1439/2291/1073 1880/2290/1075 1882/2292/1073
f 1439/2291/1073 1882/2292/1073 1440/2293/1071
f 1440/2293/1071 1882/2292/1073 1884/2294/1071
f 1440/2293/1071 1884/2294/1071 1441/2295/1069
f 1441/2295/1069 1884/2294/1071 1886/2296/1069
f 1441/2295/1069 1886/2296/1069 1442/2297/1067
f 1442/2297/1067 1886/2296/1069 1888/2298/1067
f 1442/2297/1067 1888/2298/1067 1443/2299/1065
f 1443/2299/1065 1888/2298/1067 1890/2300/1065
f 1443/2299/1065 1890/2300/1065 1444/2301/1063
f 1444/2301/1063 1890/2300/1065 1892/2302/1063
f 1444/2301/1063 1892/2302/1063 1445/2303/1061
f 1445/2303/1061 1892/2302/1063 1894/2304/1061
f 1445/2303/1061 1894/2304/1061 1446/2305/1059
f 1446/2305/1059 1894/2304/1061 1896/2306/1059
f 1446/2305/1059 1896/2306/1059 1447/2307/1057
f 1447/2307/1057 1896/2306/1059 1898/2308/1057
f 1447/2307/1057 1898/2308/1057 1448/2309/1055
f 1448/2309/1055 1898/2308/1057 1900/2310/1055
f 1448/2309/1055 1900/2310/1055 1449/2311/1053
f 1449/2311/1053 1900/2310/1055 1902/2312/1053
f 1449/2311/1053 1902/2312/1053 1450/2313/1051
f 1450/2313/1051 1902/2312/1053 1904/2314/1051
f 1450/2313/1051 1904/2314/1051 1451/2315/1049
f 1451/2315/1049 1904/2314/1051 1906/2316/1049
f 1451/2315/1049 1906/2316/1049 1452/2317/1047
f 1452/2317/1047 1906/2316/1049 1908/2318/1047
f 1452/2317/1047 1908/2318/1047 1453/2319/1045
f 1453/2319/1045 1908/2318/1047 1910/2320/1045
f 1453/2319/1045 1910/2320/1045 1454/2321/1043
f 1454/2321/1043 1910/2320/1045 1912/2322/1043
f 1454/2321/1043 1912/2322/1043 1455/2323/1041
f 1455/2323/1041 1912/2322/1043 1914/2324/1041
f 1455/2323/1041 1914/2324/1041 1456/2325/1039
f 1456/2325/1039 1914/2324/1041 1916/2326/1039
f 1456/2325/1039 1916/2326/1039 1457/2327/1037
f 1457/2327/1037 1916/2326/1039 1918/2328/1037
f 1457/2327/1037 1918/2328/1037 1458/2329/1035
f 1458/2329/1035 1918/2328/1037 1920/2330/1035
f 1458/2329/1035 1920/2330/1035 1459/2331/1033
f 1459/2331/1033 1920/2330/1035 1922/2332/1033
f 1459/2331/1033 1922/2332/1033 1460/2333/1031
f 1460/2333/1031 1922/2332/1033 1924/2334/1031
f 1460/2333/1031 1924/2334/1031 1461/2335/1029
f 1461/2335/1029 1924/2334/1031 1926/2336/1029
f 1461/2335/1029 1926/2336/1029 1462/2337/58
f 1462/2337/58 1926/2336/1029 1928/2338/58
f 1462/2337/58 1928/2338/58 1463/2339/1026
f 1463/2339/1026 1928/2338/58 1930/2340/1026
f 1463/2339/1026 1930/2340/1026 1464/2341/1024
f 1464/2341/1024 1930/2340/1026 1932/2342/1024
f 1464/2341/1024 1932/2342/1024 1465/2343/1022
f 1465/2343/1022 1932/2342/1024 1934/2344/1022
f 1465/2343/1022 1934/2344/1022 1466/2345/1020
f 1466/2345/1020 1934/2344/1022 1936/2346/1020
f 1466/2345/1020 1936/2346/1020 1467/2347/1018
f 1467/2347/1018 1936/2346/1020 1938/2348/1018
f 1467/2347/1018 1938/2348/1018 1468/2349/1016
f 1468/2349/1016 1938/2348/1018 1940/2350/1016
f 1468/2349/1016 1940/2350/1016 1469/2351/1014
f 1469/2351/1014 1940/2350/1016 1942/2352/1014
f 1469/2351/1014 1942/2352/1014 1470/2353/1012
f 1470/2353/1012 1942/2352/1014 1944/2354/1012
f 1470/2353/1012 1944/2354/1012 1471/2355/1010
f 1471/2355/1010 1944/2354/1012 1946/2356/1010
f 1471/2355/1010 1946/2356/1010 1472/2357/1008
f 1472/2357/1008 1946/2356/1010 1948/2358/1008
f 1472/2357/1008 1948/2358/1008 1473/2359/1006
f 1473/2359/1006 1948/2358/1008 1950/2360/1006
f 1473/2359/1006 1950/2360/1006 1474/2361/1004
f 1474/2361/1004 1950/2360/1006 1952/2362/1004
f 1474/2361/1004 1952/2362/1004 1475/2363/1002
f 1475/2363/1002 1952/2362/1004 1954/2364/1002
f 1475/2363/1002 1954/2364/1002 1476/2365/1001
f 1476/2365/1001 1954/2364/1002 1956/2366/1001
f 1476/2365/1001 1956/2366/1001 1477/2367/1211
f 1477/2367/1211 1956/2366/1001 1958/2368/1211
f 1477/2367/1211 1958/2368/1211 1478/2369/1216
f 1478/2369/1216 1958/2368/1211 1960/2370/1338
f 1478/2369/1216 1960/2370/1338 1479/2371/1221
f 1479/2371/1221 1960/2370/1338 1962/2372/1337
f 1479/2371/1221 1962/2372/1337 1480/2373/1226
f 1480/2373/1226 1962/2372/1337 1964/2374/1226
f 1480/2373/1226 1964/2374/1226 1481/2375/1231
f 1481/2375/1231 1964/2374/1226 1966/2376/1336
f 1481/2375/1231 1966/2376/1336 1482/2377/1236
f 1482/2377/1236 1966/2376/1336 1968/2378/1236
f 1482/2377/1236 1968/2378/1236 1483/2379/1241
f 1483/2379/1241 1968/2378/1236 1970/2380/1241
f 1483/2379/1241 1970/2380/1241 1484/2381/1246
f 1484/2381/1246 1970/2380/1241 1972/2382/1246
f 1484/2381/1246 1972/2382/1246 1485/2383/1251
f 1485/2383/1251 1972/2382/1246 1974/2384/1251
f 1485/2383/1251 1974/2384/1251 1486/2385/1256
f 1486/2385/1256 1974/2384/1251 1976/2386/1256
f 1486/2385/1256 1976/2386/1256 1487/2387/1261
f 1487/2387/1261 1976/2386/1256 1978/2388/1335
f 1487/2387/1261 1978/2388/1335 1488/2389/1266
f 1488/2389/1266 1978/2388/1335 1980/2390/1266
f 1488/2389/1266 1980/2390/1266 1489/2391/1271
f 1489/2391/1271 1980/2390/1266 1982/2392/1271
f 1489/2391/1271 1982/2392/1271 1490/2393/1275
f 1490/2393/1275 1982/2392/1271 1984/2394/1275
f 1490/2393/1275 1984/2394/1275 1491/2395/1278
f 1491/2395/1278 1984/2394/1275 1986/2396/1278
f 1491/2395/1278 1986/2396/1278 1492/2271/1280
f 1492/2271/1280 1986/2396/1278 1988/2272/1280
f 1865/2150/2 1866/2274/2 1987/2152/1280
f 1987/2152/1280 1866/2274/2 1988/2272/1280
f 1987/2152/1280 1988/2272/1280 1985/2154/1278
f 1985/2154/1278 1988/2272/1280 1986/2396/1278
f 1985/2154/1278 1986/2396/1278 1983/2156/1275
f 1983/2156/1275 1986/2396/1278 1984/2394/1275
f 1983/2156/1275 1984/2394/1275 1981/2158/1271
f 1981/2158/1271 1984/2394/1275 1982/2392/1271
f 1981/2158/1271 1982/2392/1271 1979/2160/1266
f 1979/2160/1266 1982/2392/1271 1980/2390/1266
f 1979/2160/1266 1980/2390/1266 1977/2162/1335
f 1977/2162/1335 1980/2390/1266 1978/2388/1335
f 1977/2162/1335 1978/2388/1335 1975/2164/1256
f 1975/2164/1256 1978/2388/1335 1976/2386/1256
f 1975/2164/1256 1976/2386/1256 1973/2166/1251
f 1973/2166/1251 1976/2386/1256 1974/2384/1251
f 1973/2166/1251 1974/2384/1251 1971/2168/1246
f 1971/2168/1246 1974/2384/1251 1972/2382/1246
f 1971/2168/1246 1972/2382/1246 1969/2170/1241
f 1969/2170/1241 1972/2382/1246 1970/2380/1241
f 1969/2170/1241 1970/2380/1241 1967/2172/1236
f 1967/2172/1236 1970/2380/1241 1968/2378/1236
f 1967/2172/1236 1968/2378/1236 1965/2174/1336
f 1965/2174/1336 1968/2378/1236 1966/2376/1336
f 1965/2174/1336 1966/2376/1336 1963/2176/1226
f 1963/2176/1226 1966/2376/1336 1964/2374/1226
f 1963/2176/1226 1964/2374/1226 1961/2178/1337
f 1961/2178/1337 1964/2374/1226 1962/2372/1337
f 1961/2178/1337 1962/2372/1337 1959/2180/1338
f 1959/2180/1338 1962/2372/1337 1960/2370/1338
f 1959/2180/1338 1960/2370/1338 1957/2182/1211
f 1957/2182/1211 1960/2370/1338 1958/2368/1211
f 1957/2182/1211 1958/2368/1211 1955/2184/1001
f 1955/2184/1001 1958/2368/1211 1956/2366/1001
f 1955/2184/1001 1956/2366/1001 1953/2186/1002
f 1953/2186/1002 1956/2366/1001 1954/2364/1002
f 1953/2186/1002 1954/2364/1002 1951/2188/1004
f 1951/2188/1004 1954/2364/1002 1952/2362/1004
f 1951/2188/1004 1952/2362/1004 1949/2190/1006
f 1949/2190/1006 1952/2362/1004 1950/2360/1006
f 1949/2190/1006 1950/2360/1006 1947/2192/1008
f 1947/2192/1008 1950/2360/1006 1948/2358/1008
f 1947/2192/1008 1948/2358/1008 1945/2194/1010
f 1945/2194/1010 1948/2358/1008 1946/2356/1010
f 1945/2194/1010 1946/2356/1010 1943/2196/1012
f 1943/2196/1012 1946/2356/1010 1944/2354/1012
f 1943/2196/1012 1944/2354/1012 1941/2198/1014
f 1941/2198/1014 1944/2354/1012 1942/2352/1014
f 1941/2198/1014 1942/2352/1014 1939/2200/1016
f 1939/2200/1016 1942/2352/1014 1940/2350/1016
f 1939/2200/1016 1940/2350/1016 1937/2202/1018
f 1937/2202/1018 1940/2350/1016 1938/2348/1018
f 1937/2202/1018 1938/2348/1018 1935/2204/1020
f 1935/2204/1020 1938/2348/1018 1936/2346/1020
f 1935/2204/1020 1936/2346/1020 1933/2206/1022
f 1933/2206/1022 1936/2346/1020 1934/2344/1022
f 1933/2206/1022 1934/2344/1022 1931/2208/1024
f 1931/2208/1024 1934/2344/1022 1932/2342/1024
f 1931/2208/1024 1932/2342/1024 1929/2210/1026
f 1929/2210/1026 1932/2342/1024 1930/2340/1026
f 1929/2210/1026 1930/2340/1026 1927/2212/58
f 1927/2212/58 1930/2340/1026 1928/2338/58
f 1927/2212/58 1928/2338/58 1925/2214/1029
f 1925/2214/1029 1928/2338/58 1926/2336/1029
f 1925/2214/1029 1926/2336/1029 1923/2216/1031
f 1923/2216/1031 1926/2336/1029 1924/2334/1031
f 1923/2216/1031 1924/2334/1031 1921/2218/1033
f 1921/2218/1033 1924/2334/1031 1922/2332/1033
f 1921/2218/1033 1922/2332/1033 1919/2220/1035
f 1919/2220/1035 1922/2332/1033 1920/2330/1035
f 1919/2220/1035 1920/2330/1035 1917/2222/1037
f 1917/2222/1037 1920/2330/1035 1918/2328/1037
f 1917/2222/1037 1918/2328/1037 1915/2224/1039
f 1915/2224/1039 1918/2328/1037 1916/2326/1039
f 1915/2224/1039 1916/2326/1039 1913/2226/1041
f 1913/2226/1041 1916/2326/1039 1914/2324/1041
f 1913/2226/1041 1914/2324/1041 1911/2228/1043
f 1911/2228/1043 1914/2324/1041 1912/2322/1043
f 1911/2228/1043 1912/2322/1043 1909/2230/1045
f 1909/2230/1045 1912/2322/1043 1910/2320/1045
f 1909/2230/1045 1910/2320/1045 1907/2232/1047
f 1907/2232/1047 1910/2320/1045 1908/2318/1047
f 1907/2232/1047 1908/2318/1047 1905/2234/1049
f 1905/2234/1049 1908/2318/1047 1906/2316/1049
f 1905/2234/1049 1906/2316/1049 1903/2236/1051
f 1903/2236/1051 1906/2316/1049 1904/2314/1051
f 1903/2236/1051 1904/2314/1051 1901/2238/1053
f 1901/2238/1053 1904/2314/1051 1902/2312/1053
f 1901/2238/1053 1902/2312/1053 1899/2240/1055
f 1899/2240/1055 1902/2312/1053 1900/2310/1055
f 1899/2240/1055 1900/2310/1055 1897/2242/1057
f 1897/2242/1057 1900/2310/1055 1898/2308/1057
f 1897/2242/1057 1898/2308/1057 1895/2244/1059
f 1895/2244/1059 1898/2308/1057 1896/2306/1059
f 1895/2244/1059 1896/2306/1059 1893/2246/1061
f 1893/2246/1061 1896/2306/1059 1894/2304/1061
f 1893/2246/1061 1894/2304/1061 1891/2248/1063
f 1891/2248/1063 1894/2304/1061 1892/2302/1063
f 1891/2248/1063 1892/2302/1063 1889/2250/1065
f 1889/2250/1065 1892/2302/1063 1890/2300/1065
f 1889/2250/1065 1890/2300/1065 1887/2252/1067
f 1887/2252/1067 1890/2300/1065 1888/2298/1067
f 1887/2252/1067 1888/2298/1067 1885/2254/1069
f 1885/2254/1069 1888/2298/1067 1886/2296/1069
f 1885/2254/1069 1886/2296/1069 1883/2256/1071
f 1883/2256/1071 1886/2296/1069 1884/2294/1071
f 1883/2256/1071 1884/2294/1071 1881/2258/1073
f 1881/2258/1073 1884/2294/1071 1882/2292/1073
f 1881/2258/1073 1882/2292/1073 1879/2260/1075
f 1879/2260/1075 1882/2292/1073 1880/2290/1075
f 1879/2260/1075 1880/2290/1075 1877/2262/1077
f 1877/2262/1077 1880/2290/1075 1878/2288/1077
f 1877/2262/1077 1878/2288/1077 1875/2264/1079
f 1875/2264/1079 1878/2288/1077 1876/2286/1079
f 1875/2264/1079 1876/2286/1079 1873/2266/1081
f 1873/2266/1081 1876/2286/1079 1874/2284/1081
f 1873/2266/1081 1874/2284/1081 1871/2268/1083
f 1871/2268/1083 1874/2284/1081 1872/2282/1083
f 1871/2268/1083 1872/2282/1083 1869/2270/1085
f 1869/2270/1085 1872/2282/1083 1870/2280/1085
f 1869/2270/1085 1870/2280/1085 1867/2146/980
f 1867/2146/980 1870/2280/1085 1868/2278/980
f 1867/2146/980 1868/2278/980 1865/2148/2
f 1865/2148/2 1868/2278/980 1866/2276/2
f 1375/1240/452 1374/1238/452 1401/1186/452
f 1401/1186/452 1374/1238/452 1430/1236/452
f 1401/1186/452 1430/1236/452 1429/1235/452
f 1429/1235/452 1428/1233/452 1401/1186/452
f 1401/1186/452 1428/1233/452 1427/1231/452
f 1401/1186/452 1427/1231/452 1426/1229/452
f 1426/1229/452 1425/1227/452 1401/1186/452
f 1401/1186/452 1425/1227/452 1424/1226/452
f 1401/1186/452 1424/1226/452 1423/1224/452
f 1423/1224/452 1422/1222/452 1401/1186/452
f 1401/1186/452 1422/1222/452 1421/1220/452
f 1401/1186/452 1421/1220/452 1420/1218/452
f 1420/1218/452 1419/1217/452 1401/1186/452
f 1401/1186/452 1419/1217/452 1418/1215/452
f 1401/1186/452 1418/1215/452 1417/1213/452
f 1417/1213/452 1416/1211/452 1401/1186/452
f 1401/1186/452 1416/1211/452 1415/1209/452
f 1401/1186/452 1415/1209/452 1414/1208/452
f 1414/1208/452 1413/1206/452 1401/1186/452
f 1401/1186/452 1413/1206/452 1412/1204/452
f 1401/1186/452 1412/1204/452 1411/1202/452
f 1411/1202/452 1410/1201/452 1401/1186/452
f 1401/1186/452 1410/1201/452 1409/1199/452
f 1401/1186/452 1409/1199/452 1408/1197/452
f 1408/1197/452 1407/1195/452 1401/1186/452
f 1401/1186/452 1407/1195/452 1406/1193/452
f 1401/1186/452 1406/1193/452 1405/1192/452
f 1405/1192/452 1404/1190/452 1401/1186/452
f 1401/1186/452 1404/1190/452 1402/1184/452
f 1402/1184/452 1404/1190/452 1403/1182/452
f 1375/1240/452 1401/1186/452 1376/1242/452
f 1376/1242/452 1401/1186/452 1400/1188/452
f 1376/1242/452 1400/1188/452 1377/1243/452
f 1377/1243/452 1400/1188/452 1399/1189/452
f 1377/1243/452 1399/1189/452 1378/1245/452
f 1378/1245/452 1399/1189/452 1398/1281/452
f 1378/1245/452 1398/1281/452 1379/1247/452
f 1379/1247/452 1398/1281/452 1397/1279/452
f 1379/1247/452 1397/1279/452 1380/1249/452
f 1380/1249/452 1397/1279/452 1396/1277/452
f 1380/1249/452 1396/1277/452 1381/1251/452
f 1381/1251/452 1396/1277/452 1395/1276/452
f 1381/1251/452 1395/1276/452 1382/1252/452
f 1382/1252/452 1395/1276/452 1394/1274/452
f 1382/1252/452 1394/1274/452 1383/1254/452
f 1383/1254/452 1394/1274/452 1393/1272/452
f 1383/1254/452 1393/1272/452 1384/1256/452
f 1384/1256/452 1393/1272/452 1392/1270/452
f 1384/1256/452 1392/1270/452 1385/1258/452
f 1385/1258/452 1392/1270/452 1391/1269/452
f 1385/1258/452 1391/1269/452 1386/1260/452
f 1386/1260/452 1391/1269/452 1390/1267/452
f 1386/1260/452 1390/1267/452 1387/1261/452
f 1387/1261/452 1390/1267/452 1389/1265/452
f 1387/1261/452 1389/1265/452 1388/1263/452
f 1864/2086/1280 2055/2397/1340 1803/2088/2
f 1803/2088/2 2055/2397/1340 2046/2398/96
f 1803/1726/2 2046/2399/96 1804/1727/980
f 1804/1727/980 2046/2399/96 2351/2400/1341
f 1804/1727/980 2351/2400/1341 1805/1842/1085
f 1805/1842/1085 2351/2400/1341 2346/2401/1342
f 1805/1842/1085 2346/2401/1342 1806/1840/1083
f 1806/1840/1083 2346/2401/1342 2341/2402/1343
f 1806/1840/1083 2341/2402/1343 1807/1838/1081
f 1807/1838/1081 2341/2402/1343 2336/2403/1344
f 1807/1838/1081 2336/2403/1344 1808/1836/1079
f 1808/1836/1079 2336/2403/1344 2331/2404/1345
f 1808/1836/1079 2331/2404/1345 1809/1834/1077
f 1809/1834/1077 2331/2404/1345 2326/2405/1346
f 1809/1834/1077 2326/2405/1346 1810/1832/1075
f 1810/1832/1075 2326/2405/1346 2321/2406/1347
f 1810/1832/1075 2321/2406/1347 1811/1830/1073
f 1811/1830/1073 2321/2406/1347 2316/2407/1348
f 1811/1830/1073 2316/2407/1348 1812/1828/1071
f 1812/1828/1071 2316/2407/1348 2311/2408/1349
f 1812/1828/1071 2311/2408/1349 1813/1826/1069
f 1813/1826/1069 2311/2408/1349 2306/2409/1350
f 1813/1826/1069 2306/2409/1350 1814/1824/1067
f 1814/1824/1067 2306/2409/1350 2301/2410/1351
f 1814/1824/1067 2301/2410/1351 1815/1822/1065
f 1815/1822/1065 2301/2410/1351 2296/2411/1352
f 1815/1822/1065 2296/2411/1352 1816/1820/1063
f 1816/1820/1063 2296/2411/1352 2292/2412/1353
f 1816/1820/1063 2292/2412/1353 1817/1818/1061
f 1817/1818/1061 2292/2412/1353 2287/2413/1354
f 1817/1818/1061 2287/2413/1354 1818/1816/1059
f 1818/1816/1059 2287/2413/1354 2282/2414/1355
f 1818/1816/1059 2282/2414/1355 1819/1814/1339
f 1819/1814/1339 2282/2414/1355 2277/2415/1356
f 1819/1814/1339 2277/2415/1356 1820/1812/1055
f 1820/1812/1055 2277/2415/1356 2272/2416/1357
f 1820/1812/1055 2272/2416/1357 1821/1810/1053
f 1821/1810/1053 2272/2416/1357 2267/2417/1358
f 1821/1810/1053 2267/2417/1358 1822/1808/1051
f 1822/1808/1051 2267/2417/1358 2262/2418/1359
f 1822/1808/1051 2262/2418/1359 1823/1806/1049
f 1823/1806/1049 2262/2418/1359 2257/2419/1360
f 1823/1806/1049 2257/2419/1360 1824/1804/1047
f 1824/1804/1047 2257/2419/1360 2252/2420/1361
f 1824/1804/1047 2252/2420/1361 1825/1802/1045
f 1825/1802/1045 2252/2420/1361 2247/2421/1362
f 1825/1802/1045 2247/2421/1362 1826/1800/1043
f 1826/1800/1043 2247/2421/1362 2242/2422/1363
f 1826/1800/1043 2242/2422/1363 1827/1798/1041
f 1827/1798/1041 2242/2422/1363 2238/2423/1364
f 1827/1798/1041 2238/2423/1364 1828/1796/1039
f 1828/1796/1039 2238/2423/1364 2233/2424/1365
f 1828/1796/1039 2233/2424/1365 1829/1794/1037
f 1829/1794/1037 2233/2424/1365 2228/2425/1366
f 1829/1794/1037 2228/2425/1366 1830/1792/1035
f 1830/1792/1035 2228/2425/1366 2223/2426/1367
f 1830/1792/1035 2223/2426/1367 1831/1790/1033
f 1831/1790/1033 2223/2426/1367 2218/2427/1368
f 1831/1790/1033 2218/2427/1368 1832/1788/1031
f 1832/1788/1031 2218/2427/1368 2213/2428/1369
f 1832/1788/1031 2213/2428/1369 1833/1786/1029
f 1833/1786/1029 2213/2428/1369 2208/2429/1370
f 1833/1786/1029 2208/2429/1370 1834/165/58
f 1834/165/58 2208/2429/1370 2203/2430/56
f 1834/165/58 2203/2430/56 1835/1783/1026
f 1835/1783/1026 2203/2430/56 2198/2431/1371
f 1835/1783/1026 2198/2431/1371 1836/1781/1024
f 1836/1781/1024 2198/2431/1371 2193/2432/1372
f 1836/1781/1024 2193/2432/1372 1837/1779/1022
f 1837/1779/1022 2193/2432/1372 2188/2433/1373
f 1837/1779/1022 2188/2433/1373 1838/1777/1020
f 1838/1777/1020 2188/2433/1373 2183/2434/1374
f 1838/1777/1020 2183/2434/1374 1839/1775/1018
f 1839/1775/1018 2183/2434/1374 2178/2435/1375
f 1839/1775/1018 2178/2435/1375 1840/1773/1016
f 1840/1773/1016 2178/2435/1375 2173/2436/1376
f 1840/1773/1016 2173/2436/1376 1841/1771/1014
f 1841/1771/1014 2173/2436/1376 2169/2437/1377
f 1841/1771/1014 2169/2437/1377 1842/1769/1012
f 1842/1769/1012 2169/2437/1377 2164/2438/1378
f 1842/1769/1012 2164/2438/1378 1843/1767/1010
f 1843/1767/1010 2164/2438/1378 2159/2439/1379
f 1843/1767/1010 2159/2439/1379 1844/1765/1008
f 1844/1765/1008 2159/2439/1379 2154/2440/1380
f 1844/1765/1008 2154/2440/1380 1845/1763/1006
f 1845/1763/1006 2154/2440/1380 2149/2441/1381
f 1845/1763/1006 2149/2441/1381 1846/1761/1004
f 1846/1761/1004 2149/2441/1381 2144/2442/1382
f 1846/1761/1004 2144/2442/1382 1847/1759/1002
f 1847/1759/1002 2144/2442/1382 2139/2443/1383
f 1847/1759/1002 2139/2443/1383 1848/1758/1001
f 1848/1758/1001 2139/2443/1383 2134/2444/1384
f 1848/1758/1001 2134/2444/1384 1849/2014/1211
f 1849/2014/1211 2134/2444/1384 2129/2445/1385
f 1849/2014/1211 2129/2445/1385 1850/2019/1216
f 1850/2019/1216 2129/2445/1385 2124/2446/1386
f 1850/2019/1216 2124/2446/1386 1851/2024/1337
f 1851/2024/1337 2124/2446/1386 2119/2447/1387
f 1851/2024/1337 2119/2447/1387 1852/2029/1226
f 1852/2029/1226 2119/2447/1387 2115/2448/1388
f 1852/2029/1226 2115/2448/1388 1853/2034/1336
f 1853/2034/1336 2115/2448/1388 2110/2449/1389
f 1853/2034/1336 2110/2449/1389 1854/2039/1236
f 1854/2039/1236 2110/2449/1389 2105/2450/1390
f 1854/2039/1236 2105/2450/1390 1855/2044/1241
f 1855/2044/1241 2105/2450/1390 2100/2451/1391
f 1855/2044/1241 2100/2451/1391 1856/2049/1246
f 1856/2049/1246 2100/2451/1391 2095/2452/1392
f 1856/2049/1246 2095/2452/1392 1857/2054/1251
f 1857/2054/1251 2095/2452/1392 2090/2453/1393
f 1857/2054/1251 2090/2453/1393 1858/2059/1256
f 1858/2059/1256 2090/2453/1393 2085/2454/1394
f 1858/2059/1256 2085/2454/1394 1859/2064/1335
f 1859/2064/1335 2085/2454/1394 2080/2455/1395
f 1859/2064/1335 2080/2455/1395 1860/2069/1266
f 1860/2069/1266 2080/2455/1395 2075/2456/1396
f 1860/2069/1266 2075/2456/1396 1861/2074/1271
f 1861/2074/1271 2075/2456/1396 2070/2457/1397
f 1861/2074/1271 2070/2457/1397 1862/2079/1275
f 1862/2079/1275 2070/2457/1397 2065/2458/1398
f 1862/2079/1275 2065/2458/1398 1863/2083/1278
f 1863/2083/1278 2065/2458/1398 2060/2459/1399
f 1863/2083/1278 2060/2459/1399 1864/2086/1280
f 1864/2086/1280 2060/2459/1399 2055/2397/1340
f 1990/2460/46 2355/2461/1400 1989/2462/46
f 1989/2462/46 2355/2461/1400 2050/2463/178
f 1989/2464/46 2050/2465/178 2059/2466/1401
f 2059/2466/1401 2050/2465/178 2049/2467/175
f 2059/2466/1401 2049/2467/175 2058/2468/1402
f 2058/2468/1402 2049/2467/175 2048/2469/172
f 2058/2468/1402 2048/2469/172 2057/2470/1403
f 2057/2470/1403 2048/2469/172 2047/2471/1404
f 2057/2470/1403 2047/2471/1404 2056/2472/1405
f 2056/2472/1405 2047/2471/1404 2046/2398/96
f 2056/2472/1405 2046/2398/96 2055/2397/1340
f 2355/2461/1400 1990/2460/46 2350/2473/1406
f 2350/2473/1406 1990/2460/46 1991/2474/46
f 2350/2473/1406 1991/2474/46 2345/2475/1407
f 2345/2475/1407 1991/2474/46 1992/2476/46
f 2345/2475/1407 1992/2476/46 2340/2477/1408
f 2340/2477/1408 1992/2476/46 1993/2478/46
f 2340/2477/1408 1993/2478/46 2335/2479/1409
f 2335/2479/1409 1993/2478/46 1994/2480/46
f 2335/2479/1409 1994/2480/46 2330/2481/1410
f 2330/2481/1410 1994/2480/46 1995/2482/46
f 2330/2481/1410 1995/2482/46 2325/2483/1411
f 2325/2483/1411 1995/2482/46 1996/2484/46
f 2325/2483/1411 1996/2484/46 2320/2485/1412
f 2320/2485/1412 1996/2484/46 1997/2486/46
f 2320/2485/1412 1997/2486/46 2315/2487/1413
f 2315/2487/1413 1997/2486/46 1998/2488/46
f 2315/2487/1413 1998/2488/46 2310/2489/1414
f 2310/2489/1414 1998/2488/46 1999/2490/46
f 2310/2489/1414 1999/2490/46 2305/2491/1415
f 2305/2491/1415 1999/2490/46 2000/2492/46
f 2305/2491/1415 2000/2492/46 2300/2493/1416
f 2300/2493/1416 2000/2492/46 2054/2494/1417
f 2300/2493/1416 2054/2494/1417 2295/2495/1418
f 2295/2495/1418 2054/2494/1417 2290/2496/1419
f 2295/2495/1418 2290/2496/1419 2289/2497/1420
f 2289/2497/1420 2290/2496/1419 2284/2498/1421
f 2289/2497/1420 2284/2498/1421 2283/2499/1422
f 2283/2499/1422 2284/2498/1421 2278/2500/1423
f 2283/2499/1422 2278/2500/1423 2277/2415/1356
f 2277/2415/1356 2278/2500/1423 2272/2416/1357
f 2000/2492/46 2001/2501/46 2054/2494/1417
f 2054/2494/1417 2001/2501/46 2291/2502/1424
f 2054/2494/1417 2291/2502/1424 2290/2496/1419
f 2290/2496/1419 2291/2502/1424 2285/2503/1425
f 2290/2496/1419 2285/2503/1425 2284/2498/1421
f 2284/2498/1421 2285/2503/1425 2279/2504/1426
f 2284/2498/1421 2279/2504/1426 2278/2500/1423
f 2278/2500/1423 2279/2504/1426 2273/2505/1427
f 2278/2500/1423 2273/2505/1427 2272/2416/1357
f 2272/2416/1357 2273/2505/1427 2267/2417/1358
f 2001/2501/46 2002/2506/46 2291/2502/1424
f 2291/2502/1424 2002/2506/46 2286/2507/1428
f 2291/2502/1424 2286/2507/1428 2285/2503/1425
f 2285/2503/1425 2286/2507/1428 2280/2508/1429
f 2285/2503/1425 2280/2508/1429 2279/2504/1426
f 2279/2504/1426 2280/2508/1429 2274/2509/1430
f 2279/2504/1426 2274/2509/1430 2273/2505/1427
f 2273/2505/1427 2274/2509/1430 2268/2510/1431
f 2273/2505/1427 2268/2510/1431 2267/2417/1358
f 2267/2417/1358 2268/2510/1431 2262/2418/1359
f 2002/2506/46 2003/2511/46 2286/2507/1428
f 2286/2507/1428 2003/2511/46 2281/2512/1432
f 2286/2507/1428 2281/2512/1432 2280/2508/1429
f 2280/2508/1429 2281/2512/1432 2275/2513/1433
f 2280/2508/1429 2275/2513/1433 2274/2509/1430
f 2274/2509/1430 2275/2513/1433 2269/2514/1434
f 2274/2509/1430 2269/2514/1434 2268/2510/1431
f 2268/2510/1431 2269/2514/1434 2263/2515/1435
f 2268/2510/1431 2263/2515/1435 2262/2418/1359
f 2262/2418/1359 2263/2515/1435 2257/2419/1360
f 2003/2511/46 2004/2516/46 2281/2512/1432
f 2281/2512/1432 2004/2516/46 2276/2517/1436
f 2281/2512/1432 2276/2517/1436 2275/2513/1433
f 2275/2513/1433 2276/2517/1436 2270/2518/1437
f 2275/2513/1433 2270/2518/1437 2269/2514/1434
f 2269/2514/1434 2270/2518/1437 2264/2519/1438
f 2269/2514/1434 2264/2519/1438 2263/2515/1435
f 2263/2515/1435 2264/2519/1438 2258/2520/1439
f 2263/2515/1435 2258/2520/1439 2257/2419/1360
f 2257/2419/1360 2258/2520/1439 2252/2420/1361
f 2004/2516/46 2005/2521/46 2276/2517/1436
f 2276/2517/1436 2005/2521/46 2271/2522/1440
f 2276/2517/1436 2271/2522/1440 2270/2518/1437
f 2270/2518/1437 2271/2522/1440 2265/2523/1441
f 2270/2518/1437 2265/2523/1441 2264/2519/1438
f 2264/2519/1438 2265/2523/1441 2259/2524/1442
f 2264/2519/1438 2259/2524/1442 2258/2520/1439
f 2258/2520/1439 2259/2524/1442 2253/2525/1443
f 2258/2520/1439 2253/2525/1443 2252/2420/1361
f 2252/2420/1361 2253/2525/1443 2247/2421/1362
f 2005/2521/46 2006/2526/46 2271/2522/1440
f 2271/2522/1440 2006/2526/46 2266/2527/1444
f 2271/2522/1440 2266/2527/1444 2265/2523/1441
f 2265/2523/1441 2266/2527/1444 2260/2528/1445
f 2265/2523/1441 2260/2528/1445 2259/2524/1442
f 2259/2524/1442 2260/2528/1445 2254/2529/1446
f 2259/2524/1442 2254/2529/1446 2253/2525/1443
f 2253/2525/1443 2254/2529/1446 2248/2530/1447
f 2253/2525/1443 2248/2530/1447 2247/2421/1362
f 2247/2421/1362 2248/2530/1447 2242/2422/1363
f 2006/2526/46 2007/2531/46 2266/2527/1444
f 2266/2527/1444 2007/2531/46 2261/2532/1448
f 2266/2527/1444 2261/2532/1448 2260/2528/1445
f 2260/2528/1445 2261/2532/1448 2255/2533/1449
f 2260/2528/1445 2255/2533/1449 2254/2529/1446
f 2254/2529/1446 2255/2533/1449 2249/2534/1450
f 2254/2529/1446 2249/2534/1450 2248/2530/1447
f 2248/2530/1447 2249/2534/1450 2243/2535/1451
f 2248/2530/1447 2243/2535/1451 2242/2422/1363
f 2242/2422/1363 2243/2535/1451 2238/2423/1364
f 2007/2531/46 2008/2536/46 2261/2532/1448
f 2261/2532/1448 2008/2536/46 2256/2537/1452
f 2261/2532/1448 2256/2537/1452 2255/2533/1449
f 2255/2533/1449 2256/2537/1452 2250/2538/1453
f 2255/2533/1449 2250/2538/1453 2249/2534/1450
f 2249/2534/1450 2250/2538/1453 2244/2539/1454
f 2249/2534/1450 2244/2539/1454 2243/2535/1451
f 2243/2535/1451 2244/2539/1454 2239/2540/1455
f 2243/2535/1451 2239/2540/1455 2238/2423/1364
f 2238/2423/1364 2239/2540/1455 2233/2424/1365
f 2008/2536/46 2009/2541/46 2256/2537/1452
f 2256/2537/1452 2009/2541/46 2251/2542/1456
f 2256/2537/1452 2251/2542/1456 2250/2538/1453
f 2250/2538/1453 2251/2542/1456 2245/2543/1457
f 2250/2538/1453 2245/2543/1457 2244/2539/1454
f 2244/2539/1454 2245/2543/1457 2240/2544/1458
f 2244/2539/1454 2240/2544/1458 2239/2540/1455
f 2239/2540/1455 2240/2544/1458 2234/2545/1459
f 2239/2540/1455 2234/2545/1459 2233/2424/1365
f 2233/2424/1365 2234/2545/1459 2228/2425/1366
f 2009/2541/46 2010/2546/46 2251/2542/1456
f 2251/2542/1456 2010/2546/46 2246/2547/1460
f 2251/2542/1456 2246/2547/1460 2245/2543/1457
f 2245/2543/1457 2246/2547/1460 2241/2548/1461
f 2245/2543/1457 2241/2548/1461 2240/2544/1458
f 2240/2544/1458 2241/2548/1461 2235/2549/1462
f 2240/2544/1458 2235/2549/1462 2234/2545/1459
f 2234/2545/1459 2235/2549/1462 2229/2550/1463
f 2234/2545/1459 2229/2550/1463 2228/2425/1366
f 2228/2425/1366 2229/2550/1463 2223/2426/1367
f 2010/2546/46 2011/2551/46 2246/2547/1460
f 2246/2547/1460 2011/2551/46 2053/2552/1464
f 2246/2547/1460 2053/2552/1464 2241/2548/1461
f 2241/2548/1461 2053/2552/1464 2236/2553/1465
f 2241/2548/1461 2236/2553/1465 2235/2549/1462
f 2235/2549/1462 2236/2553/1465 2230/2554/1466
f 2235/2549/1462 2230/2554/1466 2229/2550/1463
f 2229/2550/1463 2230/2554/1466 2224/2555/1467
f 2229/2550/1463 2224/2555/1467 2223/2426/1367
f 2223/2426/1367 2224/2555/1467 2218/2427/1368
f 2011/2551/46 2012/2556/46 2053/2552/1464
f 2053/2552/1464 2012/2556/46 2237/2557/1468
f 2053/2552/1464 2237/2557/1468 2236/2553/1465
f 2236/2553/1465 2237/2557/1468 2231/2558/1469
f 2236/2553/1465 2231/2558/1469 2230/2554/1466
f 2230/2554/1466 2231/2558/1469 2225/2559/1470
f 2230/2554/1466 2225/2559/1470 2224/2555/1467
f 2224/2555/1467 2225/2559/1470 2219/2560/1471
f 2224/2555/1467 2219/2560/1471 2218/2427/1368
f 2218/2427/1368 2219/2560/1471 2213/2428/1369
f 2237/2557/1468 2012/2556/46 2232/2561/1472
f 2232/2561/1472 2012/2556/46 2013/2562/46
f 2232/2561/1472 2013/2562/46 2227/2563/1473
f 2227/2563/1473 2013/2562/46 2014/2564/46
f 2227/2563/1473 2014/2564/46 2222/2565/1474
f 2222/2565/1474 2014/2564/46 2015/2566/46
f 2222/2565/1474 2015/2566/46 2217/2567/1475
f 2217/2567/1475 2015/2566/46 2016/2568/46
f 2217/2567/1475 2016/2568/46 2212/2569/1476
f 2212/2569/1476 2016/2568/46 2017/2570/46
f 2212/2569/1476 2017/2570/46 2207/2571/48
f 2207/2571/48 2017/2570/46 2018/2572/46
f 2207/2571/48 2018/2572/46 2202/2573/1477
f 2202/2573/1477 2018/2572/46 2019/2574/46
f 2202/2573/1477 2019/2574/46 2197/2575/1478
f 2197/2575/1478 2019/2574/46 2020/2576/46
f 2197/2575/1478 2020/2576/46 2192/2577/1479
f 2192/2577/1479 2020/2576/46 2021/2578/46
f 2192/2577/1479 2021/2578/46 2187/2579/1480
f 2187/2579/1480 2021/2578/46 2022/2580/46
f 2187/2579/1480 2022/2580/46 2182/2581/1481
f 2182/2581/1481 2022/2580/46 2023/2582/46
f 2182/2581/1481 2023/2582/46 2177/2583/1482
f 2177/2583/1482 2023/2582/46 2052/2584/1483
f 2177/2583/1482 2052/2584/1483 2172/2585/1484
f 2172/2585/1484 2052/2584/1483 2167/2586/1485
f 2172/2585/1484 2167/2586/1485 2166/2587/1486
f 2166/2587/1486 2167/2586/1485 2161/2588/1487
f 2166/2587/1486 2161/2588/1487 2160/2589/1488
f 2160/2589/1488 2161/2588/1487 2155/2590/1489
f 2160/2589/1488 2155/2590/1489 2154/2440/1380
f 2154/2440/1380 2155/2590/1489 2149/2441/1381
f 2023/2582/46 2024/2591/46 2052/2584/1483
f 2052/2584/1483 2024/2591/46 2168/2592/1490
f 2052/2584/1483 2168/2592/1490 2167/2586/1485
f 2167/2586/1485 2168/2592/1490 2162/2593/1491
f 2167/2586/1485 2162/2593/1491 2161/2588/1487
f 2161/2588/1487 2162/2593/1491 2156/2594/1492
f 2161/2588/1487 2156/2594/1492 2155/2590/1489
f 2155/2590/1489 2156/2594/1492 2150/2595/1493
f 2155/2590/1489 2150/2595/1493 2149/2441/1381
f 2149/2441/1381 2150/2595/1493 2144/2442/1382
f 2024/2591/46 2025/2596/46 2168/2592/1490
f 2168/2592/1490 2025/2596/46 2163/2597/1494
f 2168/2592/1490 2163/2597/1494 2162/2593/1491
f 2162/2593/1491 2163/2597/1494 2157/2598/1495
f 2162/2593/1491 2157/2598/1495 2156/2594/1492
f 2156/2594/1492 2157/2598/1495 2151/2599/1496
f 2156/2594/1492 2151/2599/1496 2150/2595/1493
f 2150/2595/1493 2151/2599/1496 2145/2600/1497
f 2150/2595/1493 2145/2600/1497 2144/2442/1382
f 2144/2442/1382 2145/2600/1497 2139/2443/1383
f 2025/2596/46 2026/2601/46 2163/2597/1494
f 2163/2597/1494 2026/2601/46 2158/2602/1498
f 2163/2597/1494 2158/2602/1498 2157/2598/1495
f 2157/2598/1495 2158/2602/1498 2152/2603/1499
f 2157/2598/1495 2152/2603/1499 2151/2599/1496
f 2151/2599/1496 2152/2603/1499 2146/2604/1500
f 2151/2599/1496 2146/2604/1500 2145/2600/1497
f 2145/2600/1497 2146/2604/1500 2140/2605/1501
f 2145/2600/1497 2140/2605/1501 2139/2443/1383
f 2139/2443/1383 2140/2605/1501 2134/2444/1384
f 2026/2601/46 2027/2606/46 2158/2602/1498
f 2158/2602/1498 2027/2606/46 2153/2607/1502
f 2158/2602/1498 2153/2607/1502 2152/2603/1499
f 2152/2603/1499 2153/2607/1502 2147/2608/1503
f 2152/2603/1499 2147/2608/1503 2146/2604/1500
f 2146/2604/1500 2147/2608/1503 2141/2609/1504
f 2146/2604/1500 2141/2609/1504 2140/2605/1501
f 2140/2605/1501 2141/2609/1504 2135/2610/1505
f 2140/2605/1501 2135/2610/1505 2134/2444/1384
f 2134/2444/1384 2135/2610/1505 2129/2445/1385
f 2027/2606/46 2028/2611/46 2153/2607/1502
f 2153/2607/1502 2028/2611/46 2148/2612/1506
f 2153/2607/1502 2148/2612/1506 2147/2608/1503
f 2147/2608/1503 2148/2612/1506 2142/2613/1507
f 2147/2608/1503 2142/2613/1507 2141/2609/1504
f 2141/2609/1504 2142/2613/1507 2136/2614/1508
f 2141/2609/1504 2136/2614/1508 2135/2610/1505
f 2135/2610/1505 2136/2614/1508 2130/2615/1509
f 2135/2610/1505 2130/2615/1509 2129/2445/1385
f 2129/2445/1385 2130/2615/1509 2124/2446/1386
f 2028/2611/46 2029/2616/46 2148/2612/1506
f 2148/2612/1506 2029/2616/46 2143/2617/1510
f 2148/2612/1506 2143/2617/1510 2142/2613/1507
f 2142/2613/1507 2143/2617/1510 2137/2618/1511
f 2142/2613/1507 2137/2618/1511 2136/2614/1508
f 2136/2614/1508 2137/2618/1511 2131/2619/1512
f 2136/2614/1508 2131/2619/1512 2130/2615/1509
f 2130/2615/1509 2131/2619/1512 2125/2620/1513
f 2130/2615/1509 2125/2620/1513 2124/2446/1386
f 2124/2446/1386 2125/2620/1513 2119/2447/1387
f 2029/2616/46 2030/2621/46 2143/2617/1510
f 2143/2617/1510 2030/2621/46 2138/2622/1514
f 2143/2617/1510 2138/2622/1514 2137/2618/1511
f 2137/2618/1511 2138/2622/1514 2132/2623/1515
f 2137/2618/1511 2132/2623/1515 2131/2619/1512
f 2131/2619/1512 2132/2623/1515 2126/2624/1516
f 2131/2619/1512 2126/2624/1516 2125/2620/1513
f 2125/2620/1513 2126/2624/1516 2120/2625/1517
f 2125/2620/1513 2120/2625/1517 2119/2447/1387
f 2119/2447/1387 2120/2625/1517 2115/2448/1388
f 2030/2621/46 2031/2626/46 2138/2622/1514
f 2138/2622/1514 2031/2626/46 2133/2627/1518
f 2138/2622/1514 2133/2627/1518 2132/2623/1515
f 2132/2623/1515 2133/2627/1518 2127/2628/1519
f 2132/2623/1515 2127/2628/1519 2126/2624/1516
f 2126/2624/1516 2127/2628/1519 2121/2629/1520
f 2126/2624/1516 2121/2629/1520 2120/2625/1517
f 2120/2625/1517 2121/2629/1520 2116/2630/1521
f 2120/2625/1517 2116/2630/1521 2115/2448/1388
f 2115/2448/1388 2116/2630/1521 2110/2449/1389
f 2031/2626/46 2032/2631/46 2133/2627/1518
f 2133/2627/1518 2032/2631/46 2128/2632/1522
f 2133/2627/1518 2128/2632/1522 2127/2628/1519
f 2127/2628/1519 2128/2632/1522 2122/2633/1523
f 2127/2628/1519 2122/2633/1523 2121/2629/1520
f 2121/2629/1520 2122/2633/1523 2117/2634/1524
f 2121/2629/1520 2117/2634/1524 2116/2630/1521
f 2116/2630/1521 2117/2634/1524 2111/2635/1525
f 2116/2630/1521 2111/2635/1525 2110/2449/1389
f 2110/2449/1389 2111/2635/1525 2105/2450/1390
f 2032/2631/46 2033/2636/46 2128/2632/1522
f 2128/2632/1522 2033/2636/46 2123/2637/1526
f 2128/2632/1522 2123/2637/1526 2122/2633/1523
f 2122/2633/1523 2123/2637/1526 2118/2638/1527
f 2122/2633/1523 2118/2638/1527 2117/2634/1524
f 2117/2634/1524 2118/2638/1527 2112/2639/1528
f 2117/2634/1524 2112/2639/1528 2111/2635/1525
f 2111/2635/1525 2112/2639/1528 2106/2640/1529
f 2111/2635/1525 2106/2640/1529 2105/2450/1390
f 2105/2450/1390 2106/2640/1529 2100/2451/1391
f 2033/2636/46 2034/2641/46 2123/2637/1526
f 2123/2637/1526 2034/2641/46 2051/2642/1530
f 2123/2637/1526 2051/2642/1530 2118/2638/1527
f 2118/2638/1527 2051/2642/1530 2113/2643/1531
f 2118/2638/1527 2113/2643/1531 2112/2639/1528
f 2112/2639/1528 2113/2643/1531 2107/2644/1532
f 2112/2639/1528 2107/2644/1532 2106/2640/1529
f 2106/2640/1529 2107/2644/1532 2101/2645/1533
f 2106/2640/1529 2101/2645/1533 2100/2451/1391
f 2100/2451/1391 2101/2645/1533 2095/2452/1392
f 2034/2641/46 2035/2646/46 2051/2642/1530
f 2051/2642/1530 2035/2646/46 2114/2647/1534
f 2051/2642/1530 2114/2647/1534 2113/2643/1531
f 2113/2643/1531 2114/2647/1534 2108/2648/1535
f 2113/2643/1531 2108/2648/1535 2107/2644/1532
f 2107/2644/1532 2108/2648/1535 2102/2649/1536
f 2107/2644/1532 2102/2649/1536 2101/2645/1533
f 2101/2645/1533 2102/2649/1536 2096/2650/1537
f 2101/2645/1533 2096/2650/1537 2095/2452/1392
f 2095/2452/1392 2096/2650/1537 2090/2453/1393
f 2114/2647/1534 2035/2646/46 2109/2651/1538
f 2109/2651/1538 2035/2646/46 2036/2652/46
f 2109/2651/1538 2036/2652/46 2104/2653/1539
f 2104/2653/1539 2036/2652/46 2037/2654/46
f 2104/2653/1539 2037/2654/46 2099/2655/1540
f 2099/2655/1540 2037/2654/46 2038/2656/46
f 2099/2655/1540 2038/2656/46 2094/2657/1541
f 2094/2657/1541 2038/2656/46 2039/2658/46
f 2094/2657/1541 2039/2658/46 2089/2659/1542
f 2089/2659/1542 2039/2658/46 2040/2660/46
f 2089/2659/1542 2040/2660/46 2084/2661/1543
f 2084/2661/1543 2040/2660/46 2041/2662/46
f 2084/2661/1543 2041/2662/46 2079/2663/1544
f 2079/2663/1544 2041/2662/46 2042/2664/46
f 2079/2663/1544 2042/2664/46 2074/2665/1545
f 2074/2665/1545 2042/2664/46 2043/2666/46
f 2074/2665/1545 2043/2666/46 2069/2667/1546
f 2069/2667/1546 2043/2666/46 2044/2668/46
f 2069/2667/1546 2044/2668/46 2064/2669/1547
f 2064/2669/1547 2044/2668/46 2045/2670/46
f 2064/2669/1547 2045/2670/46 2059/2466/1401
f 2059/2466/1401 2045/2670/46 1989/2464/46
f 2046/2399/96 2047/2671/1404 2351/2400/1341
f 2351/2400/1341 2047/2671/1404 2352/2672/1548
f 2351/2400/1341 2352/2672/1548 2346/2401/1342
f 2346/2401/1342 2352/2672/1548 2347/2673/1549
f 2346/2401/1342 2347/2673/1549 2341/2402/1343
f 2341/2402/1343 2347/2673/1549 2342/2674/1550
f 2341/2402/1343 2342/2674/1550 2336/2403/1344
f 2336/2403/1344 2342/2674/1550 2337/2675/1551
f 2336/2403/1344 2337/2675/1551 2331/2404/1345
f 2331/2404/1345 2337/2675/1551 2332/2676/1552
f 2331/2404/1345 2332/2676/1552 2326/2405/1346
f 2326/2405/1346 2332/2676/1552 2327/2677/1553
f 2326/2405/1346 2327/2677/1553 2321/2406/1347
f 2321/2406/1347 2327/2677/1553 2322/2678/1554
f 2321/2406/1347 2322/2678/1554 2316/2407/1348
f 2316/2407/1348 2322/2678/1554 2317/2679/1555
f 2316/2407/1348 2317/2679/1555 2311/2408/1349
f 2311/2408/1349 2317/2679/1555 2312/2680/1556
f 2311/2408/1349 2312/2680/1556 2306/2409/1350
f 2306/2409/1350 2312/2680/1556 2307/2681/1557
f 2306/2409/1350 2307/2681/1557 2301/2410/1351
f 2301/2410/1351 2307/2681/1557 2302/2682/1558
f 2301/2410/1351 2302/2682/1558 2296/2411/1352
f 2296/2411/1352 2302/2682/1558 2297/2683/1559
f 2296/2411/1352 2297/2683/1559 2292/2412/1353
f 2292/2412/1353 2297/2683/1559 2293/2684/1560
f 2292/2412/1353 2293/2684/1560 2287/2413/1354
f 2287/2413/1354 2293/2684/1560 2288/2685/1561
f 2287/2413/1354 2288/2685/1561 2282/2414/1355
f 2282/2414/1355 2288/2685/1561 2283/2499/1422
f 2282/2414/1355 2283/2499/1422 2277/2415/1356
f 2047/2671/1404 2048/2686/172 2352/2672/1548
f 2352/2672/1548 2048/2686/172 2353/2687/1562
f 2352/2672/1548 2353/2687/1562 2347/2673/1549
f 2347/2673/1549 2353/2687/1562 2348/2688/1563
f 2347/2673/1549 2348/2688/1563 2342/2674/1550
f 2342/2674/1550 2348/2688/1563 2343/2689/1564
f 2342/2674/1550 2343/2689/1564 2337/2675/1551
f 2337/2675/1551 2343/2689/1564 2338/2690/1565
f 2337/2675/1551 2338/2690/1565 2332/2676/1552
f 2332/2676/1552 2338/2690/1565 2333/2691/1566
f 2332/2676/1552 2333/2691/1566 2327/2677/1553
f 2327/2677/1553 2333/2691/1566 2328/2692/1567
f 2327/2677/1553 2328/2692/1567 2322/2678/1554
f 2322/2678/1554 2328/2692/1567 2323/2693/1568
f 2322/2678/1554 2323/2693/1568 2317/2679/1555
f 2317/2679/1555 2323/2693/1568 2318/2694/1569
f 2317/2679/1555 2318/2694/1569 2312/2680/1556
f 2312/2680/1556 2318/2694/1569 2313/2695/1570
f 2312/2680/1556 2313/2695/1570 2307/2681/1557
f 2307/2681/1557 2313/2695/1570 2308/2696/1571
f 2307/2681/1557 2308/2696/1571 2302/2682/1558
f 2302/2682/1558 2308/2696/1571 2303/2697/1572
f 2302/2682/1558 2303/2697/1572 2297/2683/1559
f 2297/2683/1559 2303/2697/1572 2298/2698/1573
f 2297/2683/1559 2298/2698/1573 2293/2684/1560
f 2293/2684/1560 2298/2698/1573 2294/2699/1574
f 2293/2684/1560 2294/2699/1574 2288/2685/1561
f 2288/2685/1561 2294/2699/1574 2289/2497/1420
f 2288/2685/1561 2289/2497/1420 2283/2499/1422
f 2048/2686/172 2049/2700/175 2353/2687/1562
f 2353/2687/1562 2049/2700/175 2354/2701/1575
f 2353/2687/1562 2354/2701/1575 2348/2688/1563
f 2348/2688/1563 2354/2701/1575 2349/2702/1576
f 2348/2688/1563 2349/2702/1576 2343/2689/1564
f 2343/2689/1564 2349/2702/1576 2344/2703/1577
f 2343/2689/1564 2344/2703/1577 2338/2690/1565
f 2338/2690/1565 2344/2703/1577 2339/2704/1578
f 2338/2690/1565 2339/2704/1578 2333/2691/1566
f 2333/2691/1566 2339/2704/1578 2334/2705/1579
f 2333/2691/1566 2334/2705/1579 2328/2692/1567
f 2328/2692/1567 2334/2705/1579 2329/2706/1580
f 2328/2692/1567 2329/2706/1580 2323/2693/1568
f 2323/2693/1568 2329/2706/1580 2324/2707/1581
f 2323/2693/1568 2324/2707/1581 2318/2694/1569
f 2318/2694/1569 2324/2707/1581 2319/2708/1582
f 2318/2694/1569 2319/2708/1582 2313/2695/1570
f 2313/2695/1570 2319/2708/1582 2314/2709/1583
f 2313/2695/1570 2314/2709/1583 2308/2696/1571
f 2308/2696/1571 2314/2709/1583 2309/2710/1584
f 2308/2696/1571 2309/2710/1584 2303/2697/1572
f 2303/2697/1572 2309/2710/1584 2304/2711/1585
f 2303/2697/1572 2304/2711/1585 2298/2698/1573
f 2298/2698/1573 2304/2711/1585 2299/2712/1586
f 2298/2698/1573 2299/2712/1586 2294/2699/1574
f 2294/2699/1574 2299/2712/1586 2295/2495/1418
f 2294/2699/1574 2295/2495/1418 2289/2497/1420
f 2049/2700/175 2050/2463/178 2354/2701/1575
f 2354/2701/1575 2050/2463/178 2355/2461/1400
f 2354/2701/1575 2355/2461/1400 2349/2702/1576
f 2349/2702/1576 2355/2461/1400 2350/2473/1406
f 2349/2702/1576 2350/2473/1406 2344/2703/1577
f 2344/2703/1577 2350/2473/1406 2345/2475/1407
f 2344/2703/1577 2345/2475/1407 2339/2704/1578
f 2339/2704/1578 2345/2475/1407 2340/2477/1408
f 2339/2704/1578 2340/2477/1408 2334/2705/1579
f 2334/2705/1579 2340/2477/1408 2335/2479/1409
f 2334/2705/1579 2335/2479/1409 2329/2706/1580
f 2329/2706/1580 2335/2479/1409 2330/2481/1410
f 2329/2706/1580 2330/2481/1410 2324/2707/1581
f 2324/2707/1581 2330/2481/1410 2325/2483/1411
f 2324/2707/1581 2325/2483/1411 2319/2708/1582
f 2319/2708/1582 2325/2483/1411 2320/2485/1412
f 2319/2708/1582 2320/2485/1412 2314/2709/1583
f 2314/2709/1583 2320/2485/1412 2315/2487/1413
f 2314/2709/1583 2315/2487/1413 2309/2710/1584
f 2309/2710/1584 2315/2487/1413 2310/2489/1414
f 2309/2710/1584 2310/2489/1414 2304/2711/1585
f 2304/2711/1585 2310/2489/1414 2305/2491/1415
f 2304/2711/1585 2305/2491/1415 2299/2712/1586
f 2299/2712/1586 2305/2491/1415 2300/2493/1416
f 2299/2712/1586 2300/2493/1416 2295/2495/1418
f 2056/2472/1405 2055/2397/1340 2061/2713/1587
f 2061/2713/1587 2055/2397/1340 2060/2459/1399
f 2061/2713/1587 2060/2459/1399 2066/2714/1588
f 2066/2714/1588 2060/2459/1399 2065/2458/1398
f 2066/2714/1588 2065/2458/1398 2071/2715/1589
f 2071/2715/1589 2065/2458/1398 2070/2457/1397
f 2071/2715/1589 2070/2457/1397 2076/2716/1590
f 2076/2716/1590 2070/2457/1397 2075/2456/1396
f 2076/2716/1590 2075/2456/1396 2081/2717/1591
f 2081/2717/1591 2075/2456/1396 2080/2455/1395
f 2081/2717/1591 2080/2455/1395 2086/2718/1592
f 2086/2718/1592 2080/2455/1395 2085/2454/1394
f 2086/2718/1592 2085/2454/1394 2091/2719/1593
f 2091/2719/1593 2085/2454/1394 2090/2453/1393
f 2091/2719/1593 2090/2453/1393 2096/2650/1537
f 2057/2470/1403 2056/2472/1405 2062/2720/1594
f 2062/2720/1594 2056/2472/1405 2061/2713/1587
f 2062/2720/1594 2061/2713/1587 2067/2721/1595
f 2067/2721/1595 2061/2713/1587 2066/2714/1588
f 2067/2721/1595 2066/2714/1588 2072/2722/1596
f 2072/2722/1596 2066/2714/1588 2071/2715/1589
f 2072/2722/1596 2071/2715/1589 2077/2723/1597
f 2077/2723/1597 2071/2715/1589 2076/2716/1590
f 2077/2723/1597 2076/2716/1590 2082/2724/1598
f 2082/2724/1598 2076/2716/1590 2081/2717/1591
f 2082/2724/1598 2081/2717/1591 2087/2725/1599
f 2087/2725/1599 2081/2717/1591 2086/2718/1592
f 2087/2725/1599 2086/2718/1592 2092/2726/1600
f 2092/2726/1600 2086/2718/1592 2091/2719/1593
f 2092/2726/1600 2091/2719/1593 2097/2727/1601
f 2097/2727/1601 2091/2719/1593 2096/2650/1537
f 2097/2727/1601 2096/2650/1537 2102/2649/1536
f 2064/2669/1547 2059/2466/1401 2058/2468/1402
f 2058/2468/1402 2057/2470/1403 2063/2728/1602
f 2063/2728/1602 2057/2470/1403 2062/2720/1594
f 2063/2728/1602 2062/2720/1594 2068/2729/1603
f 2068/2729/1603 2062/2720/1594 2067/2721/1595
f 2068/2729/1603 2067/2721/1595 2073/2730/1604
f 2073/2730/1604 2067/2721/1595 2072/2722/1596
f 2073/2730/1604 2072/2722/1596 2078/2731/1605
f 2078/2731/1605 2072/2722/1596 2077/2723/1597
f 2078/2731/1605 2077/2723/1597 2083/2732/1606
f 2083/2732/1606 2077/2723/1597 2082/2724/1598
f 2083/2732/1606 2082/2724/1598 2088/2733/1607
f 2088/2733/1607 2082/2724/1598 2087/2725/1599
f 2088/2733/1607 2087/2725/1599 2093/2734/1608
f 2093/2734/1608 2087/2725/1599 2092/2726/1600
f 2093/2734/1608 2092/2726/1600 2098/2735/1609
f 2098/2735/1609 2092/2726/1600 2097/2727/1601
f 2098/2735/1609 2097/2727/1601 2103/2736/1610
f 2103/2736/1610 2097/2727/1601 2102/2649/1536
f 2103/2736/1610 2102/2649/1536 2108/2648/1535
f 2069/2667/1546 2064/2669/1547 2063/2728/1602
f 2063/2728/1602 2064/2669/1547 2058/2468/1402
f 2069/2667/1546 2063/2728/1602 2068/2729/1603
f 2074/2665/1545 2069/2667/1546 2068/2729/1603
f 2074/2665/1545 2068/2729/1603 2073/2730/1604
f 2079/2663/1544 2074/2665/1545 2073/2730/1604
f 2079/2663/1544 2073/2730/1604 2078/2731/1605
f 2084/2661/1543 2079/2663/1544 2078/2731/1605
f 2084/2661/1543 2078/2731/1605 2083/2732/1606
f 2089/2659/1542 2084/2661/1543 2083/2732/1606
f 2089/2659/1542 2083/2732/1606 2088/2733/1607
f 2094/2657/1541 2089/2659/1542 2088/2733/1607
f 2094/2657/1541 2088/2733/1607 2093/2734/1608
f 2099/2655/1540 2094/2657/1541 2093/2734/1608
f 2099/2655/1540 2093/2734/1608 2098/2735/1609
f 2104/2653/1539 2099/2655/1540 2098/2735/1609
f 2104/2653/1539 2098/2735/1609 2103/2736/1610
f 2109/2651/1538 2104/2653/1539 2103/2736/1610
f 2109/2651/1538 2103/2736/1610 2108/2648/1535
f 2114/2647/1534 2109/2651/1538 2108/2648/1535
f 2160/2589/1488 2154/2440/1380 2159/2439/1379
f 2160/2589/1488 2159/2439/1379 2165/2737/1611
f 2165/2737/1611 2159/2439/1379 2164/2438/1378
f 2165/2737/1611 2164/2438/1378 2170/2738/1612
f 2170/2738/1612 2164/2438/1378 2169/2437/1377
f 2170/2738/1612 2169/2437/1377 2174/2739/1613
f 2174/2739/1613 2169/2437/1377 2173/2436/1376
f 2174/2739/1613 2173/2436/1376 2179/2740/1614
f 2179/2740/1614 2173/2436/1376 2178/2435/1375
f 2179/2740/1614 2178/2435/1375 2184/2741/1615
f 2184/2741/1615 2178/2435/1375 2183/2434/1374
f 2184/2741/1615 2183/2434/1374 2189/2742/1616
f 2189/2742/1616 2183/2434/1374 2188/2433/1373
f 2189/2742/1616 2188/2433/1373 2194/2743/1617
f 2194/2743/1617 2188/2433/1373 2193/2432/1372
f 2194/2743/1617 2193/2432/1372 2199/2744/1618
f 2199/2744/1618 2193/2432/1372 2198/2431/1371
f 2199/2744/1618 2198/2431/1371 2204/2745/1619
f 2204/2745/1619 2198/2431/1371 2203/2430/56
f 2204/2745/1619 2203/2430/56 2209/2746/1620
f 2209/2746/1620 2203/2430/56 2208/2429/1370
f 2209/2746/1620 2208/2429/1370 2214/2747/1621
f 2214/2747/1621 2208/2429/1370 2213/2428/1369
f 2214/2747/1621 2213/2428/1369 2219/2560/1471
f 2160/2589/1488 2165/2737/1611 2166/2587/1486
f 2166/2587/1486 2165/2737/1611 2171/2748/1622
f 2166/2587/1486 2171/2748/1622 2172/2585/1484
f 2172/2585/1484 2171/2748/1622 2176/2749/1623
f 2172/2585/1484 2176/2749/1623 2177/2583/1482
f 2177/2583/1482 2176/2749/1623 2182/2581/1481
f 2171/2748/1622 2165/2737/1611 2170/2738/1612
f 2171/2748/1622 2170/2738/1612 2175/2750/1624
f 2175/2750/1624 2170/2738/1612 2174/2739/1613
f 2175/2750/1624 2174/2739/1613 2180/2751/1625
f 2180/2751/1625 2174/2739/1613 2179/2740/1614
f 2180/2751/1625 2179/2740/1614 2185/2752/1626
f 2185/2752/1626 2179/2740/1614 2184/2741/1615
f 2185/2752/1626 2184/2741/1615 2190/2753/1627
f 2190/2753/1627 2184/2741/1615 2189/2742/1616
f 2190/2753/1627 2189/2742/1616 2195/2754/1628
f 2195/2754/1628 2189/2742/1616 2194/2743/1617
f 2195/2754/1628 2194/2743/1617 2200/2755/1629
f 2200/2755/1629 2194/2743/1617 2199/2744/1618
f 2200/2755/1629 2199/2744/1618 2205/264/52
f 2205/264/52 2199/2744/1618 2204/2745/1619
f 2205/264/52 2204/2745/1619 2210/2756/1630
f 2210/2756/1630 2204/2745/1619 2209/2746/1620
f 2210/2756/1630 2209/2746/1620 2215/2757/1631
f 2215/2757/1631 2209/2746/1620 2214/2747/1621
f 2215/2757/1631 2214/2747/1621 2220/2758/1632
f 2220/2758/1632 2214/2747/1621 2219/2560/1471
f 2220/2758/1632 2219/2560/1471 2225/2559/1470
f 2171/2748/1622 2175/2750/1624 2176/2749/1623
f 2176/2749/1623 2175/2750/1624 2181/2759/1633
f 2176/2749/1623 2181/2759/1633 2182/2581/1481
f 2182/2581/1481 2181/2759/1633 2187/2579/1480
f 2181/2759/1633 2175/2750/1624 2180/2751/1625
f 2181/2759/1633 2180/2751/1625 2186/2760/1634
f 2186/2760/1634 2180/2751/1625 2185/2752/1626
f 2186/2760/1634 2185/2752/1626 2191/2761/1635
f 2191/2761/1635 2185/2752/1626 2190/2753/1627
f 2191/2761/1635 2190/2753/1627 2196/2762/1636
f 2196/2762/1636 2190/2753/1627 2195/2754/1628
f 2196/2762/1636 2195/2754/1628 2201/2763/1637
f 2201/2763/1637 2195/2754/1628 2200/2755/1629
f 2201/2763/1637 2200/2755/1629 2206/2764/50
f 2206/2764/50 2200/2755/1629 2205/264/52
f 2206/2764/50 2205/264/52 2211/2765/1638
f 2211/2765/1638 2205/264/52 2210/2756/1630
f 2211/2765/1638 2210/2756/1630 2216/2766/1639
f 2216/2766/1639 2210/2756/1630 2215/2757/1631
f 2216/2766/1639 2215/2757/1631 2221/2767/1640
f 2221/2767/1640 2215/2757/1631 2220/2758/1632
f 2221/2767/1640 2220/2758/1632 2226/2768/1641
f 2226/2768/1641 2220/2758/1632 2225/2559/1470
f 2226/2768/1641 2225/2559/1470 2231/2558/1469
f 2192/2577/1479 2187/2579/1480 2186/2760/1634
f 2186/2760/1634 2187/2579/1480 2181/2759/1633
f 2192/2577/1479 2186/2760/1634 2191/2761/1635
f 2197/2575/1478 2192/2577/1479 2191/2761/1635
f 2197/2575/1478 2191/2761/1635 2196/2762/1636
f 2202/2573/1477 2197/2575/1478 2196/2762/1636
f 2202/2573/1477 2196/2762/1636 2201/2763/1637
f 2207/2571/48 2202/2573/1477 2201/2763/1637
f 2207/2571/48 2201/2763/1637 2206/2764/50
f 2212/2569/1476 2207/2571/48 2206/2764/50
f 2212/2569/1476 2206/2764/50 2211/2765/1638
f 2217/2567/1475 2212/2569/1476 2211/2765/1638
f 2217/2567/1475 2211/2765/1638 2216/2766/1639
f 2222/2565/1474 2217/2567/1475 2216/2766/1639
f 2222/2565/1474 2216/2766/1639 2221/2767/1640
f 2227/2563/1473 2222/2565/1474 2221/2767/1640
f 2227/2563/1473 2221/2767/1640 2226/2768/1641
f 2232/2561/1472 2227/2563/1473 2226/2768/1641
f 2232/2561/1472 2226/2768/1641 2231/2558/1469
f 2237/2557/1468 2232/2561/1472 2231/2558/1469
f 1373/2769/46 2018/790/46 1327/2770/46
f 1327/2770/46 2018/790/46 2017/794/46
f 1327/2770/46 2017/794/46 1328/2771/46
f 1328/2771/46 2017/794/46 2016/791/46
f 1328/2771/46 2016/791/46 1329/2772/46
f 1329/2772/46 2016/791/46 2015/792/46
f 1329/2772/46 2015/792/46 2014/793/46
f 2018/790/46 1373/2769/46 2019/763/46
f 2019/763/46 1373/2769/46 1372/2773/46
f 2019/763/46 1372/2773/46 2020/766/46
f 2020/766/46 1372/2773/46 2021/768/46
f 2021/768/46 1372/2773/46 1371/2774/46
f 2021/768/46 1371/2774/46 2022/770/46
f 2022/770/46 1371/2774/46 1370/2775/46
f 2022/770/46 1370/2775/46 2023/772/46
f 2023/772/46 1370/2775/46 1369/2776/46
f 2023/772/46 1369/2776/46 2024/774/46
f 2024/774/46 1369/2776/46 1368/2777/46
f 2024/774/46 1368/2777/46 2025/776/46
f 2025/776/46 1368/2777/46 1367/2778/46
f 2025/776/46 1367/2778/46 2026/778/46
f 2026/778/46 1367/2778/46 2027/780/46
f 2027/780/46 1367/2778/46 1366/2779/46
f 2027/780/46 1366/2779/46 2028/782/46
f 2028/782/46 1366/2779/46 1365/2780/46
f 2028/782/46 1365/2780/46 2029/784/46
f 2029/784/46 1365/2780/46 1364/2781/46
f 2029/784/46 1364/2781/46 2030/786/46
f 2030/786/46 1364/2781/46 1363/2782/46
f 2030/786/46 1363/2782/46 2031/788/46
f 2031/788/46 1363/2782/46 1362/2783/46
f 2031/788/46 1362/2783/46 2032/789/46
f 2032/789/46 1362/2783/46 2033/787/46
f 2033/787/46 1362/2783/46 1361/2784/46
f 2033/787/46 1361/2784/46 2034/785/46
f 2034/785/46 1361/2784/46 1360/2785/46
f 2034/785/46 1360/2785/46 2035/783/46
f 2035/783/46 1360/2785/46 1359/2786/46
f 2035/783/46 1359/2786/46 2036/781/46
f 2036/781/46 1359/2786/46 1358/2787/46
f 2036/781/46 1358/2787/46 2037/779/46
f 2037/779/46 1358/2787/46 2038/777/46
f 2038/777/46 1358/2787/46 1357/2788/46
f 2038/777/46 1357/2788/46 2039/775/46
f 2039/775/46 1357/2788/46 1356/2789/46
f 2039/775/46 1356/2789/46 2040/773/46
f 2040/773/46 1356/2789/46 1355/2790/46
f 2040/773/46 1355/2790/46 2041/771/46
f 2041/771/46 1355/2790/46 1354/2791/46
f 2041/771/46 1354/2791/46 2042/769/46
f 2042/769/46 1354/2791/46 1353/2792/46
f 2042/769/46 1353/2792/46 2043/767/46
f 2043/767/46 1353/2792/46 2044/765/46
f 2044/765/46 1353/2792/46 1352/2793/46
f 2044/765/46 1352/2793/46 2045/764/46
f 2045/764/46 1352/2793/46 1351/2794/46
f 2045/764/46 1351/2794/46 1989/762/46
f 1989/762/46 1351/2794/46 1350/2795/46
f 1989/762/46 1350/2795/46 1990/761/46
f 1990/761/46 1350/2795/46 1349/2796/46
f 1990/761/46 1349/2796/46 1991/817/46
f 1991/817/46 1349/2796/46 1348/2797/46
f 1991/817/46 1348/2797/46 1992/816/46
f 1992/816/46 1348/2797/46 1993/815/46
f 1993/815/46 1348/2797/46 1347/2798/46
f 1993/815/46 1347/2798/46 1994/814/46
f 1994/814/46 1347/2798/46 1346/2799/46
f 1994/814/46 1346/2799/46 1995/813/46
f 1995/813/46 1346/2799/46 1345/2800/46
f 1995/813/46 1345/2800/46 1996/812/46
f 1996/812/46 1345/2800/46 1344/2801/46
f 1996/812/46 1344/2801/46 1997/811/46
f 1997/811/46 1344/2801/46 1343/2802/46
f 1997/811/46 1343/2802/46 1998/810/46
f 1998/810/46 1343/2802/46 1999/809/46
f 1999/809/46 1343/2802/46 1342/2803/46
f 1999/809/46 1342/2803/46 2000/808/46
f 2000/808/46 1342/2803/46 1341/2804/46
f 2000/808/46 1341/2804/46 2001/807/46
f 2001/807/46 1341/2804/46 1340/2805/46
f 2001/807/46 1340/2805/46 2002/806/46
f 2002/806/46 1340/2805/46 1339/2806/46
f 2002/806/46 1339/2806/46 2003/805/46
f 2003/805/46 1339/2806/46 2004/804/46
f 2004/804/46 1339/2806/46 1338/2807/46
f 2004/804/46 1338/2807/46 2005/803/46
f 2005/803/46 1338/2807/46 1337/2808/46
f 2005/803/46 1337/2808/46 2006/802/46
f 2006/802/46 1337/2808/46 1336/2809/46
f 2006/802/46 1336/2809/46 2007/801/46
f 2007/801/46 1336/2809/46 1335/2810/46
f 2007/801/46 1335/2810/46 2008/800/46
f 2008/800/46 1335/2810/46 1334/2811/46
f 2008/800/46 1334/2811/46 2009/799/46
f 2009/799/46 1334/2811/46 2010/798/46
f 2010/798/46 1334/2811/46 1333/2812/46
f 2010/798/46 1333/2812/46 2011/797/46
f 2011/797/46 1333/2812/46 1332/2813/46
f 2011/797/46 1332/2813/46 2012/796/46
f 2012/796/46 1332/2813/46 1331/2814/46
f 2012/796/46 1331/2814/46 2013/795/46
f 2013/795/46 1331/2814/46 1330/2815/46
f 2013/795/46 1330/2815/46 2014/793/46
f 2014/793/46 1330/2815/46 1329/2772/46
