# WaveFront *.obj file (generated by Autodesk ATF)

mtllib madara_white.mtl

g Body1

v 9.000000 -0.000000 135.000000
v 8.912413 1.252558 135.000000
v 8.651355 2.480736 135.000000
v 8.221909 3.660630 135.000000
v 7.632433 4.769273 135.000000
v 6.894400 5.785088 135.000000
v 6.022175 6.688303 135.000000
v 5.032736 7.461338 135.000000
v 3.945340 8.089146 135.000000
v 2.781153 8.559509 135.000000
v 1.562834 8.863270 135.000000
v 0.314095 8.994517 135.000000
v -0.940756 8.950697 135.000000
v -2.177297 8.732662 135.000000
v -3.371459 8.344655 135.000000
v -4.500000 7.794229 135.000000
v -5.540953 7.092097 135.000000
v -6.474058 6.251925 135.000000
v -7.281153 5.290067 135.000000
v -7.946528 4.225244 135.000000
v -8.457234 3.078181 135.000000
v -8.803328 1.871205 135.000000
v -8.978076 0.627808 135.000000
v -8.978076 -0.627808 135.000000
v -8.803328 -1.871205 135.000000
v -8.457234 -3.078181 135.000000
v -7.946528 -4.225244 135.000000
v -7.281153 -5.290067 135.000000
v -6.474058 -6.251925 135.000000
v -5.540953 -7.092097 135.000000
v -4.500000 -7.794229 135.000000
v -3.371459 -8.344655 135.000000
v -2.177297 -8.732662 135.000000
v -0.940756 -8.950697 135.000000
v 0.314095 -8.994517 135.000000
v 1.562834 -8.863270 135.000000
v 2.781153 -8.559509 135.000000
v 3.945340 -8.089146 135.000000
v 5.032736 -7.461338 135.000000
v 6.022175 -6.688303 135.000000
v 6.894400 -5.785088 135.000000
v 7.632433 -4.769273 135.000000
v 8.221909 -3.660630 135.000000
v 8.651355 -2.480736 135.000000
v 8.912413 -1.252558 135.000000
v 9.000000 -0.000000 119.000000
v 8.912413 -1.252558 119.000000
v 8.651355 -2.480736 119.000000
v 8.221909 -3.660630 119.000000
v 7.632433 -4.769273 119.000000
v 6.894400 -5.785088 119.000000
v 6.022175 -6.688303 119.000000
v 5.032736 -7.461338 119.000000
v 3.945340 -8.089146 119.000000
v 2.781153 -8.559509 119.000000
v 1.562834 -8.863270 119.000000
v 0.314095 -8.994517 119.000000
v -0.940756 -8.950697 119.000000
v -2.177297 -8.732662 119.000000
v -3.371459 -8.344655 119.000000
v -4.500000 -7.794229 119.000000
v -5.540953 -7.092097 119.000000
v -6.474058 -6.251925 119.000000
v -7.281153 -5.290067 119.000000
v -7.946528 -4.225244 119.000000
v -8.457234 -3.078181 119.000000
v -8.803328 -1.871205 119.000000
v -8.978076 -0.627808 119.000000
v -8.978076 0.627808 119.000000
v -8.803328 1.871205 119.000000
v -8.457234 3.078181 119.000000
v -7.946528 4.225244 119.000000
v -7.281153 5.290067 119.000000
v -6.474058 6.251925 119.000000
v -5.540953 7.092097 119.000000
v -4.500000 7.794229 119.000000
v -3.371459 8.344655 119.000000
v -2.177297 8.732662 119.000000
v -0.940756 8.950697 119.000000
v 0.314095 8.994517 119.000000
v 1.562834 8.863270 119.000000
v 2.781153 8.559509 119.000000
v 3.945340 8.089146 119.000000
v 5.032736 7.461338 119.000000
v 6.022175 6.688303 119.000000
v 6.894400 5.785088 119.000000
v 7.632433 4.769273 119.000000
v 8.221909 3.660630 119.000000
v 8.651355 2.480736 119.000000
v 8.912413 1.252558 119.000000
v -15.000000 -0.000000 1.000000
v -14.908960 1.650123 1.000000
v -14.636946 3.280216 1.000000
v -14.187259 4.870492 1.000000
v -13.565357 6.401647 1.000000
v -12.778791 7.855094 1.000000
v -11.837108 9.213191 1.000000
v -10.751738 10.459452 1.000000
v -9.535856 11.578750 1.000000
v -8.204222 12.557497 1.000000
v -6.773000 13.383814 1.000000
v -5.259563 14.047669 1.000000
v -3.682282 14.541004 1.000000
v -2.060303 14.857831 1.000000
v -0.413315 14.994305 1.000000
v 1.238690 14.948767 1.000000
v 2.875659 14.721772 1.000000
v 4.477722 14.316075 1.000000
v 6.025431 13.736600 1.000000
v 7.500000 12.990381 1.000000
v 8.883529 12.086477 1.000000
v 10.159224 11.035859 1.000000
v 11.311599 9.851280 1.000000
v 12.326667 8.547121 1.000000
v 13.192106 7.139211 1.000000
v 13.897411 5.644641 1.000000
v 14.434020 4.081552 1.000000
v 14.795420 2.468919 1.000000
v 14.977223 0.826316 1.000000
v 14.977223 -0.826316 1.000000
v 14.795420 -2.468919 1.000000
v 14.434020 -4.081552 1.000000
v 13.897411 -5.644641 1.000000
v 13.192106 -7.139211 1.000000
v 12.326667 -8.547121 1.000000
v 11.311599 -9.851280 1.000000
v 10.159224 -11.035859 1.000000
v 8.883529 -12.086477 1.000000
v 7.500000 -12.990381 1.000000
v 6.025431 -13.736600 1.000000
v 4.477722 -14.316075 1.000000
v 2.875659 -14.721772 1.000000
v 1.238690 -14.948767 1.000000
v -0.413315 -14.994305 1.000000
v -2.060303 -14.857831 1.000000
v -3.682282 -14.541004 1.000000
v -5.259563 -14.047669 1.000000
v -6.773000 -13.383814 1.000000
v -8.204222 -12.557497 1.000000
v -9.535856 -11.578750 1.000000
v -10.751738 -10.459452 1.000000
v -11.837108 -9.213191 1.000000
v -12.778791 -7.855094 1.000000
v -13.565357 -6.401647 1.000000
v -14.187259 -4.870492 1.000000
v -14.636946 -3.280216 1.000000
v -14.908960 -1.650123 1.000000
v -16.500000 0.000000 2.500000
v -16.409611 -1.724720 2.500000
v -16.139435 -3.430543 2.500000
v -15.692433 -5.098780 2.500000
v -15.073500 -6.711155 2.500000
v -14.289419 -8.250000 2.500000
v -13.348780 -9.698457 2.500000
v -12.261890 -11.040655 2.500000
v -11.040655 -12.261890 2.500000
v -9.698457 -13.348780 2.500000
v -8.250000 -14.289419 2.500000
v -6.711155 -15.073500 2.500000
v -5.098780 -15.692433 2.500000
v -3.430543 -16.139435 2.500000
v -1.724720 -16.409611 2.500000
v 0.000000 -16.500000 2.500000
v 1.724720 -16.409611 2.500000
v 3.430543 -16.139435 2.500000
v 5.098780 -15.692433 2.500000
v 6.711155 -15.073500 2.500000
v 8.250000 -14.289419 2.500000
v 9.698457 -13.348780 2.500000
v 11.040655 -12.261890 2.500000
v 12.261890 -11.040655 2.500000
v 13.348780 -9.698457 2.500000
v 14.289419 -8.250000 2.500000
v 15.073500 -6.711155 2.500000
v 15.692433 -5.098780 2.500000
v 16.139435 -3.430543 2.500000
v 16.409611 -1.724720 2.500000
v 16.500000 0.000000 2.500000
v 16.409611 1.724720 2.500000
v 16.139435 3.430543 2.500000
v 15.692433 5.098780 2.500000
v 15.073500 6.711155 2.500000
v 14.289419 8.250000 2.500000
v 13.348780 9.698457 2.500000
v 12.261890 11.040655 2.500000
v 11.040655 12.261890 2.500000
v 9.698457 13.348780 2.500000
v 8.250000 14.289419 2.500000
v 6.711155 15.073500 2.500000
v 5.098780 15.692433 2.500000
v 3.430543 16.139435 2.500000
v 1.724720 16.409611 2.500000
v 0.000000 16.500000 2.500000
v -1.724720 16.409611 2.500000
v -3.430543 16.139435 2.500000
v -5.098780 15.692433 2.500000
v -6.711155 15.073500 2.500000
v -8.250000 14.289419 2.500000
v -9.698457 13.348780 2.500000
v -11.040655 12.261890 2.500000
v -12.261890 11.040655 2.500000
v -13.348780 9.698457 2.500000
v -14.289419 8.250000 2.500000
v -15.073500 6.711155 2.500000
v -15.692433 5.098780 2.500000
v -16.139435 3.430543 2.500000
v -16.409611 1.724720 2.500000
v -15.388229 -0.000000 1.051111
v -15.750000 -0.000000 1.200962
v -16.060660 -0.000000 1.439340
v -16.299038 -0.000000 1.750000
v -16.448889 -0.000000 2.111771
v -15.303930 1.608508 1.051111
v -15.663720 1.646323 1.200962
v -15.972678 1.678796 1.439340
v -16.209750 1.703713 1.750000
v -16.358780 1.719377 2.111771
v -15.051959 3.199393 1.051111
v -15.405825 3.274609 1.200962
v -15.709696 3.339199 1.439340
v -15.942865 3.388761 1.750000
v -16.089441 3.419916 2.111771
v -14.635075 4.755224 1.051111
v -14.979140 4.867018 1.200962
v -15.274596 4.963017 1.439340
v -15.501306 5.036680 1.750000
v -15.643823 5.082986 2.111771
v -14.057846 6.258956 1.051111
v -14.388341 6.406102 1.200962
v -14.672143 6.532459 1.439340
v -14.889912 6.629416 1.750000
v -15.026808 6.690366 2.111771
v -13.326597 7.694114 1.051111
v -13.639900 7.875000 1.200962
v -13.908940 8.030330 1.439340
v -14.115381 8.149519 1.750000
v -14.245156 8.224444 2.111771
v -12.449338 9.044974 1.051111
v -12.742018 9.257618 1.200962
v -12.993347 9.440219 1.439340
v -13.186199 9.580334 1.750000
v -13.307431 9.668414 2.111771
v -11.435682 10.296735 1.051111
v -11.704531 10.538807 1.200962
v -11.935397 10.746679 1.439340
v -12.112546 10.906185 1.750000
v -12.223907 11.006455 2.111771
v -10.296735 11.435682 1.051111
v -10.538807 11.704531 1.200962
v -10.746679 11.935397 1.439340
v -10.906185 12.112546 1.750000
v -11.006455 12.223907 2.111771
v -9.044974 12.449338 1.051111
v -9.257618 12.742018 1.200962
v -9.440219 12.993347 1.439340
v -9.580334 13.186199 1.750000
v -9.668414 13.307431 2.111771
v -7.694114 13.326597 1.051111
v -7.875000 13.639900 1.200962
v -8.030330 13.908940 1.439340
v -8.149519 14.115381 1.750000
v -8.224444 14.245156 2.111771
v -6.258956 14.057846 1.051111
v -6.406102 14.388341 1.200962
v -6.532459 14.672143 1.439340
v -6.629416 14.889912 1.750000
v -6.690366 15.026808 2.111771
v -4.755224 14.635075 1.051111
v -4.867018 14.979140 1.200962
v -4.963017 15.274596 1.439340
v -5.036680 15.501306 1.750000
v -5.082986 15.643823 2.111771
v -3.199393 15.051959 1.051111
v -3.274609 15.405825 1.200962
v -3.339199 15.709696 1.439340
v -3.388761 15.942865 1.750000
v -3.419916 16.089441 2.111771
v -1.608508 15.303930 1.051111
v -1.646323 15.663720 1.200962
v -1.678796 15.972678 1.439340
v -1.703713 16.209750 1.750000
v -1.719377 16.358780 2.111771
v 0.000000 15.388229 1.051111
v 0.000000 15.750000 1.200962
v 0.000000 16.060660 1.439340
v 0.000000 16.299038 1.750000
v 0.000000 16.448889 2.111771
v 1.608508 15.303930 1.051111
v 1.646323 15.663720 1.200962
v 1.678796 15.972678 1.439340
v 1.703713 16.209750 1.750000
v 1.719377 16.358780 2.111771
v 3.199393 15.051959 1.051111
v 3.274609 15.405825 1.200962
v 3.339199 15.709696 1.439340
v 3.388761 15.942865 1.750000
v 3.419916 16.089441 2.111771
v 4.755224 14.635075 1.051111
v 4.867018 14.979140 1.200962
v 4.963017 15.274596 1.439340
v 5.036680 15.501306 1.750000
v 5.082986 15.643823 2.111771
v 6.258956 14.057846 1.051111
v 6.406102 14.388341 1.200962
v 6.532459 14.672143 1.439340
v 6.629416 14.889912 1.750000
v 6.690366 15.026808 2.111771
v 9.044974 12.449338 1.051111
v 9.257618 12.742018 1.200962
v 9.440219 12.993347 1.439340
v 9.580334 13.186199 1.750000
v 9.668414 13.307431 2.111771
v 8.224444 14.245156 2.111771
v 8.149519 14.115381 1.750000
v 8.030330 13.908940 1.439340
v 7.875000 13.639900 1.200962
v 7.694114 13.326597 1.051111
v 10.296735 11.435682 1.051111
v 10.538807 11.704531 1.200962
v 10.746679 11.935397 1.439340
v 10.906185 12.112546 1.750000
v 11.006455 12.223907 2.111771
v 11.435682 10.296735 1.051111
v 11.704531 10.538807 1.200962
v 11.935397 10.746679 1.439340
v 12.112546 10.906185 1.750000
v 12.223907 11.006455 2.111771
v 12.449338 9.044974 1.051111
v 12.742018 9.257618 1.200962
v 12.993347 9.440219 1.439340
v 13.186199 9.580334 1.750000
v 13.307431 9.668414 2.111771
v 13.326597 7.694114 1.051111
v 13.639900 7.875000 1.200962
v 13.908940 8.030330 1.439340
v 14.115381 8.149519 1.750000
v 14.245156 8.224444 2.111771
v 14.057846 6.258956 1.051111
v 14.388341 6.406102 1.200962
v 14.672143 6.532459 1.439340
v 14.889912 6.629416 1.750000
v 15.026808 6.690366 2.111771
v 14.635075 4.755224 1.051111
v 14.979140 4.867018 1.200962
v 15.274596 4.963017 1.439340
v 15.501306 5.036680 1.750000
v 15.643823 5.082986 2.111771
v 15.051959 3.199393 1.051111
v 15.405825 3.274609 1.200962
v 15.709696 3.339199 1.439340
v 15.942865 3.388761 1.750000
v 16.089441 3.419916 2.111771
v 15.303930 1.608508 1.051111
v 15.663720 1.646323 1.200962
v 15.972678 1.678796 1.439340
v 16.209750 1.703713 1.750000
v 16.358780 1.719377 2.111771
v 15.388229 0.000000 1.051111
v 15.750000 0.000000 1.200962
v 16.060660 0.000000 1.439340
v 16.299038 0.000000 1.750000
v 16.448889 0.000000 2.111771
v 15.303930 -1.608508 1.051111
v 15.663720 -1.646323 1.200962
v 15.972678 -1.678796 1.439340
v 16.209750 -1.703713 1.750000
v 16.358780 -1.719377 2.111771
v 15.051959 -3.199393 1.051111
v 15.405825 -3.274609 1.200962
v 15.709696 -3.339199 1.439340
v 15.942865 -3.388761 1.750000
v 16.089441 -3.419916 2.111771
v 14.635075 -4.755224 1.051111
v 14.979140 -4.867018 1.200962
v 15.274596 -4.963017 1.439340
v 15.501306 -5.036680 1.750000
v 15.643823 -5.082986 2.111771
v 14.057846 -6.258956 1.051111
v 14.388341 -6.406102 1.200962
v 14.672143 -6.532459 1.439340
v 14.889912 -6.629416 1.750000
v 15.026808 -6.690366 2.111771
v 13.326597 -7.694114 1.051111
v 13.639900 -7.875000 1.200962
v 13.908940 -8.030330 1.439340
v 14.115381 -8.149519 1.750000
v 14.245156 -8.224444 2.111771
v 12.449338 -9.044974 1.051111
v 12.742018 -9.257618 1.200962
v 12.993347 -9.440219 1.439340
v 13.186199 -9.580334 1.750000
v 13.307431 -9.668414 2.111771
v 11.435682 -10.296735 1.051111
v 11.704531 -10.538807 1.200962
v 11.935397 -10.746679 1.439340
v 12.112546 -10.906185 1.750000
v 12.223907 -11.006455 2.111771
v 10.296735 -11.435682 1.051111
v 10.538807 -11.704531 1.200962
v 10.746679 -11.935397 1.439340
v 10.906185 -12.112546 1.750000
v 11.006455 -12.223907 2.111771
v 9.044974 -12.449338 1.051111
v 9.257618 -12.742018 1.200962
v 9.440219 -12.993347 1.439340
v 9.580334 -13.186199 1.750000
v 9.668414 -13.307431 2.111771
v 6.258956 -14.057846 1.051111
v 6.406102 -14.388341 1.200962
v 6.532459 -14.672143 1.439340
v 6.629416 -14.889912 1.750000
v 6.690366 -15.026808 2.111771
v 8.224444 -14.245156 2.111771
v 8.149519 -14.115381 1.750000
v 8.030330 -13.908940 1.439340
v 7.875000 -13.639900 1.200962
v 7.694114 -13.326597 1.051111
v 4.755224 -14.635075 1.051111
v 4.867018 -14.979140 1.200962
v 4.963017 -15.274596 1.439340
v 5.036680 -15.501306 1.750000
v 5.082986 -15.643823 2.111771
v 3.199393 -15.051959 1.051111
v 3.274609 -15.405825 1.200962
v 3.339199 -15.709696 1.439340
v 3.388761 -15.942865 1.750000
v 3.419916 -16.089441 2.111771
v 1.608508 -15.303930 1.051111
v 1.646323 -15.663720 1.200962
v 1.678796 -15.972678 1.439340
v 1.703713 -16.209750 1.750000
v 1.719377 -16.358780 2.111771
v 0.000000 -15.388229 1.051111
v 0.000000 -15.750000 1.200962
v 0.000000 -16.060660 1.439340
v 0.000000 -16.299038 1.750000
v 0.000000 -16.448889 2.111771
v -1.608508 -15.303930 1.051111
v -1.646323 -15.663720 1.200962
v -1.678796 -15.972678 1.439340
v -1.703713 -16.209750 1.750000
v -1.719377 -16.358780 2.111771
v -3.199393 -15.051959 1.051111
v -3.274609 -15.405825 1.200962
v -3.339199 -15.709696 1.439340
v -3.388761 -15.942865 1.750000
v -3.419916 -16.089441 2.111771
v -4.755224 -14.635075 1.051111
v -4.867018 -14.979140 1.200962
v -4.963017 -15.274596 1.439340
v -5.036680 -15.501306 1.750000
v -5.082986 -15.643823 2.111771
v -6.258956 -14.057846 1.051111
v -6.406102 -14.388341 1.200962
v -6.532459 -14.672143 1.439340
v -6.629416 -14.889912 1.750000
v -6.690366 -15.026808 2.111771
v -7.694114 -13.326597 1.051111
v -7.875000 -13.639900 1.200962
v -8.030330 -13.908940 1.439340
v -8.149519 -14.115381 1.750000
v -8.224444 -14.245156 2.111771
v -9.044974 -12.449338 1.051111
v -9.257618 -12.742018 1.200962
v -9.440219 -12.993347 1.439340
v -9.580334 -13.186199 1.750000
v -9.668414 -13.307431 2.111771
v -10.296735 -11.435682 1.051111
v -10.538807 -11.704531 1.200962
v -10.746679 -11.935397 1.439340
v -10.906185 -12.112546 1.750000
v -11.006455 -12.223907 2.111771
v -11.435682 -10.296735 1.051111
v -11.704531 -10.538807 1.200962
v -11.935397 -10.746679 1.439340
v -12.112546 -10.906185 1.750000
v -12.223907 -11.006455 2.111771
v -12.449338 -9.044974 1.051111
v -12.742018 -9.257618 1.200962
v -12.993347 -9.440219 1.439340
v -13.186199 -9.580334 1.750000
v -13.307431 -9.668414 2.111771
v -13.326597 -7.694114 1.051111
v -13.639900 -7.875000 1.200962
v -13.908940 -8.030330 1.439340
v -14.115381 -8.149519 1.750000
v -14.245156 -8.224444 2.111771
v -14.057846 -6.258956 1.051111
v -14.388341 -6.406102 1.200962
v -14.672143 -6.532459 1.439340
v -14.889912 -6.629416 1.750000
v -15.026808 -6.690366 2.111771
v -14.635075 -4.755224 1.051111
v -14.979140 -4.867018 1.200962
v -15.274596 -4.963017 1.439340
v -15.501306 -5.036680 1.750000
v -15.643823 -5.082986 2.111771
v -15.051959 -3.199393 1.051111
v -15.405825 -3.274609 1.200962
v -15.709696 -3.339199 1.439340
v -15.942865 -3.388761 1.750000
v -16.089441 -3.419916 2.111771
v -15.303930 -1.608508 1.051111
v -15.663720 -1.646323 1.200962
v -15.972678 -1.678796 1.439340
v -16.209750 -1.703713 1.750000
v -16.358780 -1.719377 2.111771
v -16.500000 -0.000000 117.500000
v -16.409611 -1.724720 117.500000
v -16.139435 -3.430543 117.500000
v -15.692433 -5.098780 117.500000
v -15.073500 -6.711155 117.500000
v -14.289419 -8.250000 117.500000
v -13.348780 -9.698457 117.500000
v -12.261890 -11.040655 117.500000
v -11.040655 -12.261890 117.500000
v -9.698457 -13.348780 117.500000
v -8.250000 -14.289419 117.500000
v -6.711155 -15.073500 117.500000
v -5.098780 -15.692433 117.500000
v -3.430543 -16.139435 117.500000
v -1.724720 -16.409611 117.500000
v 0.000000 -16.500000 117.500000
v 1.724720 -16.409611 117.500000
v 3.430543 -16.139435 117.500000
v 5.098780 -15.692433 117.500000
v 6.711155 -15.073500 117.500000
v 8.250000 -14.289419 117.500000
v 9.698457 -13.348780 117.500000
v 11.040655 -12.261890 117.500000
v 12.261890 -11.040655 117.500000
v 13.348780 -9.698457 117.500000
v 14.289419 -8.250000 117.500000
v 15.073500 -6.711155 117.500000
v 15.692433 -5.098780 117.500000
v 16.139435 -3.430543 117.500000
v 16.409611 -1.724720 117.500000
v 16.500000 0.000000 117.500000
v 16.409611 1.724720 117.500000
v 16.139435 3.430543 117.500000
v 15.692433 5.098780 117.500000
v 15.073500 6.711155 117.500000
v 14.289419 8.250000 117.500000
v 13.348780 9.698457 117.500000
v 12.261890 11.040655 117.500000
v 11.040655 12.261890 117.500000
v 9.698457 13.348780 117.500000
v 8.250000 14.289419 117.500000
v 6.711155 15.073500 117.500000
v 5.098780 15.692433 117.500000
v 3.430543 16.139435 117.500000
v 1.724720 16.409611 117.500000
v 0.000000 16.500000 117.500000
v -1.724720 16.409611 117.500000
v -3.430543 16.139435 117.500000
v -5.098780 15.692433 117.500000
v -6.711155 15.073500 117.500000
v -8.250000 14.289419 117.500000
v -9.698457 13.348780 117.500000
v -11.040655 12.261890 117.500000
v -12.261890 11.040655 117.500000
v -13.348780 9.698457 117.500000
v -14.289419 8.250000 117.500000
v -15.073500 6.711155 117.500000
v -15.692433 5.098780 117.500000
v -16.139435 3.430543 117.500000
v -16.409611 1.724720 117.500000
v -16.500000 0.000000 79.166667
v -16.500000 0.000000 40.833333
v -16.409611 -1.724720 79.166667
v -16.409611 -1.724720 40.833333
v -16.139435 -3.430543 79.166667
v -16.139435 -3.430543 40.833333
v -15.692433 -5.098780 79.166667
v -15.692433 -5.098780 40.833333
v -15.073500 -6.711155 79.166667
v -15.073500 -6.711155 40.833333
v -14.289419 -8.250000 79.166667
v -14.289419 -8.250000 40.833333
v -13.348780 -9.698457 79.166667
v -13.348780 -9.698457 40.833333
v -12.261890 -11.040655 79.166667
v -12.261890 -11.040655 40.833333
v -11.040655 -12.261890 79.166667
v -11.040655 -12.261890 40.833333
v -9.698457 -13.348780 79.166667
v -9.698457 -13.348780 40.833333
v -8.250000 -14.289419 79.166667
v -8.250000 -14.289419 40.833333
v -6.711155 -15.073500 79.166667
v -6.711155 -15.073500 40.833333
v -5.098780 -15.692433 79.166667
v -5.098780 -15.692433 40.833333
v -3.430543 -16.139435 79.166667
v -3.430543 -16.139435 40.833333
v -1.724720 -16.409611 79.166667
v -1.724720 -16.409611 40.833333
v 0.000000 -16.500000 79.166667
v 0.000000 -16.500000 40.833333
v 1.724720 -16.409611 79.166667
v 1.724720 -16.409611 40.833333
v 3.430543 -16.139435 79.166667
v 3.430543 -16.139435 40.833333
v 5.098780 -15.692433 79.166667
v 5.098780 -15.692433 40.833333
v 6.711155 -15.073500 79.166667
v 6.711155 -15.073500 40.833333
v 8.250000 -14.289419 79.166667
v 8.250000 -14.289419 40.833333
v 9.698457 -13.348780 79.166667
v 9.698457 -13.348780 40.833333
v 11.040655 -12.261890 79.166667
v 11.040655 -12.261890 40.833333
v 12.261890 -11.040655 79.166667
v 12.261890 -11.040655 40.833333
v 13.348780 -9.698457 79.166667
v 13.348780 -9.698457 40.833333
v 14.289419 -8.250000 79.166667
v 14.289419 -8.250000 40.833333
v 15.073500 -6.711155 79.166667
v 15.073500 -6.711155 40.833333
v 15.692433 -5.098780 79.166667
v 15.692433 -5.098780 40.833333
v 16.139435 -3.430543 79.166667
v 16.139435 -3.430543 40.833333
v 16.409611 -1.724720 79.166667
v 16.409611 -1.724720 40.833333
v 16.500000 0.000000 79.166667
v 16.500000 0.000000 40.833333
v 16.409611 1.724720 79.166667
v 16.409611 1.724720 40.833333
v 16.139435 3.430543 79.166667
v 16.139435 3.430543 40.833333
v 15.692433 5.098780 79.166667
v 15.692433 5.098780 40.833333
v 15.073500 6.711155 79.166667
v 15.073500 6.711155 40.833333
v 14.289419 8.250000 79.166667
v 14.289419 8.250000 40.833333
v 13.348780 9.698457 79.166667
v 13.348780 9.698457 40.833333
v 12.261890 11.040655 79.166667
v 12.261890 11.040655 40.833333
v 11.040655 12.261890 79.166667
v 11.040655 12.261890 40.833333
v 9.698457 13.348780 79.166667
v 9.698457 13.348780 40.833333
v 8.250000 14.289419 79.166667
v 8.250000 14.289419 40.833333
v 6.711155 15.073500 79.166667
v 6.711155 15.073500 40.833333
v 5.098780 15.692433 79.166667
v 5.098780 15.692433 40.833333
v 3.430543 16.139435 79.166667
v 3.430543 16.139435 40.833333
v 1.724720 16.409611 79.166667
v 1.724720 16.409611 40.833333
v 0.000000 16.500000 79.166667
v 0.000000 16.500000 40.833333
v -1.724720 16.409611 79.166667
v -1.724720 16.409611 40.833333
v -3.430543 16.139435 79.166667
v -3.430543 16.139435 40.833333
v -5.098780 15.692433 79.166667
v -5.098780 15.692433 40.833333
v -6.711155 15.073500 79.166667
v -6.711155 15.073500 40.833333
v -8.250000 14.289419 79.166667
v -8.250000 14.289419 40.833333
v -9.698457 13.348780 79.166667
v -9.698457 13.348780 40.833333
v -11.040655 12.261890 79.166667
v -11.040655 12.261890 40.833333
v -12.261890 11.040655 79.166667
v -12.261890 11.040655 40.833333
v -13.348780 9.698457 79.166667
v -13.348780 9.698457 40.833333
v -14.289419 8.250000 79.166667
v -14.289419 8.250000 40.833333
v -15.073500 6.711155 79.166667
v -15.073500 6.711155 40.833333
v -15.692433 5.098780 79.166667
v -15.692433 5.098780 40.833333
v -16.139435 3.430543 79.166667
v -16.139435 3.430543 40.833333
v -16.409611 1.724720 79.166667
v -16.409611 1.724720 40.833333
v -15.000000 0.000000 119.000000
v -14.908960 -1.650123 119.000000
v -14.636946 -3.280216 119.000000
v -14.187259 -4.870492 119.000000
v -13.565357 -6.401647 119.000000
v -12.778791 -7.855094 119.000000
v -11.837108 -9.213191 119.000000
v -10.751738 -10.459452 119.000000
v -9.535856 -11.578750 119.000000
v -8.204222 -12.557497 119.000000
v -6.773000 -13.383814 119.000000
v -5.259563 -14.047669 119.000000
v -3.682282 -14.541004 119.000000
v -2.060303 -14.857831 119.000000
v -0.413315 -14.994305 119.000000
v 1.238690 -14.948767 119.000000
v 2.875659 -14.721772 119.000000
v 4.477722 -14.316075 119.000000
v 6.025431 -13.736600 119.000000
v 7.500000 -12.990381 119.000000
v 8.883529 -12.086477 119.000000
v 10.159224 -11.035859 119.000000
v 11.311599 -9.851280 119.000000
v 12.326667 -8.547121 119.000000
v 13.192106 -7.139211 119.000000
v 13.897411 -5.644641 119.000000
v 14.434020 -4.081552 119.000000
v 14.795420 -2.468919 119.000000
v 14.977223 -0.826316 119.000000
v 14.977223 0.826316 119.000000
v 14.795420 2.468919 119.000000
v 14.434020 4.081552 119.000000
v 13.897411 5.644641 119.000000
v 13.192106 7.139211 119.000000
v 12.326667 8.547121 119.000000
v 11.311599 9.851280 119.000000
v 10.159224 11.035859 119.000000
v 8.883529 12.086477 119.000000
v 7.500000 12.990381 119.000000
v 6.025431 13.736600 119.000000
v 4.477722 14.316075 119.000000
v 2.875659 14.721772 119.000000
v 1.238690 14.948767 119.000000
v -0.413315 14.994305 119.000000
v -2.060303 14.857831 119.000000
v -3.682282 14.541004 119.000000
v -5.259563 14.047669 119.000000
v -6.773000 13.383814 119.000000
v -8.204222 12.557497 119.000000
v -9.535856 11.578750 119.000000
v -10.751738 10.459452 119.000000
v -11.837108 9.213191 119.000000
v -12.778791 7.855094 119.000000
v -13.565357 6.401647 119.000000
v -14.187259 4.870492 119.000000
v -14.636946 3.280216 119.000000
v -14.908960 1.650123 119.000000
v -16.448889 -0.000000 117.888229
v -16.299038 -0.000000 118.250000
v -16.060660 -0.000000 118.560660
v -15.750000 -0.000000 118.799038
v -15.388229 -0.000000 118.948889
v -16.358780 1.719377 117.888229
v -16.209750 1.703713 118.250000
v -15.972678 1.678796 118.560660
v -15.663720 1.646323 118.799038
v -15.303930 1.608508 118.948889
v -16.089441 3.419916 117.888229
v -15.942865 3.388761 118.250000
v -15.709696 3.339199 118.560660
v -15.405825 3.274609 118.799038
v -15.051959 3.199393 118.948889
v -15.643823 5.082986 117.888229
v -15.501306 5.036680 118.250000
v -15.274596 4.963017 118.560660
v -14.979140 4.867018 118.799038
v -14.635075 4.755224 118.948889
v -15.026808 6.690366 117.888229
v -14.889912 6.629416 118.250000
v -14.672143 6.532459 118.560660
v -14.388341 6.406102 118.799038
v -14.057846 6.258956 118.948889
v -14.245156 8.224444 117.888229
v -14.115381 8.149519 118.250000
v -13.908940 8.030330 118.560660
v -13.639900 7.875000 118.799038
v -13.326597 7.694114 118.948889
v -13.307431 9.668414 117.888229
v -13.186199 9.580334 118.250000
v -12.993347 9.440219 118.560660
v -12.742018 9.257618 118.799038
v -12.449338 9.044974 118.948889
v -12.223907 11.006455 117.888229
v -12.112546 10.906185 118.250000
v -11.935397 10.746679 118.560660
v -11.704531 10.538807 118.799038
v -11.435682 10.296735 118.948889
v -11.006455 12.223907 117.888229
v -10.906185 12.112546 118.250000
v -10.746679 11.935397 118.560660
v -10.538807 11.704531 118.799038
v -10.296735 11.435682 118.948889
v -9.668414 13.307431 117.888229
v -9.580334 13.186199 118.250000
v -9.440219 12.993347 118.560660
v -9.257618 12.742018 118.799038
v -9.044974 12.449338 118.948889
v -8.224444 14.245156 117.888229
v -8.149519 14.115381 118.250000
v -8.030330 13.908940 118.560660
v -7.875000 13.639900 118.799038
v -7.694114 13.326597 118.948889
v -6.690366 15.026808 117.888229
v -6.629416 14.889912 118.250000
v -6.532459 14.672143 118.560660
v -6.406102 14.388341 118.799038
v -6.258956 14.057846 118.948889
v -5.082986 15.643823 117.888229
v -5.036680 15.501306 118.250000
v -4.963017 15.274596 118.560660
v -4.867018 14.979140 118.799038
v -4.755224 14.635075 118.948889
v -3.419916 16.089441 117.888229
v -3.388761 15.942865 118.250000
v -3.339199 15.709696 118.560660
v -3.274609 15.405825 118.799038
v -3.199393 15.051959 118.948889
v -1.719377 16.358780 117.888229
v -1.703713 16.209750 118.250000
v -1.678796 15.972678 118.560660
v -1.646323 15.663720 118.799038
v -1.608508 15.303930 118.948889
v 0.000000 16.448889 117.888229
v 0.000000 16.299038 118.250000
v 0.000000 16.060660 118.560660
v 0.000000 15.750000 118.799038
v 0.000000 15.388229 118.948889
v 1.719377 16.358780 117.888229
v 1.703713 16.209750 118.250000
v 1.678796 15.972678 118.560660
v 1.646323 15.663720 118.799038
v 1.608508 15.303930 118.948889
v 3.419916 16.089441 117.888229
v 3.388761 15.942865 118.250000
v 3.339199 15.709696 118.560660
v 3.274609 15.405825 118.799038
v 3.199393 15.051959 118.948889
v 5.082986 15.643823 117.888229
v 5.036680 15.501306 118.250000
v 4.963017 15.274596 118.560660
v 4.867018 14.979140 118.799038
v 4.755224 14.635075 118.948889
v 6.690366 15.026808 117.888229
v 6.629416 14.889912 118.250000
v 6.532459 14.672143 118.560660
v 6.406102 14.388341 118.799038
v 6.258956 14.057846 118.948889
v 8.224444 14.245156 117.888229
v 8.149519 14.115381 118.250000
v 8.030330 13.908940 118.560660
v 7.875000 13.639900 118.799038
v 7.694114 13.326597 118.948889
v 9.668414 13.307431 117.888229
v 9.580334 13.186199 118.250000
v 9.440219 12.993347 118.560660
v 9.257618 12.742018 118.799038
v 9.044974 12.449338 118.948889
v 11.006455 12.223907 117.888229
v 10.906185 12.112546 118.250000
v 10.746679 11.935397 118.560660
v 10.538807 11.704531 118.799038
v 10.296735 11.435682 118.948889
v 12.223907 11.006455 117.888229
v 12.112546 10.906185 118.250000
v 11.935397 10.746679 118.560660
v 11.704531 10.538807 118.799038
v 11.435682 10.296735 118.948889
v 13.307431 9.668414 117.888229
v 13.186199 9.580334 118.250000
v 12.993347 9.440219 118.560660
v 12.742018 9.257618 118.799038
v 12.449338 9.044974 118.948889
v 14.245156 8.224444 117.888229
v 14.115381 8.149519 118.250000
v 13.908940 8.030330 118.560660
v 13.639900 7.875000 118.799038
v 13.326597 7.694114 118.948889
v 15.026808 6.690366 117.888229
v 14.889912 6.629416 118.250000
v 14.672143 6.532459 118.560660
v 14.388341 6.406102 118.799038
v 14.057846 6.258956 118.948889
v 15.643823 5.082986 117.888229
v 15.501306 5.036680 118.250000
v 15.274596 4.963017 118.560660
v 14.979140 4.867018 118.799038
v 14.635075 4.755224 118.948889
v 16.089441 3.419916 117.888229
v 15.942865 3.388761 118.250000
v 15.709696 3.339199 118.560660
v 15.405825 3.274609 118.799038
v 15.051959 3.199393 118.948889
v 16.358780 1.719377 117.888229
v 16.209750 1.703713 118.250000
v 15.972678 1.678796 118.560660
v 15.663720 1.646323 118.799038
v 15.303930 1.608508 118.948889
v 16.448889 0.000000 117.888229
v 16.299038 0.000000 118.250000
v 16.060660 0.000000 118.560660
v 15.750000 0.000000 118.799038
v 15.388229 0.000000 118.948889
v 16.358780 -1.719377 117.888229
v 16.209750 -1.703713 118.250000
v 15.972678 -1.678796 118.560660
v 15.663720 -1.646323 118.799038
v 15.303930 -1.608508 118.948889
v 16.089441 -3.419916 117.888229
v 15.942865 -3.388761 118.250000
v 15.709696 -3.339199 118.560660
v 15.405825 -3.274609 118.799038
v 15.051959 -3.199393 118.948889
v 15.643823 -5.082986 117.888229
v 15.501306 -5.036680 118.250000
v 15.274596 -4.963017 118.560660
v 14.979140 -4.867018 118.799038
v 14.635075 -4.755224 118.948889
v 15.026808 -6.690366 117.888229
v 14.889912 -6.629416 118.250000
v 14.672143 -6.532459 118.560660
v 14.388341 -6.406102 118.799038
v 14.057846 -6.258956 118.948889
v 14.245156 -8.224444 117.888229
v 14.115381 -8.149519 118.250000
v 13.908940 -8.030330 118.560660
v 13.639900 -7.875000 118.799038
v 13.326597 -7.694114 118.948889
v 13.307431 -9.668414 117.888229
v 13.186199 -9.580334 118.250000
v 12.993347 -9.440219 118.560660
v 12.742018 -9.257618 118.799038
v 12.449338 -9.044974 118.948889
v 12.223907 -11.006455 117.888229
v 12.112546 -10.906185 118.250000
v 11.935397 -10.746679 118.560660
v 11.704531 -10.538807 118.799038
v 11.435682 -10.296735 118.948889
v 11.006455 -12.223907 117.888229
v 10.906185 -12.112546 118.250000
v 10.746679 -11.935397 118.560660
v 10.538807 -11.704531 118.799038
v 10.296735 -11.435682 118.948889
v 9.668414 -13.307431 117.888229
v 9.580334 -13.186199 118.250000
v 9.440219 -12.993347 118.560660
v 9.257618 -12.742018 118.799038
v 9.044974 -12.449338 118.948889
v 8.224444 -14.245156 117.888229
v 8.149519 -14.115381 118.250000
v 8.030330 -13.908940 118.560660
v 7.875000 -13.639900 118.799038
v 7.694114 -13.326597 118.948889
v 6.690366 -15.026808 117.888229
v 6.629416 -14.889912 118.250000
v 6.532459 -14.672143 118.560660
v 6.406102 -14.388341 118.799038
v 6.258956 -14.057846 118.948889
v 5.082986 -15.643823 117.888229
v 5.036680 -15.501306 118.250000
v 4.963017 -15.274596 118.560660
v 4.867018 -14.979140 118.799038
v 4.755224 -14.635075 118.948889
v 3.419916 -16.089441 117.888229
v 3.388761 -15.942865 118.250000
v 3.339199 -15.709696 118.560660
v 3.274609 -15.405825 118.799038
v 3.199393 -15.051959 118.948889
v 1.719377 -16.358780 117.888229
v 1.703713 -16.209750 118.250000
v 1.678796 -15.972678 118.560660
v 1.646323 -15.663720 118.799038
v 1.608508 -15.303930 118.948889
v 0.000000 -16.448889 117.888229
v 0.000000 -16.299038 118.250000
v 0.000000 -16.060660 118.560660
v 0.000000 -15.750000 118.799038
v 0.000000 -15.388229 118.948889
v -1.719377 -16.358780 117.888229
v -1.703713 -16.209750 118.250000
v -1.678796 -15.972678 118.560660
v -1.646323 -15.663720 118.799038
v -1.608508 -15.303930 118.948889
v -3.419916 -16.089441 117.888229
v -3.388761 -15.942865 118.250000
v -3.339199 -15.709696 118.560660
v -3.274609 -15.405825 118.799038
v -3.199393 -15.051959 118.948889
v -5.082986 -15.643823 117.888229
v -5.036680 -15.501306 118.250000
v -4.963017 -15.274596 118.560660
v -4.867018 -14.979140 118.799038
v -4.755224 -14.635075 118.948889
v -6.690366 -15.026808 117.888229
v -6.629416 -14.889912 118.250000
v -6.532459 -14.672143 118.560660
v -6.406102 -14.388341 118.799038
v -6.258956 -14.057846 118.948889
v -8.224444 -14.245156 117.888229
v -8.149519 -14.115381 118.250000
v -8.030330 -13.908940 118.560660
v -7.875000 -13.639900 118.799038
v -7.694114 -13.326597 118.948889
v -9.668414 -13.307431 117.888229
v -9.580334 -13.186199 118.250000
v -9.440219 -12.993347 118.560660
v -9.257618 -12.742018 118.799038
v -9.044974 -12.449338 118.948889
v -11.006455 -12.223907 117.888229
v -10.906185 -12.112546 118.250000
v -10.746679 -11.935397 118.560660
v -10.538807 -11.704531 118.799038
v -10.296735 -11.435682 118.948889
v -12.223907 -11.006455 117.888229
v -12.112546 -10.906185 118.250000
v -11.935397 -10.746679 118.560660
v -11.704531 -10.538807 118.799038
v -11.435682 -10.296735 118.948889
v -13.307431 -9.668414 117.888229
v -13.186199 -9.580334 118.250000
v -12.993347 -9.440219 118.560660
v -12.742018 -9.257618 118.799038
v -12.449338 -9.044974 118.948889
v -14.245156 -8.224444 117.888229
v -14.115381 -8.149519 118.250000
v -13.908940 -8.030330 118.560660
v -13.639900 -7.875000 118.799038
v -13.326597 -7.694114 118.948889
v -15.026808 -6.690366 117.888229
v -14.889912 -6.629416 118.250000
v -14.672143 -6.532459 118.560660
v -14.388341 -6.406102 118.799038
v -14.057846 -6.258956 118.948889
v -15.643823 -5.082986 117.888229
v -15.501306 -5.036680 118.250000
v -15.274596 -4.963017 118.560660
v -14.979140 -4.867018 118.799038
v -14.635075 -4.755224 118.948889
v -16.089441 -3.419916 117.888229
v -15.942865 -3.388761 118.250000
v -15.709696 -3.339199 118.560660
v -15.405825 -3.274609 118.799038
v -15.051959 -3.199393 118.948889
v -16.358780 -1.719377 117.888229
v -16.209750 -1.703713 118.250000
v -15.972678 -1.678796 118.560660
v -15.663720 -1.646323 118.799038
v -15.303930 -1.608508 118.948889
v 10.000000 0.000000 134.000000
v 9.910775 1.332870 134.000000
v 9.644692 2.641954 134.000000
v 9.206499 3.903893 134.000000
v 8.604016 5.096166 134.000000
v 7.847994 6.197499 134.000000
v 6.951924 7.188237 134.000000
v 5.931797 8.050701 134.000000
v 4.805818 8.769499 134.000000
v 3.594078 9.331806 134.000000
v 2.318202 9.727587 134.000000
v 1.000957 9.949778 134.000000
v -0.334150 9.994416 134.000000
v -1.663294 9.860703 134.000000
v -2.962756 9.551025 134.000000
v -4.209348 9.070909 134.000000
v -5.380824 8.428923 134.000000
v -6.456279 7.636522 134.000000
v -7.416521 6.707847 134.000000
v -8.244416 5.659471 134.000000
v -8.925188 4.510101 134.000000
v -9.446691 3.280249 134.000000
v -9.799617 1.991860 134.000000
v -9.977669 0.667926 134.000000
v -9.977669 -0.667926 134.000000
v -9.799617 -1.991860 134.000000
v -9.446691 -3.280249 134.000000
v -8.925188 -4.510101 134.000000
v -8.244416 -5.659471 134.000000
v -7.416521 -6.707847 134.000000
v -6.456279 -7.636522 134.000000
v -5.380824 -8.428923 134.000000
v -4.209348 -9.070909 134.000000
v -2.962756 -9.551025 134.000000
v -1.663294 -9.860703 134.000000
v -0.334150 -9.994416 134.000000
v 1.000957 -9.949778 134.000000
v 2.318202 -9.727587 134.000000
v 3.594078 -9.331806 134.000000
v 4.805818 -8.769499 134.000000
v 5.931797 -8.050701 134.000000
v 6.951924 -7.188237 134.000000
v 7.847994 -6.197499 134.000000
v 8.604016 -5.096166 134.000000
v 9.206499 -3.903893 134.000000
v 9.644692 -2.641954 134.000000
v 9.910775 -1.332870 134.000000
v -9.965926 0.000000 134.258819
v -9.866025 0.000000 134.500000
v -9.707107 0.000000 134.707107
v -9.500000 0.000000 134.866025
v -9.258819 -0.000000 134.965926
v -0.926768 -9.212320 134.965926
v -0.926768 9.212320 134.965926
v 9.943671 0.665650 134.258819
v 9.843993 0.658978 134.500000
v 9.685430 0.648363 134.707107
v 9.478785 0.634530 134.866025
v 9.238143 0.618421 134.965926
v 9.238143 -0.618421 134.965926
v 9.478785 -0.634530 134.866025
v 9.685430 -0.648363 134.707107
v 9.843993 -0.658978 134.500000
v 9.943671 -0.665650 134.258819
v 9.766226 1.985073 134.258819
v 9.668327 1.965174 134.500000
v 9.512593 1.933520 134.707107
v 9.309636 1.892267 134.866025
v 9.073288 1.844227 134.965926
v 9.414502 3.269071 134.258819
v 9.320129 3.236302 134.500000
v 9.170004 3.184172 134.707107
v 8.974356 3.116236 134.866025
v 8.746520 3.037123 134.965926
v 8.894777 4.494733 134.258819
v 8.805614 4.449677 134.500000
v 8.663776 4.378003 134.707107
v 8.478929 4.284596 134.866025
v 8.263670 4.175821 134.965926
v 8.216323 5.640187 134.258819
v 8.133961 5.583648 134.500000
v 8.002942 5.493709 134.707107
v 7.832195 5.376497 134.866025
v 7.633355 5.240002 134.965926
v 7.391250 6.684991 134.258819
v 7.317159 6.617979 134.500000
v 7.199296 6.511379 134.707107
v 7.045695 6.372455 134.866025
v 6.866823 6.210674 134.965926
v 6.434279 7.610501 134.258819
v 6.369781 7.534212 134.500000
v 6.267178 7.412853 134.707107
v 6.133465 7.254696 134.866025
v 5.977751 7.070518 134.965926
v 5.362489 8.400202 134.258819
v 5.308734 8.315997 134.500000
v 5.223223 8.182045 134.707107
v 5.111782 8.007477 134.866025
v 4.982007 7.804187 134.965926
v 4.195005 9.040001 134.258819
v 4.152953 8.949382 134.500000
v 4.086059 8.805228 134.707107
v 3.998880 8.617364 134.866025
v 3.897359 8.398591 134.965926
v 2.952660 9.518481 134.258819
v 2.923062 9.423066 134.500000
v 2.875979 9.271282 134.707107
v 2.814618 9.073474 134.866025
v 2.743162 8.843121 134.965926
v 1.657626 9.827103 134.258819
v 1.641010 9.728594 134.500000
v 1.614577 9.571889 134.707107
v 1.580129 9.367667 134.866025
v 1.540013 9.129846 134.965926
v 0.333011 9.960360 134.258819
v 0.329673 9.860516 134.500000
v 0.324363 9.701686 134.707107
v 0.317442 9.494695 134.866025
v 0.309383 9.253649 134.965926
v -0.997546 9.915875 134.258819
v -0.987547 9.816476 134.500000
v -0.971640 9.658356 134.707107
v -0.950909 9.452289 134.866025
v -2.310302 9.694441 134.258819
v -2.287143 9.597262 134.500000
v -2.250303 9.442672 134.707107
v -2.202291 9.241207 134.866025
v -2.146381 9.006596 134.965926
v -3.581831 9.300009 134.258819
v -3.545926 9.206784 134.500000
v -3.488810 9.058484 134.707107
v -3.414374 8.865216 134.866025
v -3.327692 8.640150 134.965926
v -4.789442 8.739618 134.258819
v -4.741432 8.652010 134.500000
v -4.665058 8.512647 134.707107
v -4.565527 8.331024 134.866025
v -4.449620 8.119521 134.965926
v -5.911585 8.023268 134.258819
v -5.852326 7.942842 134.500000
v -5.758059 7.814901 134.707107
v -5.635208 7.648166 134.866025
v -5.492144 7.453998 134.965926
v -6.928236 7.163744 134.258819
v -6.858786 7.091933 134.500000
v -6.748307 6.977698 134.707107
v -6.604328 6.828825 134.866025
v -6.436661 6.655458 134.965926
v -7.821252 6.176381 134.258819
v -7.742851 6.114468 134.500000
v -7.618131 6.015978 134.707107
v -7.455594 5.887624 134.866025
v -7.266315 5.738152 134.965926
v -8.574698 5.078802 134.258819
v -8.488744 5.027891 134.500000
v -8.352010 4.946903 134.707107
v -8.173815 4.841358 134.866025
v -7.966303 4.718448 134.965926
v -9.175128 3.890591 134.258819
v -9.083155 3.851591 134.500000
v -8.936847 3.789550 134.707107
v -8.746174 3.708698 134.866025
v -8.524131 3.614544 134.965926
v -9.611828 2.632952 134.258819
v -9.515477 2.606559 134.500000
v -9.362205 2.564573 134.707107
v -9.162457 2.509856 134.866025
v -8.929846 2.446137 134.965926
v -9.877005 1.328328 134.258819
v -9.777996 1.315012 134.500000
v -9.620495 1.293831 134.707107
v -9.415236 1.266226 134.866025
v -9.176207 1.234080 134.965926
v -9.877005 -1.328328 134.258819
v -9.777996 -1.315012 134.500000
v -9.620495 -1.293831 134.707107
v -9.415236 -1.266226 134.866025
v -9.176207 -1.234080 134.965926
v -9.611828 -2.632952 134.258819
v -9.515477 -2.606559 134.500000
v -9.362205 -2.564573 134.707107
v -9.162457 -2.509856 134.866025
v -8.929846 -2.446137 134.965926
v -9.175128 -3.890591 134.258819
v -9.083155 -3.851591 134.500000
v -8.936847 -3.789550 134.707107
v -8.746174 -3.708698 134.866025
v -8.524131 -3.614544 134.965926
v -8.574698 -5.078802 134.258819
v -8.488744 -5.027891 134.500000
v -8.352010 -4.946903 134.707107
v -8.173815 -4.841358 134.866025
v -7.966303 -4.718448 134.965926
v -7.821252 -6.176381 134.258819
v -7.742851 -6.114468 134.500000
v -7.618131 -6.015978 134.707107
v -7.455594 -5.887624 134.866025
v -7.266315 -5.738152 134.965926
v -6.928236 -7.163744 134.258819
v -6.858786 -7.091933 134.500000
v -6.748307 -6.977698 134.707107
v -6.604328 -6.828825 134.866025
v -6.436661 -6.655458 134.965926
v -5.911585 -8.023268 134.258819
v -5.852326 -7.942842 134.500000
v -5.758059 -7.814901 134.707107
v -5.635208 -7.648166 134.866025
v -5.492144 -7.453998 134.965926
v -4.789442 -8.739618 134.258819
v -4.741432 -8.652010 134.500000
v -4.665058 -8.512647 134.707107
v -4.565527 -8.331024 134.866025
v -4.449620 -8.119521 134.965926
v -3.581831 -9.300009 134.258819
v -3.545926 -9.206784 134.500000
v -3.488810 -9.058484 134.707107
v -3.414374 -8.865216 134.866025
v -3.327692 -8.640150 134.965926
v -2.310302 -9.694441 134.258819
v -2.287143 -9.597262 134.500000
v -2.250303 -9.442672 134.707107
v -2.202291 -9.241207 134.866025
v -2.146381 -9.006596 134.965926
v -0.997546 -9.915875 134.258819
v -0.987547 -9.816476 134.500000
v -0.971640 -9.658356 134.707107
v -0.950909 -9.452289 134.866025
v 0.333011 -9.960360 134.258819
v 0.329673 -9.860516 134.500000
v 0.324363 -9.701686 134.707107
v 0.317442 -9.494695 134.866025
v 0.309383 -9.253649 134.965926
v 1.657626 -9.827103 134.258819
v 1.641010 -9.728594 134.500000
v 1.614577 -9.571889 134.707107
v 1.580129 -9.367667 134.866025
v 1.540013 -9.129846 134.965926
v 2.952660 -9.518481 134.258819
v 2.923062 -9.423066 134.500000
v 2.875979 -9.271282 134.707107
v 2.814618 -9.073474 134.866025
v 2.743162 -8.843121 134.965926
v 4.195005 -9.040001 134.258819
v 4.152953 -8.949382 134.500000
v 4.086059 -8.805228 134.707107
v 3.998880 -8.617364 134.866025
v 3.897359 -8.398591 134.965926
v 5.362489 -8.400202 134.258819
v 5.308734 -8.315997 134.500000
v 5.223223 -8.182045 134.707107
v 5.111782 -8.007477 134.866025
v 4.982007 -7.804187 134.965926
v 6.434279 -7.610501 134.258819
v 6.369781 -7.534212 134.500000
v 6.267178 -7.412853 134.707107
v 6.133465 -7.254696 134.866025
v 5.977751 -7.070518 134.965926
v 7.391250 -6.684991 134.258819
v 7.317159 -6.617979 134.500000
v 7.199296 -6.511379 134.707107
v 7.045695 -6.372455 134.866025
v 6.866823 -6.210674 134.965926
v 8.216323 -5.640187 134.258819
v 8.133961 -5.583648 134.500000
v 8.002942 -5.493709 134.707107
v 7.832195 -5.376497 134.866025
v 7.633355 -5.240002 134.965926
v 8.894777 -4.494733 134.258819
v 8.805614 -4.449677 134.500000
v 8.663776 -4.378003 134.707107
v 8.478929 -4.284596 134.866025
v 8.263670 -4.175821 134.965926
v 9.414502 -3.269071 134.258819
v 9.320129 -3.236302 134.500000
v 9.170004 -3.184172 134.707107
v 8.974356 -3.116236 134.866025
v 8.746520 -3.037123 134.965926
v 9.766226 -1.985073 134.258819
v 9.668327 -1.965174 134.500000
v 9.512593 -1.933520 134.707107
v 9.309636 -1.892267 134.866025
v 9.073288 -1.844227 134.965926
v 10.000000 0.000000 120.000000
v 9.910775 1.332870 120.000000
v 9.644692 2.641954 120.000000
v 9.206499 3.903893 120.000000
v 8.604016 5.096166 120.000000
v 7.847994 6.197499 120.000000
v 6.951924 7.188237 120.000000
v 5.931797 8.050701 120.000000
v 4.805818 8.769499 120.000000
v 3.594078 9.331806 120.000000
v 2.318202 9.727587 120.000000
v 1.000957 9.949778 120.000000
v -0.334150 9.994416 120.000000
v -1.663294 9.860703 120.000000
v -2.962756 9.551025 120.000000
v -4.209348 9.070909 120.000000
v -5.380824 8.428923 120.000000
v -6.456279 7.636522 120.000000
v -7.416521 6.707847 120.000000
v -8.244416 5.659471 120.000000
v -8.925188 4.510101 120.000000
v -9.446691 3.280249 120.000000
v -9.799617 1.991860 120.000000
v -9.977669 0.667926 120.000000
v -9.977669 -0.667926 120.000000
v -9.799617 -1.991860 120.000000
v -9.446691 -3.280249 120.000000
v -8.925188 -4.510101 120.000000
v -8.244416 -5.659471 120.000000
v -7.416521 -6.707847 120.000000
v -6.456279 -7.636522 120.000000
v -5.380824 -8.428923 120.000000
v -4.209348 -9.070909 120.000000
v -2.962756 -9.551025 120.000000
v -1.663294 -9.860703 120.000000
v -0.334150 -9.994416 120.000000
v 1.000957 -9.949778 120.000000
v 2.318202 -9.727587 120.000000
v 3.594078 -9.331806 120.000000
v 4.805818 -8.769499 120.000000
v 5.931797 -8.050701 120.000000
v 6.951924 -7.188237 120.000000
v 7.847994 -6.197499 120.000000
v 8.604016 -5.096166 120.000000
v 9.206499 -3.903893 120.000000
v 9.644692 -2.641954 120.000000
v 9.910775 -1.332870 120.000000
v -15.000000 -0.000000 0.000000
v -14.908960 -1.650123 0.000000
v -14.636946 -3.280216 0.000000
v -14.187259 -4.870492 0.000000
v -13.565357 -6.401647 0.000000
v -12.778791 -7.855094 0.000000
v -11.837108 -9.213191 0.000000
v -10.751738 -10.459452 0.000000
v -9.535856 -11.578750 0.000000
v -8.204222 -12.557497 0.000000
v -6.773000 -13.383814 0.000000
v -5.259563 -14.047669 0.000000
v -3.682282 -14.541004 0.000000
v -2.060303 -14.857831 0.000000
v -0.413315 -14.994305 0.000000
v 1.238690 -14.948767 0.000000
v 2.875659 -14.721772 0.000000
v 4.477722 -14.316075 0.000000
v 6.025431 -13.736600 0.000000
v 7.500000 -12.990381 0.000000
v 8.883529 -12.086477 0.000000
v 10.159224 -11.035859 0.000000
v 11.311599 -9.851280 0.000000
v 12.326667 -8.547121 0.000000
v 13.192106 -7.139211 0.000000
v 13.897411 -5.644641 0.000000
v 14.434020 -4.081552 0.000000
v 14.795420 -2.468919 0.000000
v 14.977223 -0.826316 0.000000
v 14.977223 0.826316 0.000000
v 14.795420 2.468919 0.000000
v 14.434020 4.081552 0.000000
v 13.897411 5.644641 0.000000
v 13.192106 7.139211 0.000000
v 12.326667 8.547121 0.000000
v 11.311599 9.851280 0.000000
v 10.159224 11.035859 0.000000
v 8.883529 12.086477 0.000000
v 7.500000 12.990381 0.000000
v 6.025431 13.736600 0.000000
v 4.477722 14.316075 0.000000
v 2.875659 14.721772 0.000000
v 1.238690 14.948767 0.000000
v -0.413315 14.994305 0.000000
v -2.060303 14.857831 0.000000
v -3.682282 14.541004 0.000000
v -5.259563 14.047669 0.000000
v -6.773000 13.383814 0.000000
v -8.204222 12.557497 0.000000
v -9.535856 11.578750 0.000000
v -10.751738 10.459452 0.000000
v -11.837108 9.213191 0.000000
v -12.778791 7.855094 0.000000
v -13.565357 6.401647 0.000000
v -14.187259 4.870492 0.000000
v -14.636946 3.280216 0.000000
v -14.908960 1.650123 0.000000
v -17.500000 0.000000 2.500000
v -17.410213 1.770446 2.500000
v -17.141774 3.522724 2.500000
v -16.697437 5.238855 2.500000
v -16.081762 6.901227 2.500000
v -15.301066 8.492784 2.500000
v -14.363360 9.997194 2.500000
v -13.278267 11.399018 2.500000
v -12.056921 12.683874 2.500000
v -10.711855 13.838575 2.500000
v -9.256870 14.851275 2.500000
v -7.706898 15.711579 2.500000
v -6.077842 16.410662 2.500000
v -4.386419 16.941350 2.500000
v -2.649986 17.298196 2.500000
v -0.886360 17.477539 2.500000
v 0.886360 17.477539 2.500000
v 2.649986 17.298196 2.500000
v 4.386419 16.941350 2.500000
v 6.077842 16.410662 2.500000
v 7.706898 15.711579 2.500000
v 9.256870 14.851275 2.500000
v 10.711855 13.838575 2.500000
v 12.056921 12.683874 2.500000
v 13.278267 11.399018 2.500000
v 14.363360 9.997194 2.500000
v 15.301066 8.492784 2.500000
v 16.081762 6.901227 2.500000
v 16.697437 5.238855 2.500000
v 17.141774 3.522724 2.500000
v 17.410213 1.770446 2.500000
v 17.500000 0.000000 2.500000
v 17.410213 -1.770446 2.500000
v 17.141774 -3.522724 2.500000
v 16.697437 -5.238855 2.500000
v 16.081762 -6.901227 2.500000
v 15.301066 -8.492784 2.500000
v 14.363360 -9.997194 2.500000
v 13.278267 -11.399018 2.500000
v 12.056921 -12.683874 2.500000
v 10.711855 -13.838575 2.500000
v 9.256870 -14.851275 2.500000
v 7.706898 -15.711579 2.500000
v 6.077842 -16.410662 2.500000
v 4.386419 -16.941350 2.500000
v 2.649986 -17.298196 2.500000
v 0.886360 -17.477539 2.500000
v -0.886360 -17.477539 2.500000
v -2.649986 -17.298196 2.500000
v -4.386419 -16.941350 2.500000
v -6.077842 -16.410662 2.500000
v -7.706898 -15.711579 2.500000
v -9.256870 -14.851275 2.500000
v -10.711855 -13.838575 2.500000
v -12.056921 -12.683874 2.500000
v -13.278267 -11.399018 2.500000
v -14.363360 -9.997194 2.500000
v -15.301066 -8.492784 2.500000
v -16.081762 -6.901227 2.500000
v -16.697437 -5.238855 2.500000
v -17.141774 -3.522724 2.500000
v -17.410213 -1.770446 2.500000
v -15.647048 0.000000 0.085185
v -16.250000 0.000000 0.334936
v -16.767767 0.000000 0.732233
v -17.165064 0.000000 1.250000
v -17.414815 0.000000 1.852952
v -3.921972 -15.147549 0.085185
v 11.872324 -10.192056 0.085185
v 11.872324 10.192056 0.085185
v -3.921972 15.147549 0.085185
v -15.566768 -1.582986 0.085185
v -16.166627 -1.643985 0.334936
v -16.681737 -1.696367 0.732233
v -17.076995 -1.736561 1.250000
v -17.325465 -1.761828 1.852952
v -15.326752 -3.149728 0.085185
v -15.917362 -3.271101 0.334936
v -16.424530 -3.375327 0.732233
v -16.813694 -3.455302 1.250000
v -17.058332 -3.505576 1.852952
v -14.929462 -4.684149 0.085185
v -15.504763 -4.864651 0.334936
v -15.998785 -5.019651 0.732233
v -16.377861 -5.138587 1.250000
v -16.616158 -5.213353 1.852952
v -14.378977 -6.170505 0.085185
v -14.933064 -6.408283 0.334936
v -15.408870 -6.612467 0.732233
v -15.773969 -6.769143 1.250000
v -16.003480 -6.867634 1.852952
v -13.680943 -7.593543 0.085185
v -14.208133 -7.886157 0.334936
v -14.660840 -8.137430 0.732233
v -15.008215 -8.330239 1.250000
v -15.226584 -8.451444 1.852952
v -12.842525 -8.938661 0.085185
v -13.337406 -9.283108 0.334936
v -13.762370 -9.578892 0.732233
v -14.088457 -9.805855 1.250000
v -14.293443 -9.948530 1.852952
v -11.872324 -10.192056 0.085185
v -12.329819 -10.584803 0.334936
v -12.722679 -10.922062 0.732233
v -13.024131 -11.180850 1.250000
v -13.213632 -11.343531 1.852952
v -10.780298 -11.340867 0.085185
v -11.195712 -11.777883 0.334936
v -11.552437 -12.153157 0.732233
v -11.826161 -12.441114 1.250000
v -11.998231 -12.622132 1.852952
v -9.577651 -12.373306 0.085185
v -9.946722 -12.850106 0.334936
v -10.263650 -13.259543 0.732233
v -10.506838 -13.573716 1.250000
v -10.659712 -13.771213 1.852952
v -8.276725 -13.278777 0.085185
v -8.595665 -13.790469 0.334936
v -8.869545 -14.229869 0.732233
v -9.079701 -14.567033 1.250000
v -9.211810 -14.778982 1.852952
v -6.890868 -14.047990 0.085185
v -7.156405 -14.589324 0.334936
v -7.384427 -15.054177 0.732233
v -7.559394 -15.410872 1.250000
v -7.669382 -15.635100 1.852952
v -5.434302 -14.673052 0.085185
v -5.643710 -15.238472 0.334936
v -5.823534 -15.724009 0.732233
v -5.961517 -16.096575 1.250000
v -6.048257 -16.330779 1.852952
v -2.369398 -15.466611 0.085185
v -2.460701 -16.062610 0.334936
v -2.539106 -16.574407 0.732233
v -2.599267 -16.967122 1.250000
v -2.637087 -17.213993 1.852952
v -4.365067 -16.858884 1.852952
v -4.302467 -16.617105 1.250000
v -4.202883 -16.232492 0.732233
v -4.073104 -15.731253 0.334936
v -0.792510 -15.626965 0.085185
v -0.823049 -16.229143 0.334936
v -0.849273 -16.746246 0.732233
v -0.869396 -17.143032 1.250000
v -0.882046 -17.392463 1.852952
v 0.792510 -15.626965 0.085185
v 0.823049 -16.229143 0.334936
v 0.849273 -16.746246 0.732233
v 0.869396 -17.143032 1.250000
v 0.882046 -17.392463 1.852952
v 2.369398 -15.466611 0.085185
v 2.460701 -16.062610 0.334936
v 2.539106 -16.574407 0.732233
v 2.599267 -16.967122 1.250000
v 2.637087 -17.213993 1.852952
v 3.921972 -15.147549 0.085185
v 4.073104 -15.731253 0.334936
v 4.202883 -16.232492 0.732233
v 4.302467 -16.617105 1.250000
v 4.365067 -16.858884 1.852952
v 5.434302 -14.673052 0.085185
v 5.643710 -15.238472 0.334936
v 5.823534 -15.724009 0.732233
v 5.961517 -16.096575 1.250000
v 6.048257 -16.330779 1.852952
v 6.890868 -14.047990 0.085185
v 7.156405 -14.589324 0.334936
v 7.384427 -15.054177 0.732233
v 7.559394 -15.410872 1.250000
v 7.669382 -15.635100 1.852952
v 8.276725 -13.278777 0.085185
v 8.595665 -13.790469 0.334936
v 8.869545 -14.229869 0.732233
v 9.079701 -14.567033 1.250000
v 9.211810 -14.778982 1.852952
v 9.577651 -12.373306 0.085185
v 9.946722 -12.850106 0.334936
v 10.263650 -13.259543 0.732233
v 10.506838 -13.573716 1.250000
v 10.659712 -13.771213 1.852952
v 10.780298 -11.340867 0.085185
v 11.195712 -11.777883 0.334936
v 11.552437 -12.153157 0.732233
v 11.826161 -12.441114 1.250000
v 11.998231 -12.622132 1.852952
v 12.329819 -10.584803 0.334936
v 12.722679 -10.922062 0.732233
v 13.024131 -11.180850 1.250000
v 13.213632 -11.343531 1.852952
v 13.680943 -7.593543 0.085185
v 14.208133 -7.886157 0.334936
v 14.660840 -8.137430 0.732233
v 15.008215 -8.330239 1.250000
v 15.226584 -8.451444 1.852952
v 14.293443 -9.948530 1.852952
v 14.088457 -9.805855 1.250000
v 13.762370 -9.578892 0.732233
v 13.337406 -9.283108 0.334936
v 12.842525 -8.938661 0.085185
v 14.378977 -6.170505 0.085185
v 14.933064 -6.408283 0.334936
v 15.408870 -6.612467 0.732233
v 15.773969 -6.769143 1.250000
v 16.003480 -6.867634 1.852952
v 14.929462 -4.684149 0.085185
v 15.504763 -4.864651 0.334936
v 15.998785 -5.019651 0.732233
v 16.377861 -5.138587 1.250000
v 16.616158 -5.213353 1.852952
v 15.326752 -3.149728 0.085185
v 15.917362 -3.271101 0.334936
v 16.424530 -3.375327 0.732233
v 16.813694 -3.455302 1.250000
v 17.058332 -3.505576 1.852952
v 15.566768 -1.582986 0.085185
v 16.166627 -1.643985 0.334936
v 16.681737 -1.696367 0.732233
v 17.076995 -1.736561 1.250000
v 17.325465 -1.761828 1.852952
v 15.647048 0.000000 0.085185
v 16.250000 0.000000 0.334936
v 16.767767 0.000000 0.732233
v 17.165064 0.000000 1.250000
v 17.414815 0.000000 1.852952
v 15.566768 1.582986 0.085185
v 16.166627 1.643985 0.334936
v 16.681737 1.696367 0.732233
v 17.076995 1.736561 1.250000
v 17.325465 1.761828 1.852952
v 15.326752 3.149728 0.085185
v 15.917362 3.271101 0.334936
v 16.424530 3.375327 0.732233
v 16.813694 3.455302 1.250000
v 17.058332 3.505576 1.852952
v 14.929462 4.684149 0.085185
v 15.504763 4.864651 0.334936
v 15.998785 5.019651 0.732233
v 16.377861 5.138587 1.250000
v 16.616158 5.213353 1.852952
v 14.378977 6.170505 0.085185
v 14.933064 6.408283 0.334936
v 15.408870 6.612467 0.732233
v 15.773969 6.769143 1.250000
v 16.003480 6.867634 1.852952
v 13.680943 7.593543 0.085185
v 14.208133 7.886157 0.334936
v 14.660840 8.137430 0.732233
v 15.008215 8.330239 1.250000
v 15.226584 8.451444 1.852952
v 12.842525 8.938661 0.085185
v 13.337406 9.283108 0.334936
v 13.762370 9.578892 0.732233
v 14.088457 9.805855 1.250000
v 14.293443 9.948530 1.852952
v 10.780298 11.340867 0.085185
v 11.195712 11.777883 0.334936
v 11.552437 12.153157 0.732233
v 11.826161 12.441114 1.250000
v 11.998231 12.622132 1.852952
v 13.213632 11.343531 1.852952
v 13.024131 11.180850 1.250000
v 12.722679 10.922062 0.732233
v 12.329819 10.584803 0.334936
v 9.577651 12.373306 0.085185
v 9.946722 12.850106 0.334936
v 10.263650 13.259543 0.732233
v 10.506838 13.573716 1.250000
v 10.659712 13.771213 1.852952
v 8.276725 13.278777 0.085185
v 8.595665 13.790469 0.334936
v 8.869545 14.229869 0.732233
v 9.079701 14.567033 1.250000
v 9.211810 14.778982 1.852952
v 6.890868 14.047990 0.085185
v 7.156405 14.589324 0.334936
v 7.384427 15.054177 0.732233
v 7.559394 15.410872 1.250000
v 7.669382 15.635100 1.852952
v 5.434302 14.673052 0.085185
v 5.643710 15.238472 0.334936
v 5.823534 15.724009 0.732233
v 5.961517 16.096575 1.250000
v 6.048257 16.330779 1.852952
v 3.921972 15.147549 0.085185
v 4.073104 15.731253 0.334936
v 4.202883 16.232492 0.732233
v 4.302467 16.617105 1.250000
v 4.365067 16.858884 1.852952
v 2.369398 15.466611 0.085185
v 2.460701 16.062610 0.334936
v 2.539106 16.574407 0.732233
v 2.599267 16.967122 1.250000
v 2.637087 17.213993 1.852952
v 0.792510 15.626965 0.085185
v 0.823049 16.229143 0.334936
v 0.849273 16.746246 0.732233
v 0.869396 17.143032 1.250000
v 0.882046 17.392463 1.852952
v -0.792510 15.626965 0.085185
v -0.823049 16.229143 0.334936
v -0.849273 16.746246 0.732233
v -0.869396 17.143032 1.250000
v -0.882046 17.392463 1.852952
v -2.369398 15.466611 0.085185
v -2.460701 16.062610 0.334936
v -2.539106 16.574407 0.732233
v -2.599267 16.967122 1.250000
v -2.637087 17.213993 1.852952
v -4.073104 15.731253 0.334936
v -4.202883 16.232492 0.732233
v -4.302467 16.617105 1.250000
v -4.365067 16.858884 1.852952
v -6.890868 14.047990 0.085185
v -7.156405 14.589324 0.334936
v -7.384427 15.054177 0.732233
v -7.559394 15.410872 1.250000
v -7.669382 15.635100 1.852952
v -6.048257 16.330779 1.852952
v -5.961517 16.096575 1.250000
v -5.823534 15.724009 0.732233
v -5.643710 15.238472 0.334936
v -5.434302 14.673052 0.085185
v -8.276725 13.278777 0.085185
v -8.595665 13.790469 0.334936
v -8.869545 14.229869 0.732233
v -9.079701 14.567033 1.250000
v -9.211810 14.778982 1.852952
v -9.577651 12.373306 0.085185
v -9.946722 12.850106 0.334936
v -10.263650 13.259543 0.732233
v -10.506838 13.573716 1.250000
v -10.659712 13.771213 1.852952
v -10.780298 11.340867 0.085185
v -11.195712 11.777883 0.334936
v -11.552437 12.153157 0.732233
v -11.826161 12.441114 1.250000
v -11.998231 12.622132 1.852952
v -11.872324 10.192056 0.085185
v -12.329819 10.584803 0.334936
v -12.722679 10.922062 0.732233
v -13.024131 11.180850 1.250000
v -13.213632 11.343531 1.852952
v -12.842525 8.938661 0.085185
v -13.337406 9.283108 0.334936
v -13.762370 9.578892 0.732233
v -14.088457 9.805855 1.250000
v -14.293443 9.948530 1.852952
v -13.680943 7.593543 0.085185
v -14.208133 7.886157 0.334936
v -14.660840 8.137430 0.732233
v -15.008215 8.330239 1.250000
v -15.226584 8.451444 1.852952
v -14.378977 6.170505 0.085185
v -14.933064 6.408283 0.334936
v -15.408870 6.612467 0.732233
v -15.773969 6.769143 1.250000
v -16.003480 6.867634 1.852952
v -14.929462 4.684149 0.085185
v -15.504763 4.864651 0.334936
v -15.998785 5.019651 0.732233
v -16.377861 5.138587 1.250000
v -16.616158 5.213353 1.852952
v -15.326752 3.149728 0.085185
v -15.917362 3.271101 0.334936
v -16.424530 3.375327 0.732233
v -16.813694 3.455302 1.250000
v -17.058332 3.505576 1.852952
v -15.566768 1.582986 0.085185
v -16.166627 1.643985 0.334936
v -16.681737 1.696367 0.732233
v -17.076995 1.736561 1.250000
v -17.325465 1.761828 1.852952
v -17.500000 -0.000000 117.500000
v -17.410213 1.770446 117.500000
v -17.141774 3.522724 117.500000
v -16.697437 5.238855 117.500000
v -16.081762 6.901227 117.500000
v -15.301066 8.492784 117.500000
v -14.363360 9.997194 117.500000
v -13.278267 11.399018 117.500000
v -12.056921 12.683874 117.500000
v -10.711855 13.838575 117.500000
v -9.256870 14.851275 117.500000
v -7.706898 15.711579 117.500000
v -6.077842 16.410662 117.500000
v -4.386419 16.941350 117.500000
v -2.649986 17.298196 117.500000
v -0.886360 17.477539 117.500000
v 0.886360 17.477539 117.500000
v 2.649986 17.298196 117.500000
v 4.386419 16.941350 117.500000
v 6.077842 16.410662 117.500000
v 7.706898 15.711579 117.500000
v 9.256870 14.851275 117.500000
v 10.711855 13.838575 117.500000
v 12.056921 12.683874 117.500000
v 13.278267 11.399018 117.500000
v 14.363360 9.997194 117.500000
v 15.301066 8.492784 117.500000
v 16.081762 6.901227 117.500000
v 16.697437 5.238855 117.500000
v 17.141774 3.522724 117.500000
v 17.410213 1.770446 117.500000
v 17.500000 0.000000 117.500000
v 17.410213 -1.770446 117.500000
v 17.141774 -3.522724 117.500000
v 16.697437 -5.238855 117.500000
v 16.081762 -6.901227 117.500000
v 15.301066 -8.492784 117.500000
v 14.363360 -9.997194 117.500000
v 13.278267 -11.399018 117.500000
v 12.056921 -12.683874 117.500000
v 10.711855 -13.838575 117.500000
v 9.256870 -14.851275 117.500000
v 7.706898 -15.711579 117.500000
v 6.077842 -16.410662 117.500000
v 4.386419 -16.941350 117.500000
v 2.649986 -17.298196 117.500000
v 0.886360 -17.477539 117.500000
v -0.886360 -17.477539 117.500000
v -2.649986 -17.298196 117.500000
v -4.386419 -16.941350 117.500000
v -6.077842 -16.410662 117.500000
v -7.706898 -15.711579 117.500000
v -9.256870 -14.851275 117.500000
v -10.711855 -13.838575 117.500000
v -12.056921 -12.683874 117.500000
v -13.278267 -11.399018 117.500000
v -14.363360 -9.997194 117.500000
v -15.301066 -8.492784 117.500000
v -16.081762 -6.901227 117.500000
v -16.697437 -5.238855 117.500000
v -17.141774 -3.522724 117.500000
v -17.410213 -1.770446 117.500000
v -17.500000 -0.000000 79.166667
v -17.500000 -0.000000 40.833333
v -17.410213 1.770446 79.166667
v -17.410213 1.770446 40.833333
v -17.141774 3.522724 79.166667
v -17.141774 3.522724 40.833333
v -16.697437 5.238855 79.166667
v -16.697437 5.238855 40.833333
v -16.081762 6.901227 79.166667
v -16.081762 6.901227 40.833333
v -15.301066 8.492784 79.166667
v -15.301066 8.492784 40.833333
v -14.363360 9.997194 79.166667
v -14.363360 9.997194 40.833333
v -13.278267 11.399018 79.166667
v -13.278267 11.399018 40.833333
v -12.056921 12.683874 79.166667
v -12.056921 12.683874 40.833333
v -10.711855 13.838575 79.166667
v -10.711855 13.838575 40.833333
v -9.256870 14.851275 79.166667
v -9.256870 14.851275 40.833333
v -7.706898 15.711579 79.166667
v -7.706898 15.711579 40.833333
v -6.077842 16.410662 79.166667
v -6.077842 16.410662 40.833333
v -4.386419 16.941350 79.166667
v -4.386419 16.941350 40.833333
v -2.649986 17.298196 79.166667
v -2.649986 17.298196 40.833333
v -0.886360 17.477539 79.166667
v -0.886360 17.477539 40.833333
v 0.886360 17.477539 79.166667
v 0.886360 17.477539 40.833333
v 2.649986 17.298196 79.166667
v 2.649986 17.298196 40.833333
v 4.386419 16.941350 79.166667
v 4.386419 16.941350 40.833333
v 6.077842 16.410662 79.166667
v 6.077842 16.410662 40.833333
v 7.706898 15.711579 79.166667
v 7.706898 15.711579 40.833333
v 9.256870 14.851275 79.166667
v 9.256870 14.851275 40.833333
v 10.711855 13.838575 79.166667
v 10.711855 13.838575 40.833333
v 12.056921 12.683874 79.166667
v 12.056921 12.683874 40.833333
v 13.278267 11.399018 79.166667
v 13.278267 11.399018 40.833333
v 14.363360 9.997194 79.166667
v 14.363360 9.997194 40.833333
v 15.301066 8.492784 79.166667
v 15.301066 8.492784 40.833333
v 16.081762 6.901227 79.166667
v 16.081762 6.901227 40.833333
v 16.697437 5.238855 79.166667
v 16.697437 5.238855 40.833333
v 17.141774 3.522724 79.166667
v 17.141774 3.522724 40.833333
v 17.410213 1.770446 79.166667
v 17.410213 1.770446 40.833333
v 17.500000 0.000000 79.166667
v 17.500000 0.000000 40.833333
v 17.410213 -1.770446 79.166667
v 17.410213 -1.770446 40.833333
v 17.141774 -3.522724 79.166667
v 17.141774 -3.522724 40.833333
v 16.697437 -5.238855 79.166667
v 16.697437 -5.238855 40.833333
v 16.081762 -6.901227 79.166667
v 16.081762 -6.901227 40.833333
v 15.301066 -8.492784 79.166667
v 15.301066 -8.492784 40.833333
v 14.363360 -9.997194 79.166667
v 14.363360 -9.997194 40.833333
v 13.278267 -11.399018 79.166667
v 13.278267 -11.399018 40.833333
v 12.056921 -12.683874 79.166667
v 12.056921 -12.683874 40.833333
v 10.711855 -13.838575 79.166667
v 10.711855 -13.838575 40.833333
v 9.256870 -14.851275 79.166667
v 9.256870 -14.851275 40.833333
v 7.706898 -15.711579 79.166667
v 7.706898 -15.711579 40.833333
v 6.077842 -16.410662 79.166667
v 6.077842 -16.410662 40.833333
v 4.386419 -16.941350 79.166667
v 4.386419 -16.941350 40.833333
v 2.649986 -17.298196 79.166667
v 2.649986 -17.298196 40.833333
v 0.886360 -17.477539 79.166667
v 0.886360 -17.477539 40.833333
v -0.886360 -17.477539 79.166667
v -0.886360 -17.477539 40.833333
v -2.649986 -17.298196 79.166667
v -2.649986 -17.298196 40.833333
v -4.386419 -16.941350 79.166667
v -4.386419 -16.941350 40.833333
v -6.077842 -16.410662 79.166667
v -6.077842 -16.410662 40.833333
v -7.706898 -15.711579 79.166667
v -7.706898 -15.711579 40.833333
v -9.256870 -14.851275 79.166667
v -9.256870 -14.851275 40.833333
v -10.711855 -13.838575 79.166667
v -10.711855 -13.838575 40.833333
v -12.056921 -12.683874 79.166667
v -12.056921 -12.683874 40.833333
v -13.278267 -11.399018 79.166667
v -13.278267 -11.399018 40.833333
v -14.363360 -9.997194 79.166667
v -14.363360 -9.997194 40.833333
v -15.301066 -8.492784 79.166667
v -15.301066 -8.492784 40.833333
v -16.081762 -6.901227 79.166667
v -16.081762 -6.901227 40.833333
v -16.697437 -5.238855 79.166667
v -16.697437 -5.238855 40.833333
v -17.141774 -3.522724 79.166667
v -17.141774 -3.522724 40.833333
v -17.410213 -1.770446 79.166667
v -17.410213 -1.770446 40.833333
v -15.000000 0.000000 120.000000
v -14.908960 1.650123 120.000000
v -14.636946 3.280216 120.000000
v -14.187259 4.870492 120.000000
v -13.565357 6.401647 120.000000
v -12.778791 7.855094 120.000000
v -11.837108 9.213191 120.000000
v -10.751738 10.459452 120.000000
v -9.535856 11.578750 120.000000
v -8.204222 12.557497 120.000000
v -6.773000 13.383814 120.000000
v -5.259563 14.047669 120.000000
v -3.682282 14.541004 120.000000
v -2.060303 14.857831 120.000000
v -0.413315 14.994305 120.000000
v 1.238690 14.948767 120.000000
v 2.875659 14.721772 120.000000
v 4.477722 14.316075 120.000000
v 6.025431 13.736600 120.000000
v 7.500000 12.990381 120.000000
v 8.883529 12.086477 120.000000
v 10.159224 11.035859 120.000000
v 11.311599 9.851280 120.000000
v 12.326667 8.547121 120.000000
v 13.192106 7.139211 120.000000
v 13.897411 5.644641 120.000000
v 14.434020 4.081552 120.000000
v 14.795420 2.468919 120.000000
v 14.977223 0.826316 120.000000
v 14.977223 -0.826316 120.000000
v 14.795420 -2.468919 120.000000
v 14.434020 -4.081552 120.000000
v 13.897411 -5.644641 120.000000
v 13.192106 -7.139211 120.000000
v 12.326667 -8.547121 120.000000
v 11.311599 -9.851280 120.000000
v 10.159224 -11.035859 120.000000
v 8.883529 -12.086477 120.000000
v 7.500000 -12.990381 120.000000
v 6.025431 -13.736600 120.000000
v 4.477722 -14.316075 120.000000
v 2.875659 -14.721772 120.000000
v 1.238690 -14.948767 120.000000
v -0.413315 -14.994305 120.000000
v -2.060303 -14.857831 120.000000
v -3.682282 -14.541004 120.000000
v -5.259563 -14.047669 120.000000
v -6.773000 -13.383814 120.000000
v -8.204222 -12.557497 120.000000
v -9.535856 -11.578750 120.000000
v -10.751738 -10.459452 120.000000
v -11.837108 -9.213191 120.000000
v -12.778791 -7.855094 120.000000
v -13.565357 -6.401647 120.000000
v -14.187259 -4.870492 120.000000
v -14.636946 -3.280216 120.000000
v -14.908960 -1.650123 120.000000
v -17.414815 0.000000 118.147048
v -17.165064 0.000000 118.750000
v -16.767767 0.000000 119.267767
v -16.250000 0.000000 119.665064
v -15.647048 0.000000 119.914815
v -3.921972 -15.147549 119.914815
v 11.872324 -10.192056 119.914815
v 11.872324 10.192056 119.914815
v -3.921972 15.147549 119.914815
v -17.325465 -1.761828 118.147048
v -17.076995 -1.736561 118.750000
v -16.681737 -1.696367 119.267767
v -16.166627 -1.643985 119.665064
v -15.566768 -1.582986 119.914815
v -17.058332 -3.505576 118.147048
v -16.813694 -3.455302 118.750000
v -16.424530 -3.375327 119.267767
v -15.917362 -3.271101 119.665064
v -15.326752 -3.149728 119.914815
v -16.616158 -5.213353 118.147048
v -16.377861 -5.138587 118.750000
v -15.998785 -5.019651 119.267767
v -15.504763 -4.864651 119.665064
v -14.929462 -4.684149 119.914815
v -16.003480 -6.867634 118.147048
v -15.773969 -6.769143 118.750000
v -15.408870 -6.612467 119.267767
v -14.933064 -6.408283 119.665064
v -14.378977 -6.170505 119.914815
v -15.226584 -8.451444 118.147048
v -15.008215 -8.330239 118.750000
v -14.660840 -8.137430 119.267767
v -14.208133 -7.886157 119.665064
v -13.680943 -7.593543 119.914815
v -14.293443 -9.948530 118.147048
v -14.088457 -9.805855 118.750000
v -13.762370 -9.578892 119.267767
v -13.337406 -9.283108 119.665064
v -12.842525 -8.938661 119.914815
v -13.213632 -11.343531 118.147048
v -13.024131 -11.180850 118.750000
v -12.722679 -10.922062 119.267767
v -12.329819 -10.584803 119.665064
v -11.872324 -10.192056 119.914815
v -11.998231 -12.622132 118.147048
v -11.826161 -12.441114 118.750000
v -11.552437 -12.153157 119.267767
v -11.195712 -11.777883 119.665064
v -10.780298 -11.340867 119.914815
v -10.659712 -13.771213 118.147048
v -10.506838 -13.573716 118.750000
v -10.263650 -13.259543 119.267767
v -9.946722 -12.850106 119.665064
v -9.577651 -12.373306 119.914815
v -9.211810 -14.778982 118.147048
v -9.079701 -14.567033 118.750000
v -8.869545 -14.229869 119.267767
v -8.595665 -13.790469 119.665064
v -8.276725 -13.278777 119.914815
v -7.669382 -15.635100 118.147048
v -7.559394 -15.410872 118.750000
v -7.384427 -15.054177 119.267767
v -7.156405 -14.589324 119.665064
v -6.890868 -14.047990 119.914815
v -6.048257 -16.330779 118.147048
v -5.961517 -16.096575 118.750000
v -5.823534 -15.724009 119.267767
v -5.643710 -15.238472 119.665064
v -5.434302 -14.673052 119.914815
v -4.365067 -16.858884 118.147048
v -4.302467 -16.617105 118.750000
v -4.202883 -16.232492 119.267767
v -4.073104 -15.731253 119.665064
v -2.637087 -17.213993 118.147048
v -2.599267 -16.967122 118.750000
v -2.539106 -16.574407 119.267767
v -2.460701 -16.062610 119.665064
v -2.369398 -15.466611 119.914815
v -0.882046 -17.392463 118.147048
v -0.869396 -17.143032 118.750000
v -0.849273 -16.746246 119.267767
v -0.823049 -16.229143 119.665064
v -0.792510 -15.626965 119.914815
v 0.882046 -17.392463 118.147048
v 0.869396 -17.143032 118.750000
v 0.849273 -16.746246 119.267767
v 0.823049 -16.229143 119.665064
v 0.792510 -15.626965 119.914815
v 2.637087 -17.213993 118.147048
v 2.599267 -16.967122 118.750000
v 2.539106 -16.574407 119.267767
v 2.460701 -16.062610 119.665064
v 2.369398 -15.466611 119.914815
v 4.365067 -16.858884 118.147048
v 4.302467 -16.617105 118.750000
v 4.202883 -16.232492 119.267767
v 4.073104 -15.731253 119.665064
v 3.921972 -15.147549 119.914815
v 6.048257 -16.330779 118.147048
v 5.961517 -16.096575 118.750000
v 5.823534 -15.724009 119.267767
v 5.643710 -15.238472 119.665064
v 5.434302 -14.673052 119.914815
v 7.669382 -15.635100 118.147048
v 7.559394 -15.410872 118.750000
v 7.384427 -15.054177 119.267767
v 7.156405 -14.589324 119.665064
v 6.890868 -14.047990 119.914815
v 9.211810 -14.778982 118.147048
v 9.079701 -14.567033 118.750000
v 8.869545 -14.229869 119.267767
v 8.595665 -13.790469 119.665064
v 8.276725 -13.278777 119.914815
v 10.659712 -13.771213 118.147048
v 10.506838 -13.573716 118.750000
v 10.263650 -13.259543 119.267767
v 9.946722 -12.850106 119.665064
v 9.577651 -12.373306 119.914815
v 11.998231 -12.622132 118.147048
v 11.826161 -12.441114 118.750000
v 11.552437 -12.153157 119.267767
v 11.195712 -11.777883 119.665064
v 10.780298 -11.340867 119.914815
v 13.213632 -11.343531 118.147048
v 13.024131 -11.180850 118.750000
v 12.722679 -10.922062 119.267767
v 12.329819 -10.584803 119.665064
v 14.293443 -9.948530 118.147048
v 14.088457 -9.805855 118.750000
v 13.762370 -9.578892 119.267767
v 13.337406 -9.283108 119.665064
v 12.842525 -8.938661 119.914815
v 15.226584 -8.451444 118.147048
v 15.008215 -8.330239 118.750000
v 14.660840 -8.137430 119.267767
v 14.208133 -7.886157 119.665064
v 13.680943 -7.593543 119.914815
v 16.003480 -6.867634 118.147048
v 15.773969 -6.769143 118.750000
v 15.408870 -6.612467 119.267767
v 14.933064 -6.408283 119.665064
v 14.378977 -6.170505 119.914815
v 16.616158 -5.213353 118.147048
v 16.377861 -5.138587 118.750000
v 15.998785 -5.019651 119.267767
v 15.504763 -4.864651 119.665064
v 14.929462 -4.684149 119.914815
v 17.058332 -3.505576 118.147048
v 16.813694 -3.455302 118.750000
v 16.424530 -3.375327 119.267767
v 15.917362 -3.271101 119.665064
v 15.326752 -3.149728 119.914815
v 17.325465 -1.761828 118.147048
v 17.076995 -1.736561 118.750000
v 16.681737 -1.696367 119.267767
v 16.166627 -1.643985 119.665064
v 15.566768 -1.582986 119.914815
v 17.414815 0.000000 118.147048
v 17.165064 0.000000 118.750000
v 16.767767 0.000000 119.267767
v 16.250000 0.000000 119.665064
v 15.647048 0.000000 119.914815
v 17.325465 1.761828 118.147048
v 17.076995 1.736561 118.750000
v 16.681737 1.696367 119.267767
v 16.166627 1.643985 119.665064
v 15.566768 1.582986 119.914815
v 17.058332 3.505576 118.147048
v 16.813694 3.455302 118.750000
v 16.424530 3.375327 119.267767
v 15.917362 3.271101 119.665064
v 15.326752 3.149728 119.914815
v 16.616158 5.213353 118.147048
v 16.377861 5.138587 118.750000
v 15.998785 5.019651 119.267767
v 15.504763 4.864651 119.665064
v 14.929462 4.684149 119.914815
v 16.003480 6.867634 118.147048
v 15.773969 6.769143 118.750000
v 15.408870 6.612467 119.267767
v 14.933064 6.408283 119.665064
v 14.378977 6.170505 119.914815
v 15.226584 8.451444 118.147048
v 15.008215 8.330239 118.750000
v 14.660840 8.137430 119.267767
v 14.208133 7.886157 119.665064
v 13.680943 7.593543 119.914815
v 14.293443 9.948530 118.147048
v 14.088457 9.805855 118.750000
v 13.762370 9.578892 119.267767
v 13.337406 9.283108 119.665064
v 12.842525 8.938661 119.914815
v 13.213632 11.343531 118.147048
v 13.024131 11.180850 118.750000
v 12.722679 10.922062 119.267767
v 12.329819 10.584803 119.665064
v 11.998231 12.622132 118.147048
v 11.826161 12.441114 118.750000
v 11.552437 12.153157 119.267767
v 11.195712 11.777883 119.665064
v 10.780298 11.340867 119.914815
v 10.659712 13.771213 118.147048
v 10.506838 13.573716 118.750000
v 10.263650 13.259543 119.267767
v 9.946722 12.850106 119.665064
v 9.577651 12.373306 119.914815
v 9.211810 14.778982 118.147048
v 9.079701 14.567033 118.750000
v 8.869545 14.229869 119.267767
v 8.595665 13.790469 119.665064
v 8.276725 13.278777 119.914815
v 7.669382 15.635100 118.147048
v 7.559394 15.410872 118.750000
v 7.384427 15.054177 119.267767
v 7.156405 14.589324 119.665064
v 6.890868 14.047990 119.914815
v 6.048257 16.330779 118.147048
v 5.961517 16.096575 118.750000
v 5.823534 15.724009 119.267767
v 5.643710 15.238472 119.665064
v 5.434302 14.673052 119.914815
v 4.365067 16.858884 118.147048
v 4.302467 16.617105 118.750000
v 4.202883 16.232492 119.267767
v 4.073104 15.731253 119.665064
v 3.921972 15.147549 119.914815
v 2.637087 17.213993 118.147048
v 2.599267 16.967122 118.750000
v 2.539106 16.574407 119.267767
v 2.460701 16.062610 119.665064
v 2.369398 15.466611 119.914815
v 0.882046 17.392463 118.147048
v 0.869396 17.143032 118.750000
v 0.849273 16.746246 119.267767
v 0.823049 16.229143 119.665064
v 0.792510 15.626965 119.914815
v -0.882046 17.392463 118.147048
v -0.869396 17.143032 118.750000
v -0.849273 16.746246 119.267767
v -0.823049 16.229143 119.665064
v -0.792510 15.626965 119.914815
v -2.637087 17.213993 118.147048
v -2.599267 16.967122 118.750000
v -2.539106 16.574407 119.267767
v -2.460701 16.062610 119.665064
v -2.369398 15.466611 119.914815
v -4.365067 16.858884 118.147048
v -4.302467 16.617105 118.750000
v -4.202883 16.232492 119.267767
v -4.073104 15.731253 119.665064
v -6.048257 16.330779 118.147048
v -5.961517 16.096575 118.750000
v -5.823534 15.724009 119.267767
v -5.643710 15.238472 119.665064
v -5.434302 14.673052 119.914815
v -7.669382 15.635100 118.147048
v -7.559394 15.410872 118.750000
v -7.384427 15.054177 119.267767
v -7.156405 14.589324 119.665064
v -6.890868 14.047990 119.914815
v -9.211810 14.778982 118.147048
v -9.079701 14.567033 118.750000
v -8.869545 14.229869 119.267767
v -8.595665 13.790469 119.665064
v -8.276725 13.278777 119.914815
v -10.659712 13.771213 118.147048
v -10.506838 13.573716 118.750000
v -10.263650 13.259543 119.267767
v -9.946722 12.850106 119.665064
v -9.577651 12.373306 119.914815
v -11.998231 12.622132 118.147048
v -11.826161 12.441114 118.750000
v -11.552437 12.153157 119.267767
v -11.195712 11.777883 119.665064
v -10.780298 11.340867 119.914815
v -13.213632 11.343531 118.147048
v -13.024131 11.180850 118.750000
v -12.722679 10.922062 119.267767
v -12.329819 10.584803 119.665064
v -11.872324 10.192056 119.914815
v -14.293443 9.948530 118.147048
v -14.088457 9.805855 118.750000
v -13.762370 9.578892 119.267767
v -13.337406 9.283108 119.665064
v -12.842525 8.938661 119.914815
v -15.226584 8.451444 118.147048
v -15.008215 8.330239 118.750000
v -14.660840 8.137430 119.267767
v -14.208133 7.886157 119.665064
v -13.680943 7.593543 119.914815
v -16.003480 6.867634 118.147048
v -15.773969 6.769143 118.750000
v -15.408870 6.612467 119.267767
v -14.933064 6.408283 119.665064
v -14.378977 6.170505 119.914815
v -16.616158 5.213353 118.147048
v -16.377861 5.138587 118.750000
v -15.998785 5.019651 119.267767
v -15.504763 4.864651 119.665064
v -14.929462 4.684149 119.914815
v -17.058332 3.505576 118.147048
v -16.813694 3.455302 118.750000
v -16.424530 3.375327 119.267767
v -15.917362 3.271101 119.665064
v -15.326752 3.149728 119.914815
v -17.325465 1.761828 118.147048
v -17.076995 1.736561 118.750000
v -16.681737 1.696367 119.267767
v -16.166627 1.643985 119.665064
v -15.566768 1.582986 119.914815
vt 1.500000 -2.701770 0.000000
vt -0.100000 -2.701770 0.000000
vt 1.500000 -2.827433 0.000000
vt -0.100000 -2.827433 0.000000
vt 1.500000 2.827433 0.000000
vt -0.100000 2.827433 0.000000
vt 1.500000 2.701770 0.000000
vt -0.100000 2.701770 0.000000
vt 1.500000 2.576106 0.000000
vt -0.100000 2.576106 0.000000
vt 1.500000 2.450442 0.000000
vt -0.100000 2.450442 0.000000
vt 1.500000 2.324779 0.000000
vt -0.100000 2.324779 0.000000
vt 1.500000 2.199115 0.000000
vt -0.100000 2.199115 0.000000
vt 1.500000 2.073451 0.000000
vt -0.100000 2.073451 0.000000
vt 1.500000 1.947787 0.000000
vt -0.100000 1.947787 0.000000
vt 1.500000 1.822124 0.000000
vt -0.100000 1.822124 0.000000
vt 1.500000 1.696460 0.000000
vt -0.100000 1.696460 0.000000
vt 1.500000 1.570796 0.000000
vt -0.100000 1.570796 0.000000
vt 1.500000 1.445133 0.000000
vt -0.100000 1.445133 0.000000
vt 1.500000 1.319469 0.000000
vt -0.100000 1.319469 0.000000
vt 1.500000 1.193805 0.000000
vt -0.100000 1.193805 0.000000
vt 1.500000 1.068142 0.000000
vt -0.100000 1.068142 0.000000
vt 1.500000 0.942478 0.000000
vt -0.100000 0.942478 0.000000
vt 1.500000 0.816814 0.000000
vt -0.100000 0.816814 0.000000
vt 1.500000 0.691150 0.000000
vt -0.100000 0.691150 0.000000
vt 1.500000 0.565487 0.000000
vt -0.100000 0.565487 0.000000
vt 1.500000 0.439823 0.000000
vt -0.100000 0.439823 0.000000
vt 1.500000 0.314159 0.000000
vt -0.100000 0.314159 0.000000
vt 1.500000 0.188496 0.000000
vt -0.100000 0.188496 0.000000
vt 1.500000 0.062832 0.000000
vt -0.100000 0.062832 0.000000
vt 1.500000 -0.062832 0.000000
vt -0.100000 -0.062832 0.000000
vt 1.500000 -0.188496 0.000000
vt -0.100000 -0.188496 0.000000
vt 1.500000 -0.314159 0.000000
vt -0.100000 -0.314159 0.000000
vt 1.500000 -0.439823 0.000000
vt -0.100000 -0.439823 0.000000
vt 1.500000 -0.565487 0.000000
vt -0.100000 -0.565487 0.000000
vt 1.500000 -0.691150 0.000000
vt -0.100000 -0.691150 0.000000
vt 1.500000 -0.816814 0.000000
vt -0.100000 -0.816814 0.000000
vt 1.500000 -0.942478 0.000000
vt -0.100000 -0.942478 0.000000
vt 1.500000 -1.068142 0.000000
vt -0.100000 -1.068142 0.000000
vt 1.500000 -1.193805 0.000000
vt -0.100000 -1.193805 0.000000
vt 1.500000 -1.319469 0.000000
vt -0.100000 -1.319469 0.000000
vt 1.500000 -1.445133 0.000000
vt -0.100000 -1.445133 0.000000
vt 1.500000 -1.570796 0.000000
vt -0.100000 -1.570796 0.000000
vt 1.500000 -1.696460 0.000000
vt -0.100000 -1.696460 0.000000
vt 1.500000 -1.822124 0.000000
vt -0.100000 -1.822124 0.000000
vt 1.500000 -1.947787 0.000000
vt -0.100000 -1.947787 0.000000
vt 1.500000 -2.073451 0.000000
vt -0.100000 -2.073451 0.000000
vt 1.500000 -2.199115 0.000000
vt -0.100000 -2.199115 0.000000
vt 1.500000 -2.324779 0.000000
vt -0.100000 -2.324779 0.000000
vt 1.500000 -2.450442 0.000000
vt -0.100000 -2.450442 0.000000
vt 1.500000 -2.576106 0.000000
vt -0.100000 -2.576106 0.000000
vt -0.235619 4.868566 0.000000
vt -0.196350 4.877418 0.000000
vt -0.235619 5.045605 0.000000
vt -0.196350 5.045605 0.000000
vt -0.235619 -5.045605 0.000000
vt -0.196350 -5.045605 0.000000
vt -0.196350 -4.877418 0.000000
vt -0.157080 -5.045605 0.000000
vt -0.157080 -4.877418 0.000000
vt -0.117810 -5.045605 0.000000
vt -0.117810 -4.877418 0.000000
vt -0.078540 -5.045605 0.000000
vt -0.078540 -4.877418 0.000000
vt -0.039270 -5.045605 0.000000
vt -0.039270 -4.877418 0.000000
vt 0.000000 -5.045605 0.000000
vt 0.000000 -4.877418 0.000000
vt -0.196350 4.709232 0.000000
vt -0.235619 4.691528 0.000000
vt -0.196350 4.541045 0.000000
vt -0.235619 4.514489 0.000000
vt -0.196350 4.372858 0.000000
vt -0.235619 4.337450 0.000000
vt -0.196350 4.204671 0.000000
vt -0.235619 4.160411 0.000000
vt -0.196350 4.036484 0.000000
vt -0.235619 3.983373 0.000000
vt -0.196350 3.868297 0.000000
vt -0.235619 3.806334 0.000000
vt -0.196350 3.700110 0.000000
vt -0.235619 3.629295 0.000000
vt -0.196350 3.531924 0.000000
vt -0.235619 3.452256 0.000000
vt -0.196350 3.363737 0.000000
vt -0.235619 3.275217 0.000000
vt -0.196350 3.195550 0.000000
vt -0.235619 3.098179 0.000000
vt -0.196350 3.027363 0.000000
vt -0.235619 2.921140 0.000000
vt -0.196350 2.859176 0.000000
vt -0.235619 2.744101 0.000000
vt -0.196350 2.690989 0.000000
vt -0.235619 2.567062 0.000000
vt -0.196350 2.522803 0.000000
vt -0.235619 2.390024 0.000000
vt -0.196350 2.354616 0.000000
vt -0.235619 2.212985 0.000000
vt -0.196350 2.186429 0.000000
vt -0.235619 2.035946 0.000000
vt -0.196350 2.018242 0.000000
vt -0.235619 1.858907 0.000000
vt -0.196350 1.850055 0.000000
vt -0.235619 1.681868 0.000000
vt -0.196350 1.681868 0.000000
vt -0.196350 1.513682 0.000000
vt -0.157080 1.513682 0.000000
vt -0.157080 1.345495 0.000000
vt -0.117810 1.345495 0.000000
vt -0.117810 1.177308 0.000000
vt -0.078540 1.177308 0.000000
vt -0.078540 1.009121 0.000000
vt -0.039270 1.009121 0.000000
vt -0.039270 0.840934 0.000000
vt 0.000000 0.840934 0.000000
vt 0.000000 0.672747 0.000000
vt -0.039270 0.672747 0.000000
vt 0.000000 0.504561 0.000000
vt -0.039270 0.504561 0.000000
vt 0.000000 0.336374 0.000000
vt -0.039270 0.336374 0.000000
vt 0.000000 0.168187 0.000000
vt -0.039270 0.168187 0.000000
vt 0.000000 0.000000 0.000000
vt -0.039270 0.000000 0.000000
vt 0.000000 -0.168187 0.000000
vt -0.039270 -0.168187 0.000000
vt 0.000000 -0.336374 0.000000
vt -0.039270 -0.336374 0.000000
vt 0.000000 -0.504561 0.000000
vt -0.039270 -0.504561 0.000000
vt 0.000000 -0.672747 0.000000
vt -0.039270 -0.672747 0.000000
vt 0.000000 -0.840934 0.000000
vt -0.039270 -0.840934 0.000000
vt 0.000000 -1.009121 0.000000
vt -0.039270 -1.009121 0.000000
vt 0.000000 -1.177308 0.000000
vt -0.039270 -1.177308 0.000000
vt 0.000000 -1.345495 0.000000
vt -0.039270 -1.345495 0.000000
vt 0.000000 -1.513682 0.000000
vt -0.039270 -1.513682 0.000000
vt 0.000000 -1.681868 0.000000
vt -0.039270 -1.681868 0.000000
vt 0.000000 -1.850055 0.000000
vt -0.039270 -1.850055 0.000000
vt 0.000000 -2.018242 0.000000
vt -0.039270 -2.018242 0.000000
vt 0.000000 -2.186429 0.000000
vt -0.039270 -2.186429 0.000000
vt 0.000000 -2.354616 0.000000
vt -0.039270 -2.354616 0.000000
vt 0.000000 -2.522803 0.000000
vt -0.039270 -2.522803 0.000000
vt 0.000000 -2.690989 0.000000
vt -0.039270 -2.690989 0.000000
vt 0.000000 -2.859176 0.000000
vt -0.039270 -2.859176 0.000000
vt 0.000000 -3.027363 0.000000
vt -0.039270 -3.027363 0.000000
vt 0.000000 -3.195550 0.000000
vt -0.039270 -3.195550 0.000000
vt 0.000000 -3.363737 0.000000
vt -0.039270 -3.363737 0.000000
vt 0.000000 -3.531924 0.000000
vt -0.039270 -3.531924 0.000000
vt 0.000000 -3.700110 0.000000
vt -0.039270 -3.700110 0.000000
vt 0.000000 -3.868297 0.000000
vt -0.039270 -3.868297 0.000000
vt 0.000000 -4.036484 0.000000
vt -0.039270 -4.036484 0.000000
vt 0.000000 -4.204671 0.000000
vt -0.039270 -4.204671 0.000000
vt 0.000000 -4.372858 0.000000
vt -0.039270 -4.372858 0.000000
vt 0.000000 -4.541045 0.000000
vt -0.039270 -4.541045 0.000000
vt 0.000000 -4.709232 0.000000
vt -0.039270 -4.709232 0.000000
vt -0.235619 1.504830 0.000000
vt -0.196350 1.345495 0.000000
vt -0.157080 1.177308 0.000000
vt -0.117810 1.009121 0.000000
vt -0.078540 0.840934 0.000000
vt -0.235619 1.327791 0.000000
vt -0.196350 1.177308 0.000000
vt -0.157080 1.009121 0.000000
vt -0.117810 0.840934 0.000000
vt -0.078540 0.672747 0.000000
vt -0.235619 1.150752 0.000000
vt -0.196350 1.009121 0.000000
vt -0.157080 0.840934 0.000000
vt -0.117810 0.672747 0.000000
vt -0.078540 0.504561 0.000000
vt -0.235619 0.973713 0.000000
vt -0.196350 0.840934 0.000000
vt -0.157080 0.672747 0.000000
vt -0.117810 0.504561 0.000000
vt -0.078540 0.336374 0.000000
vt -0.235619 0.796675 0.000000
vt -0.196350 0.672747 0.000000
vt -0.157080 0.504561 0.000000
vt -0.117810 0.336374 0.000000
vt -0.078540 0.168187 0.000000
vt -0.235619 0.619636 0.000000
vt -0.196350 0.504561 0.000000
vt -0.157080 0.336374 0.000000
vt -0.117810 0.168187 0.000000
vt -0.078540 0.000000 0.000000
vt -0.235619 0.442597 0.000000
vt -0.196350 0.336374 0.000000
vt -0.157080 0.168187 0.000000
vt -0.117810 0.000000 0.000000
vt -0.078540 -0.168187 0.000000
vt -0.235619 0.265558 0.000000
vt -0.196350 0.168187 0.000000
vt -0.157080 0.000000 0.000000
vt -0.117810 -0.168187 0.000000
vt -0.078540 -0.336374 0.000000
vt -0.235619 0.088519 0.000000
vt -0.196350 0.000000 0.000000
vt -0.157080 -0.168187 0.000000
vt -0.117810 -0.336374 0.000000
vt -0.078540 -0.504561 0.000000
vt -0.235619 -0.088519 0.000000
vt -0.196350 -0.168187 0.000000
vt -0.157080 -0.336374 0.000000
vt -0.117810 -0.504561 0.000000
vt -0.078540 -0.672747 0.000000
vt -0.235619 -0.265558 0.000000
vt -0.196350 -0.336374 0.000000
vt -0.157080 -0.504561 0.000000
vt -0.117810 -0.672747 0.000000
vt -0.078540 -0.840934 0.000000
vt -0.235619 -0.442597 0.000000
vt -0.196350 -0.504561 0.000000
vt -0.157080 -0.672747 0.000000
vt -0.117810 -0.840934 0.000000
vt -0.078540 -1.009121 0.000000
vt -0.235619 -0.619636 0.000000
vt -0.196350 -0.672747 0.000000
vt -0.157080 -0.840934 0.000000
vt -0.117810 -1.009121 0.000000
vt -0.078540 -1.177308 0.000000
vt -0.235619 -0.796675 0.000000
vt -0.196350 -0.840934 0.000000
vt -0.157080 -1.009121 0.000000
vt -0.117810 -1.177308 0.000000
vt -0.078540 -1.345495 0.000000
vt -0.235619 -0.973713 0.000000
vt -0.196350 -1.009121 0.000000
vt -0.157080 -1.177308 0.000000
vt -0.117810 -1.345495 0.000000
vt -0.078540 -1.513682 0.000000
vt -0.235619 -1.150752 0.000000
vt -0.196350 -1.177308 0.000000
vt -0.157080 -1.345495 0.000000
vt -0.117810 -1.513682 0.000000
vt -0.078540 -1.681868 0.000000
vt -0.235619 -1.327791 0.000000
vt -0.196350 -1.345495 0.000000
vt -0.157080 -1.513682 0.000000
vt -0.117810 -1.681868 0.000000
vt -0.078540 -1.850055 0.000000
vt -0.235619 -1.504830 0.000000
vt -0.196350 -1.513682 0.000000
vt -0.157080 -1.681868 0.000000
vt -0.117810 -1.850055 0.000000
vt -0.078540 -2.018242 0.000000
vt -0.235619 -1.681868 0.000000
vt -0.196350 -1.681868 0.000000
vt -0.157080 -1.850055 0.000000
vt -0.117810 -2.018242 0.000000
vt -0.078540 -2.186429 0.000000
vt -0.196350 -1.850055 0.000000
vt -0.235619 -1.858907 0.000000
vt -0.196350 -2.018242 0.000000
vt -0.235619 -2.035946 0.000000
vt -0.196350 -2.186429 0.000000
vt -0.235619 -2.212985 0.000000
vt -0.196350 -2.354616 0.000000
vt -0.235619 -2.390024 0.000000
vt -0.196350 -2.522803 0.000000
vt -0.235619 -2.567062 0.000000
vt -0.196350 -2.690989 0.000000
vt -0.235619 -2.744101 0.000000
vt -0.196350 -2.859176 0.000000
vt -0.235619 -2.921140 0.000000
vt -0.196350 -3.027363 0.000000
vt -0.235619 -3.098179 0.000000
vt -0.196350 -3.195550 0.000000
vt -0.235619 -3.275217 0.000000
vt -0.196350 -3.363737 0.000000
vt -0.235619 -3.452256 0.000000
vt -0.196350 -3.531924 0.000000
vt -0.235619 -3.629295 0.000000
vt -0.196350 -3.700110 0.000000
vt -0.235619 -3.806334 0.000000
vt -0.196350 -3.868297 0.000000
vt -0.235619 -3.983373 0.000000
vt -0.196350 -4.036484 0.000000
vt -0.235619 -4.160411 0.000000
vt -0.196350 -4.204671 0.000000
vt -0.235619 -4.337450 0.000000
vt -0.196350 -4.372858 0.000000
vt -0.235619 -4.514489 0.000000
vt -0.196350 -4.541045 0.000000
vt -0.235619 -4.691528 0.000000
vt -0.196350 -4.709232 0.000000
vt -0.235619 -4.868566 0.000000
vt 0.000000 1.009121 0.000000
vt -0.039270 1.177308 0.000000
vt -0.078540 1.345495 0.000000
vt -0.117810 1.513682 0.000000
vt -0.157080 1.681868 0.000000
vt 0.000000 1.177308 0.000000
vt -0.039270 1.345495 0.000000
vt -0.078540 1.513682 0.000000
vt -0.117810 1.681868 0.000000
vt -0.157080 1.850055 0.000000
vt 0.000000 1.345495 0.000000
vt -0.039270 1.513682 0.000000
vt -0.078540 1.681868 0.000000
vt -0.117810 1.850055 0.000000
vt -0.157080 2.018242 0.000000
vt 0.000000 1.513682 0.000000
vt -0.039270 1.681868 0.000000
vt -0.078540 1.850055 0.000000
vt -0.117810 2.018242 0.000000
vt -0.157080 2.186429 0.000000
vt 0.000000 1.681868 0.000000
vt -0.039270 1.850055 0.000000
vt -0.078540 2.018242 0.000000
vt -0.117810 2.186429 0.000000
vt -0.157080 2.354616 0.000000
vt 0.000000 1.850055 0.000000
vt -0.039270 2.018242 0.000000
vt -0.078540 2.186429 0.000000
vt -0.117810 2.354616 0.000000
vt -0.157080 2.522803 0.000000
vt 0.000000 2.018242 0.000000
vt -0.039270 2.186429 0.000000
vt -0.078540 2.354616 0.000000
vt -0.117810 2.522803 0.000000
vt -0.157080 2.690989 0.000000
vt 0.000000 2.186429 0.000000
vt -0.039270 2.354616 0.000000
vt -0.078540 2.522803 0.000000
vt -0.117810 2.690989 0.000000
vt -0.157080 2.859176 0.000000
vt 0.000000 2.354616 0.000000
vt -0.039270 2.522803 0.000000
vt -0.078540 2.690989 0.000000
vt -0.117810 2.859176 0.000000
vt -0.157080 3.027363 0.000000
vt 0.000000 2.522803 0.000000
vt -0.039270 2.690989 0.000000
vt -0.078540 2.859176 0.000000
vt -0.117810 3.027363 0.000000
vt -0.157080 3.195550 0.000000
vt 0.000000 2.690989 0.000000
vt -0.039270 2.859176 0.000000
vt -0.078540 3.027363 0.000000
vt -0.117810 3.195550 0.000000
vt -0.157080 3.363737 0.000000
vt 0.000000 2.859176 0.000000
vt -0.039270 3.027363 0.000000
vt -0.078540 3.195550 0.000000
vt -0.117810 3.363737 0.000000
vt -0.157080 3.531924 0.000000
vt 0.000000 3.027363 0.000000
vt -0.039270 3.195550 0.000000
vt -0.078540 3.363737 0.000000
vt -0.117810 3.531924 0.000000
vt -0.157080 3.700110 0.000000
vt 0.000000 3.195550 0.000000
vt -0.039270 3.363737 0.000000
vt -0.078540 3.531924 0.000000
vt -0.117810 3.700110 0.000000
vt -0.157080 3.868297 0.000000
vt 0.000000 3.363737 0.000000
vt -0.039270 3.531924 0.000000
vt -0.078540 3.700110 0.000000
vt -0.117810 3.868297 0.000000
vt -0.157080 4.036484 0.000000
vt 0.000000 3.531924 0.000000
vt -0.039270 3.700110 0.000000
vt -0.078540 3.868297 0.000000
vt -0.117810 4.036484 0.000000
vt -0.157080 4.204671 0.000000
vt 0.000000 3.700110 0.000000
vt -0.039270 3.868297 0.000000
vt -0.078540 4.036484 0.000000
vt -0.117810 4.204671 0.000000
vt -0.157080 4.372858 0.000000
vt 0.000000 3.868297 0.000000
vt -0.039270 4.036484 0.000000
vt -0.078540 4.204671 0.000000
vt -0.117810 4.372858 0.000000
vt -0.157080 4.541045 0.000000
vt 0.000000 4.036484 0.000000
vt -0.039270 4.204671 0.000000
vt -0.078540 4.372858 0.000000
vt -0.117810 4.541045 0.000000
vt -0.157080 4.709232 0.000000
vt 0.000000 4.204671 0.000000
vt -0.039270 4.372858 0.000000
vt -0.078540 4.541045 0.000000
vt -0.117810 4.709232 0.000000
vt -0.157080 4.877418 0.000000
vt 0.000000 4.372858 0.000000
vt -0.039270 4.541045 0.000000
vt -0.078540 4.709232 0.000000
vt -0.117810 4.877418 0.000000
vt -0.157080 5.045605 0.000000
vt 0.000000 4.541045 0.000000
vt -0.039270 4.709232 0.000000
vt -0.078540 4.877418 0.000000
vt -0.117810 5.045605 0.000000
vt 0.000000 4.709232 0.000000
vt -0.039270 4.877418 0.000000
vt -0.078540 5.045605 0.000000
vt 0.000000 4.877418 0.000000
vt -0.039270 5.045605 0.000000
vt 0.000000 5.045605 0.000000
vt -0.157080 -2.018242 0.000000
vt -0.117810 -2.186429 0.000000
vt -0.078540 -2.354616 0.000000
vt -0.157080 -2.186429 0.000000
vt -0.117810 -2.354616 0.000000
vt -0.078540 -2.522803 0.000000
vt -0.157080 -2.354616 0.000000
vt -0.117810 -2.522803 0.000000
vt -0.078540 -2.690989 0.000000
vt -0.157080 -2.522803 0.000000
vt -0.117810 -2.690989 0.000000
vt -0.078540 -2.859176 0.000000
vt -0.157080 -2.690989 0.000000
vt -0.117810 -2.859176 0.000000
vt -0.078540 -3.027363 0.000000
vt -0.157080 -2.859176 0.000000
vt -0.117810 -3.027363 0.000000
vt -0.078540 -3.195550 0.000000
vt -0.157080 -3.027363 0.000000
vt -0.117810 -3.195550 0.000000
vt -0.078540 -3.363737 0.000000
vt -0.157080 -3.195550 0.000000
vt -0.117810 -3.363737 0.000000
vt -0.078540 -3.531924 0.000000
vt -0.157080 -3.363737 0.000000
vt -0.117810 -3.531924 0.000000
vt -0.078540 -3.700110 0.000000
vt -0.157080 -3.531924 0.000000
vt -0.117810 -3.700110 0.000000
vt -0.078540 -3.868297 0.000000
vt -0.157080 -3.700110 0.000000
vt -0.117810 -3.868297 0.000000
vt -0.078540 -4.036484 0.000000
vt -0.157080 -3.868297 0.000000
vt -0.117810 -4.036484 0.000000
vt -0.078540 -4.204671 0.000000
vt -0.157080 -4.036484 0.000000
vt -0.117810 -4.204671 0.000000
vt -0.078540 -4.372858 0.000000
vt -0.157080 -4.204671 0.000000
vt -0.117810 -4.372858 0.000000
vt -0.078540 -4.541045 0.000000
vt -0.157080 -4.372858 0.000000
vt -0.117810 -4.541045 0.000000
vt -0.078540 -4.709232 0.000000
vt -0.157080 -4.541045 0.000000
vt -0.117810 -4.709232 0.000000
vt -0.157080 -4.709232 0.000000
vt 11.750000 -5.010840 0.000000
vt 7.916667 -5.010840 0.000000
vt 11.750000 -5.183628 0.000000
vt 7.916667 -5.183628 0.000000
vt 11.750000 5.183628 0.000000
vt 7.916667 5.183628 0.000000
vt 11.750000 5.010840 0.000000
vt 7.916667 5.010840 0.000000
vt 11.750000 4.838053 0.000000
vt 7.916667 4.838053 0.000000
vt 11.750000 4.665265 0.000000
vt 7.916667 4.665265 0.000000
vt 11.750000 4.492477 0.000000
vt 7.916667 4.492477 0.000000
vt 11.750000 4.319690 0.000000
vt 7.916667 4.319690 0.000000
vt 11.750000 4.146902 0.000000
vt 7.916667 4.146902 0.000000
vt 11.750000 3.974115 0.000000
vt 7.916667 3.974115 0.000000
vt 11.750000 3.801327 0.000000
vt 7.916667 3.801327 0.000000
vt 11.750000 3.628540 0.000000
vt 7.916667 3.628540 0.000000
vt 11.750000 3.455752 0.000000
vt 7.916667 3.455752 0.000000
vt 11.750000 3.282964 0.000000
vt 7.916667 3.282964 0.000000
vt 11.750000 3.110177 0.000000
vt 7.916667 3.110177 0.000000
vt 11.750000 2.937389 0.000000
vt 7.916667 2.937389 0.000000
vt 11.750000 2.764602 0.000000
vt 7.916667 2.764602 0.000000
vt 11.750000 2.591814 0.000000
vt 7.916667 2.591814 0.000000
vt 11.750000 2.419026 0.000000
vt 7.916667 2.419026 0.000000
vt 11.750000 2.246239 0.000000
vt 7.916667 2.246239 0.000000
vt 11.750000 2.073451 0.000000
vt 7.916667 2.073451 0.000000
vt 11.750000 1.900664 0.000000
vt 7.916667 1.900664 0.000000
vt 11.750000 1.727876 0.000000
vt 7.916667 1.727876 0.000000
vt 11.750000 1.555088 0.000000
vt 7.916667 1.555088 0.000000
vt 11.750000 1.382301 0.000000
vt 7.916667 1.382301 0.000000
vt 11.750000 1.209513 0.000000
vt 7.916667 1.209513 0.000000
vt 11.750000 1.036726 0.000000
vt 7.916667 1.036726 0.000000
vt 11.750000 0.863938 0.000000
vt 7.916667 0.863938 0.000000
vt 11.750000 0.691150 0.000000
vt 7.916667 0.691150 0.000000
vt 11.750000 0.518363 0.000000
vt 7.916667 0.518363 0.000000
vt 11.750000 0.345575 0.000000
vt 7.916667 0.345575 0.000000
vt 11.750000 0.172788 0.000000
vt 7.916667 0.172788 0.000000
vt 11.750000 0.000000 0.000000
vt 7.916667 0.000000 0.000000
vt 11.750000 -0.172788 0.000000
vt 7.916667 -0.172788 0.000000
vt 11.750000 -0.345575 0.000000
vt 7.916667 -0.345575 0.000000
vt 11.750000 -0.518363 0.000000
vt 7.916667 -0.518363 0.000000
vt 11.750000 -0.691150 0.000000
vt 7.916667 -0.691150 0.000000
vt 11.750000 -0.863938 0.000000
vt 7.916667 -0.863938 0.000000
vt 11.750000 -1.036726 0.000000
vt 7.916667 -1.036726 0.000000
vt 11.750000 -1.209513 0.000000
vt 7.916667 -1.209513 0.000000
vt 11.750000 -1.382301 0.000000
vt 7.916667 -1.382301 0.000000
vt 11.750000 -1.555088 0.000000
vt 7.916667 -1.555088 0.000000
vt 11.750000 -1.727876 0.000000
vt 7.916667 -1.727876 0.000000
vt 11.750000 -1.900664 0.000000
vt 7.916667 -1.900664 0.000000
vt 11.750000 -2.073451 0.000000
vt 7.916667 -2.073451 0.000000
vt 11.750000 -2.246239 0.000000
vt 7.916667 -2.246239 0.000000
vt 11.750000 -2.419026 0.000000
vt 7.916667 -2.419026 0.000000
vt 11.750000 -2.591814 0.000000
vt 7.916667 -2.591814 0.000000
vt 11.750000 -2.764602 0.000000
vt 7.916667 -2.764602 0.000000
vt 11.750000 -2.937389 0.000000
vt 7.916667 -2.937389 0.000000
vt 11.750000 -3.110177 0.000000
vt 7.916667 -3.110177 0.000000
vt 11.750000 -3.282964 0.000000
vt 7.916667 -3.282964 0.000000
vt 11.750000 -3.455752 0.000000
vt 7.916667 -3.455752 0.000000
vt 11.750000 -3.628540 0.000000
vt 7.916667 -3.628540 0.000000
vt 11.750000 -3.801327 0.000000
vt 7.916667 -3.801327 0.000000
vt 11.750000 -3.974115 0.000000
vt 7.916667 -3.974115 0.000000
vt 11.750000 -4.146902 0.000000
vt 7.916667 -4.146902 0.000000
vt 11.750000 -4.319690 0.000000
vt 7.916667 -4.319690 0.000000
vt 11.750000 -4.492477 0.000000
vt 7.916667 -4.492477 0.000000
vt 11.750000 -4.665265 0.000000
vt 7.916667 -4.665265 0.000000
vt 11.750000 -4.838053 0.000000
vt 7.916667 -4.838053 0.000000
vt 0.250000 5.010840 0.000000
vt 4.083333 5.010840 0.000000
vt 0.250000 5.183628 0.000000
vt 4.083333 5.183628 0.000000
vt 0.250000 -5.183628 0.000000
vt 4.083333 -5.183628 0.000000
vt 0.250000 -5.010840 0.000000
vt 4.083333 -5.010840 0.000000
vt 0.250000 -4.838053 0.000000
vt 4.083333 -4.838053 0.000000
vt 0.250000 -4.665265 0.000000
vt 4.083333 -4.665265 0.000000
vt 0.250000 -4.492477 0.000000
vt 4.083333 -4.492477 0.000000
vt 0.250000 -4.319690 0.000000
vt 4.083333 -4.319690 0.000000
vt 0.250000 -4.146902 0.000000
vt 4.083333 -4.146902 0.000000
vt 0.250000 -3.974115 0.000000
vt 4.083333 -3.974115 0.000000
vt 0.250000 -3.801327 0.000000
vt 4.083333 -3.801327 0.000000
vt 0.250000 -3.628540 0.000000
vt 4.083333 -3.628540 0.000000
vt 0.250000 -3.455752 0.000000
vt 4.083333 -3.455752 0.000000
vt 0.250000 -3.282964 0.000000
vt 4.083333 -3.282964 0.000000
vt 0.250000 -3.110177 0.000000
vt 4.083333 -3.110177 0.000000
vt 0.250000 -2.937389 0.000000
vt 4.083333 -2.937389 0.000000
vt 0.250000 -2.764602 0.000000
vt 4.083333 -2.764602 0.000000
vt 0.250000 -2.591814 0.000000
vt 4.083333 -2.591814 0.000000
vt 0.250000 -2.419026 0.000000
vt 4.083333 -2.419026 0.000000
vt 0.250000 -2.246239 0.000000
vt 4.083333 -2.246239 0.000000
vt 0.250000 -2.073451 0.000000
vt 4.083333 -2.073451 0.000000
vt 0.250000 -1.900664 0.000000
vt 4.083333 -1.900664 0.000000
vt 0.250000 -1.727876 0.000000
vt 4.083333 -1.727876 0.000000
vt 0.250000 -1.555088 0.000000
vt 4.083333 -1.555088 0.000000
vt 0.250000 -1.382301 0.000000
vt 4.083333 -1.382301 0.000000
vt 0.250000 -1.209513 0.000000
vt 4.083333 -1.209513 0.000000
vt 0.250000 -1.036726 0.000000
vt 4.083333 -1.036726 0.000000
vt 0.250000 -0.863938 0.000000
vt 4.083333 -0.863938 0.000000
vt 0.250000 -0.691150 0.000000
vt 4.083333 -0.691150 0.000000
vt 0.250000 -0.518363 0.000000
vt 4.083333 -0.518363 0.000000
vt 0.250000 -0.345575 0.000000
vt 4.083333 -0.345575 0.000000
vt 0.250000 -0.172788 0.000000
vt 4.083333 -0.172788 0.000000
vt 0.250000 0.000000 0.000000
vt 4.083333 0.000000 0.000000
vt 0.250000 0.172788 0.000000
vt 4.083333 0.172788 0.000000
vt 0.250000 0.345575 0.000000
vt 4.083333 0.345575 0.000000
vt 0.250000 0.518363 0.000000
vt 4.083333 0.518363 0.000000
vt 0.250000 0.691150 0.000000
vt 4.083333 0.691150 0.000000
vt 0.250000 0.863938 0.000000
vt 4.083333 0.863938 0.000000
vt 0.250000 1.036726 0.000000
vt 4.083333 1.036726 0.000000
vt 0.250000 1.209513 0.000000
vt 4.083333 1.209513 0.000000
vt 0.250000 1.382301 0.000000
vt 4.083333 1.382301 0.000000
vt 0.250000 1.555088 0.000000
vt 4.083333 1.555088 0.000000
vt 0.250000 1.727876 0.000000
vt 4.083333 1.727876 0.000000
vt 0.250000 1.900664 0.000000
vt 4.083333 1.900664 0.000000
vt 0.250000 2.073451 0.000000
vt 4.083333 2.073451 0.000000
vt 0.250000 2.246239 0.000000
vt 4.083333 2.246239 0.000000
vt 0.250000 2.419026 0.000000
vt 4.083333 2.419026 0.000000
vt 0.250000 2.591814 0.000000
vt 4.083333 2.591814 0.000000
vt 0.250000 2.764602 0.000000
vt 4.083333 2.764602 0.000000
vt 0.250000 2.937389 0.000000
vt 4.083333 2.937389 0.000000
vt 0.250000 3.110177 0.000000
vt 4.083333 3.110177 0.000000
vt 0.250000 3.282964 0.000000
vt 4.083333 3.282964 0.000000
vt 0.250000 3.455752 0.000000
vt 4.083333 3.455752 0.000000
vt 0.250000 3.628540 0.000000
vt 4.083333 3.628540 0.000000
vt 0.250000 3.801327 0.000000
vt 4.083333 3.801327 0.000000
vt 0.250000 3.974115 0.000000
vt 4.083333 3.974115 0.000000
vt 0.250000 4.146902 0.000000
vt 4.083333 4.146902 0.000000
vt 0.250000 4.319690 0.000000
vt 4.083333 4.319690 0.000000
vt 0.250000 4.492477 0.000000
vt 4.083333 4.492477 0.000000
vt 0.250000 4.665265 0.000000
vt 4.083333 4.665265 0.000000
vt 0.250000 4.838053 0.000000
vt 4.083333 4.838053 0.000000
vt -1.490896 0.165012 0.000000
vt -1.500000 -0.000000 0.000000
vt 1.479542 -0.246892 0.000000
vt -1.490896 -0.165012 0.000000
vt -1.463695 -0.328022 0.000000
vt 1.443402 -0.408155 0.000000
vt -1.418726 -0.487049 0.000000
vt 1.389741 -0.564464 0.000000
vt -1.356536 -0.640165 0.000000
vt 1.319211 -0.713921 0.000000
vt -1.277879 -0.785509 0.000000
vt 1.232667 -0.854712 0.000000
vt -1.183711 -0.921319 0.000000
vt 1.131160 -0.985128 0.000000
vt -1.075174 -1.045945 0.000000
vt 1.015922 -1.103586 0.000000
vt -0.953586 -1.157875 0.000000
vt 0.888353 -1.208648 0.000000
vt -0.820422 -1.255750 0.000000
vt 0.750000 -1.299038 0.000000
vt -0.677300 -1.338381 0.000000
vt 0.602543 -1.373660 0.000000
vt -0.525956 -1.404767 0.000000
vt 0.447772 -1.431608 0.000000
vt -0.368228 -1.454100 0.000000
vt 0.287566 -1.472177 0.000000
vt -0.206030 -1.485783 0.000000
vt 0.123869 -1.494877 0.000000
vt -0.041332 -1.499430 0.000000
vt 1.497722 -0.082632 0.000000
vt 1.479542 0.246892 0.000000
vt 1.443402 0.408155 0.000000
vt 1.389741 0.564464 0.000000
vt 1.497722 0.082632 0.000000
vt 1.319211 0.713921 0.000000
vt 1.232667 0.854712 0.000000
vt 1.131160 0.985128 0.000000
vt 1.015922 1.103586 0.000000
vt 0.888353 1.208648 0.000000
vt 0.750000 1.299038 0.000000
vt 0.602543 1.373660 0.000000
vt 0.447772 1.431608 0.000000
vt 0.287566 1.472177 0.000000
vt 0.123869 1.494877 0.000000
vt -0.041332 1.499430 0.000000
vt -0.206030 1.485783 0.000000
vt -0.368228 1.454100 0.000000
vt -0.525956 1.404767 0.000000
vt -0.677300 1.338381 0.000000
vt -0.820422 1.255750 0.000000
vt -0.953586 1.157875 0.000000
vt -1.075174 1.045945 0.000000
vt -1.183711 0.921319 0.000000
vt -1.277879 0.785509 0.000000
vt -1.356536 0.640165 0.000000
vt -1.418726 0.487049 0.000000
vt -1.463695 0.328022 0.000000
vt 0.000000 4.877418 0.000000
vt 0.039270 4.877418 0.000000
vt 0.000000 5.045605 0.000000
vt 0.039270 5.045605 0.000000
vt 0.000000 -5.045605 0.000000
vt 0.039270 -5.045605 0.000000
vt 0.000000 -4.877418 0.000000
vt 0.039270 -4.877418 0.000000
vt 0.000000 -4.709232 0.000000
vt 0.039270 -4.709232 0.000000
vt 0.000000 -4.541045 0.000000
vt 0.039270 -4.541045 0.000000
vt 0.000000 -4.372858 0.000000
vt 0.039270 -4.372858 0.000000
vt 0.000000 -4.204671 0.000000
vt 0.039270 -4.204671 0.000000
vt 0.000000 -4.036484 0.000000
vt 0.039270 -4.036484 0.000000
vt 0.000000 -3.868297 0.000000
vt 0.039270 -3.868297 0.000000
vt 0.000000 -3.700110 0.000000
vt 0.039270 -3.700110 0.000000
vt 0.000000 -3.531924 0.000000
vt 0.039270 -3.531924 0.000000
vt 0.000000 -3.363737 0.000000
vt 0.039270 -3.363737 0.000000
vt 0.000000 -3.195550 0.000000
vt 0.039270 -3.195550 0.000000
vt 0.000000 -3.027363 0.000000
vt 0.039270 -3.027363 0.000000
vt 0.000000 -2.859176 0.000000
vt 0.039270 -2.859176 0.000000
vt 0.000000 -2.690989 0.000000
vt 0.039270 -2.690989 0.000000
vt 0.000000 -2.522803 0.000000
vt 0.039270 -2.522803 0.000000
vt 0.000000 -2.354616 0.000000
vt 0.039270 -2.354616 0.000000
vt 0.000000 -2.186429 0.000000
vt 0.039270 -2.186429 0.000000
vt 0.000000 -2.018242 0.000000
vt 0.039270 -2.018242 0.000000
vt 0.000000 -1.850055 0.000000
vt 0.039270 -1.850055 0.000000
vt 0.000000 -1.681868 0.000000
vt 0.039270 -1.681868 0.000000
vt 0.000000 -1.513682 0.000000
vt 0.039270 -1.513682 0.000000
vt 0.000000 -1.345495 0.000000
vt 0.039270 -1.345495 0.000000
vt 0.000000 -1.177308 0.000000
vt 0.039270 -1.177308 0.000000
vt 0.000000 -1.009121 0.000000
vt 0.039270 -1.009121 0.000000
vt 0.000000 -0.840934 0.000000
vt 0.039270 -0.840934 0.000000
vt 0.000000 -0.672747 0.000000
vt 0.039270 -0.672747 0.000000
vt 0.000000 -0.504561 0.000000
vt 0.039270 -0.504561 0.000000
vt 0.000000 -0.336374 0.000000
vt 0.039270 -0.336374 0.000000
vt 0.000000 -0.168187 0.000000
vt 0.039270 -0.168187 0.000000
vt 0.000000 0.000000 0.000000
vt 0.039270 0.000000 0.000000
vt 0.000000 0.168187 0.000000
vt 0.039270 0.168187 0.000000
vt 0.000000 0.336374 0.000000
vt 0.039270 0.336374 0.000000
vt 0.000000 0.504561 0.000000
vt 0.039270 0.504561 0.000000
vt 0.000000 0.672747 0.000000
vt 0.039270 0.672747 0.000000
vt 0.000000 0.840934 0.000000
vt 0.039270 0.840934 0.000000
vt 0.000000 1.009121 0.000000
vt 0.039270 1.009121 0.000000
vt 0.000000 1.177308 0.000000
vt 0.039270 1.177308 0.000000
vt 0.000000 1.345495 0.000000
vt 0.039270 1.345495 0.000000
vt 0.000000 1.513682 0.000000
vt 0.039270 1.513682 0.000000
vt 0.000000 1.681868 0.000000
vt 0.039270 1.681868 0.000000
vt 0.000000 1.850055 0.000000
vt 0.039270 1.850055 0.000000
vt 0.000000 2.018242 0.000000
vt 0.039270 2.018242 0.000000
vt 0.000000 2.186429 0.000000
vt 0.039270 2.186429 0.000000
vt 0.000000 2.354616 0.000000
vt 0.039270 2.354616 0.000000
vt 0.000000 2.522803 0.000000
vt 0.039270 2.522803 0.000000
vt 0.000000 2.690989 0.000000
vt 0.039270 2.690989 0.000000
vt 0.000000 2.859176 0.000000
vt 0.039270 2.859176 0.000000
vt 0.000000 3.027363 0.000000
vt 0.039270 3.027363 0.000000
vt 0.000000 3.195550 0.000000
vt 0.039270 3.195550 0.000000
vt 0.000000 3.363737 0.000000
vt 0.039270 3.363737 0.000000
vt 0.000000 3.531924 0.000000
vt 0.039270 3.531924 0.000000
vt 0.000000 3.700110 0.000000
vt 0.039270 3.700110 0.000000
vt 0.000000 3.868297 0.000000
vt 0.039270 3.868297 0.000000
vt 0.000000 4.036484 0.000000
vt 0.039270 4.036484 0.000000
vt 0.000000 4.204671 0.000000
vt 0.039270 4.204671 0.000000
vt 0.000000 4.372858 0.000000
vt 0.039270 4.372858 0.000000
vt 0.000000 4.541045 0.000000
vt 0.039270 4.541045 0.000000
vt 0.000000 4.709232 0.000000
vt 0.039270 4.709232 0.000000
vt 0.235619 -4.868566 0.000000
vt 0.196350 -4.877418 0.000000
vt 0.235619 -5.045605 0.000000
vt 0.196350 -5.045605 0.000000
vt 0.235619 5.045605 0.000000
vt 0.196350 5.045605 0.000000
vt 0.196350 4.877418 0.000000
vt 0.157080 5.045605 0.000000
vt 0.157080 4.877418 0.000000
vt 0.117810 5.045605 0.000000
vt 0.117810 4.877418 0.000000
vt 0.078540 5.045605 0.000000
vt 0.078540 4.877418 0.000000
vt 0.196350 -4.709232 0.000000
vt 0.235619 -4.691528 0.000000
vt 0.196350 -4.541045 0.000000
vt 0.235619 -4.514489 0.000000
vt 0.196350 -4.372858 0.000000
vt 0.235619 -4.337450 0.000000
vt 0.196350 -4.204671 0.000000
vt 0.235619 -4.160411 0.000000
vt 0.196350 -4.036484 0.000000
vt 0.235619 -3.983373 0.000000
vt 0.196350 -3.868297 0.000000
vt 0.235619 -3.806334 0.000000
vt 0.196350 -3.700110 0.000000
vt 0.235619 -3.629295 0.000000
vt 0.196350 -3.531924 0.000000
vt 0.235619 -3.452256 0.000000
vt 0.196350 -3.363737 0.000000
vt 0.235619 -3.275217 0.000000
vt 0.196350 -3.195550 0.000000
vt 0.235619 -3.098179 0.000000
vt 0.196350 -3.027363 0.000000
vt 0.235619 -2.921140 0.000000
vt 0.196350 -2.859176 0.000000
vt 0.235619 -2.744101 0.000000
vt 0.196350 -2.690989 0.000000
vt 0.235619 -2.567062 0.000000
vt 0.196350 -2.522803 0.000000
vt 0.235619 -2.390024 0.000000
vt 0.196350 -2.354616 0.000000
vt 0.235619 -2.212985 0.000000
vt 0.196350 -2.186429 0.000000
vt 0.235619 -2.035946 0.000000
vt 0.196350 -2.018242 0.000000
vt 0.235619 -1.858907 0.000000
vt 0.196350 -1.850055 0.000000
vt 0.235619 -1.681868 0.000000
vt 0.196350 -1.681868 0.000000
vt 0.196350 -1.513682 0.000000
vt 0.157080 -1.513682 0.000000
vt 0.157080 -1.345495 0.000000
vt 0.117810 -1.345495 0.000000
vt 0.117810 -1.177308 0.000000
vt 0.078540 -1.177308 0.000000
vt 0.078540 -1.009121 0.000000
vt 0.235619 -1.504830 0.000000
vt 0.196350 -1.345495 0.000000
vt 0.157080 -1.177308 0.000000
vt 0.117810 -1.009121 0.000000
vt 0.078540 -0.840934 0.000000
vt 0.235619 -1.327791 0.000000
vt 0.196350 -1.177308 0.000000
vt 0.157080 -1.009121 0.000000
vt 0.117810 -0.840934 0.000000
vt 0.078540 -0.672747 0.000000
vt 0.235619 -1.150752 0.000000
vt 0.196350 -1.009121 0.000000
vt 0.157080 -0.840934 0.000000
vt 0.117810 -0.672747 0.000000
vt 0.078540 -0.504561 0.000000
vt 0.235619 -0.973713 0.000000
vt 0.196350 -0.840934 0.000000
vt 0.157080 -0.672747 0.000000
vt 0.117810 -0.504561 0.000000
vt 0.078540 -0.336374 0.000000
vt 0.235619 -0.796675 0.000000
vt 0.196350 -0.672747 0.000000
vt 0.157080 -0.504561 0.000000
vt 0.117810 -0.336374 0.000000
vt 0.078540 -0.168187 0.000000
vt 0.235619 -0.619636 0.000000
vt 0.196350 -0.504561 0.000000
vt 0.157080 -0.336374 0.000000
vt 0.117810 -0.168187 0.000000
vt 0.078540 0.000000 0.000000
vt 0.235619 -0.442597 0.000000
vt 0.196350 -0.336374 0.000000
vt 0.157080 -0.168187 0.000000
vt 0.117810 0.000000 0.000000
vt 0.078540 0.168187 0.000000
vt 0.235619 -0.265558 0.000000
vt 0.196350 -0.168187 0.000000
vt 0.157080 0.000000 0.000000
vt 0.117810 0.168187 0.000000
vt 0.078540 0.336374 0.000000
vt 0.235619 -0.088519 0.000000
vt 0.196350 0.000000 0.000000
vt 0.157080 0.168187 0.000000
vt 0.117810 0.336374 0.000000
vt 0.078540 0.504561 0.000000
vt 0.235619 0.088519 0.000000
vt 0.196350 0.168187 0.000000
vt 0.157080 0.336374 0.000000
vt 0.117810 0.504561 0.000000
vt 0.078540 0.672747 0.000000
vt 0.235619 0.265558 0.000000
vt 0.196350 0.336374 0.000000
vt 0.157080 0.504561 0.000000
vt 0.117810 0.672747 0.000000
vt 0.078540 0.840934 0.000000
vt 0.235619 0.442597 0.000000
vt 0.196350 0.504561 0.000000
vt 0.157080 0.672747 0.000000
vt 0.117810 0.840934 0.000000
vt 0.078540 1.009121 0.000000
vt 0.235619 0.619636 0.000000
vt 0.196350 0.672747 0.000000
vt 0.157080 0.840934 0.000000
vt 0.117810 1.009121 0.000000
vt 0.078540 1.177308 0.000000
vt 0.235619 0.796675 0.000000
vt 0.196350 0.840934 0.000000
vt 0.157080 1.009121 0.000000
vt 0.117810 1.177308 0.000000
vt 0.078540 1.345495 0.000000
vt 0.235619 0.973713 0.000000
vt 0.196350 1.009121 0.000000
vt 0.157080 1.177308 0.000000
vt 0.117810 1.345495 0.000000
vt 0.078540 1.513682 0.000000
vt 0.235619 1.150752 0.000000
vt 0.196350 1.177308 0.000000
vt 0.157080 1.345495 0.000000
vt 0.117810 1.513682 0.000000
vt 0.078540 1.681868 0.000000
vt 0.235619 1.327791 0.000000
vt 0.196350 1.345495 0.000000
vt 0.157080 1.513682 0.000000
vt 0.117810 1.681868 0.000000
vt 0.078540 1.850055 0.000000
vt 0.235619 1.504830 0.000000
vt 0.196350 1.513682 0.000000
vt 0.157080 1.681868 0.000000
vt 0.117810 1.850055 0.000000
vt 0.078540 2.018242 0.000000
vt 0.235619 1.681868 0.000000
vt 0.196350 1.681868 0.000000
vt 0.157080 1.850055 0.000000
vt 0.117810 2.018242 0.000000
vt 0.078540 2.186429 0.000000
vt 0.196350 1.850055 0.000000
vt 0.235619 1.858907 0.000000
vt 0.196350 2.018242 0.000000
vt 0.235619 2.035946 0.000000
vt 0.196350 2.186429 0.000000
vt 0.235619 2.212985 0.000000
vt 0.196350 2.354616 0.000000
vt 0.235619 2.390024 0.000000
vt 0.196350 2.522803 0.000000
vt 0.235619 2.567062 0.000000
vt 0.196350 2.690989 0.000000
vt 0.235619 2.744101 0.000000
vt 0.196350 2.859176 0.000000
vt 0.235619 2.921140 0.000000
vt 0.196350 3.027363 0.000000
vt 0.235619 3.098179 0.000000
vt 0.196350 3.195550 0.000000
vt 0.235619 3.275217 0.000000
vt 0.196350 3.363737 0.000000
vt 0.235619 3.452256 0.000000
vt 0.196350 3.531924 0.000000
vt 0.235619 3.629295 0.000000
vt 0.196350 3.700110 0.000000
vt 0.235619 3.806334 0.000000
vt 0.196350 3.868297 0.000000
vt 0.235619 3.983373 0.000000
vt 0.196350 4.036484 0.000000
vt 0.235619 4.160411 0.000000
vt 0.196350 4.204671 0.000000
vt 0.235619 4.337450 0.000000
vt 0.196350 4.372858 0.000000
vt 0.235619 4.514489 0.000000
vt 0.196350 4.541045 0.000000
vt 0.235619 4.691528 0.000000
vt 0.196350 4.709232 0.000000
vt 0.235619 4.868566 0.000000
vt 0.078540 -5.045605 0.000000
vt 0.078540 -4.877418 0.000000
vt 0.078540 -4.709232 0.000000
vt 0.078540 -4.541045 0.000000
vt 0.078540 -4.372858 0.000000
vt 0.078540 -4.204671 0.000000
vt 0.078540 -4.036484 0.000000
vt 0.078540 -3.868297 0.000000
vt 0.078540 -3.700110 0.000000
vt 0.078540 -3.531924 0.000000
vt 0.078540 -3.363737 0.000000
vt 0.078540 -3.195550 0.000000
vt 0.078540 -3.027363 0.000000
vt 0.078540 -2.859176 0.000000
vt 0.078540 -2.690989 0.000000
vt 0.078540 -2.522803 0.000000
vt 0.078540 -2.354616 0.000000
vt 0.078540 -2.186429 0.000000
vt 0.078540 -2.018242 0.000000
vt 0.078540 -1.850055 0.000000
vt 0.078540 -1.681868 0.000000
vt 0.078540 -1.513682 0.000000
vt 0.078540 -1.345495 0.000000
vt 0.117810 -5.045605 0.000000
vt 0.117810 -4.877418 0.000000
vt 0.117810 -4.709232 0.000000
vt 0.117810 -4.541045 0.000000
vt 0.117810 -4.372858 0.000000
vt 0.117810 -4.204671 0.000000
vt 0.117810 -4.036484 0.000000
vt 0.117810 -3.868297 0.000000
vt 0.117810 -3.700110 0.000000
vt 0.117810 -3.531924 0.000000
vt 0.117810 -3.363737 0.000000
vt 0.117810 -3.195550 0.000000
vt 0.117810 -3.027363 0.000000
vt 0.117810 -2.859176 0.000000
vt 0.117810 -2.690989 0.000000
vt 0.117810 -2.522803 0.000000
vt 0.117810 -2.354616 0.000000
vt 0.117810 -2.186429 0.000000
vt 0.117810 -2.018242 0.000000
vt 0.117810 -1.850055 0.000000
vt 0.117810 -1.681868 0.000000
vt 0.117810 -1.513682 0.000000
vt 0.157080 -5.045605 0.000000
vt 0.157080 -4.877418 0.000000
vt 0.157080 -4.709232 0.000000
vt 0.157080 -4.541045 0.000000
vt 0.157080 -4.372858 0.000000
vt 0.157080 -4.204671 0.000000
vt 0.157080 -4.036484 0.000000
vt 0.157080 -3.868297 0.000000
vt 0.157080 -3.700110 0.000000
vt 0.157080 -3.531924 0.000000
vt 0.157080 -3.363737 0.000000
vt 0.157080 -3.195550 0.000000
vt 0.157080 -3.027363 0.000000
vt 0.157080 -2.859176 0.000000
vt 0.157080 -2.690989 0.000000
vt 0.157080 -2.522803 0.000000
vt 0.157080 -2.354616 0.000000
vt 0.157080 -2.186429 0.000000
vt 0.157080 -2.018242 0.000000
vt 0.157080 -1.850055 0.000000
vt 0.157080 -1.681868 0.000000
vt 0.078540 4.709232 0.000000
vt 0.078540 4.541045 0.000000
vt 0.078540 4.372858 0.000000
vt 0.078540 4.204671 0.000000
vt 0.078540 4.036484 0.000000
vt 0.078540 3.868297 0.000000
vt 0.078540 3.700110 0.000000
vt 0.078540 3.531924 0.000000
vt 0.078540 3.363737 0.000000
vt 0.078540 3.195550 0.000000
vt 0.078540 3.027363 0.000000
vt 0.078540 2.859176 0.000000
vt 0.078540 2.690989 0.000000
vt 0.078540 2.522803 0.000000
vt 0.078540 2.354616 0.000000
vt 0.117810 4.709232 0.000000
vt 0.117810 4.541045 0.000000
vt 0.117810 4.372858 0.000000
vt 0.117810 4.204671 0.000000
vt 0.117810 4.036484 0.000000
vt 0.117810 3.868297 0.000000
vt 0.117810 3.700110 0.000000
vt 0.117810 3.531924 0.000000
vt 0.117810 3.363737 0.000000
vt 0.117810 3.195550 0.000000
vt 0.117810 3.027363 0.000000
vt 0.117810 2.859176 0.000000
vt 0.117810 2.690989 0.000000
vt 0.117810 2.522803 0.000000
vt 0.117810 2.354616 0.000000
vt 0.117810 2.186429 0.000000
vt 0.157080 4.709232 0.000000
vt 0.157080 4.541045 0.000000
vt 0.157080 4.372858 0.000000
vt 0.157080 4.204671 0.000000
vt 0.157080 4.036484 0.000000
vt 0.157080 3.868297 0.000000
vt 0.157080 3.700110 0.000000
vt 0.157080 3.531924 0.000000
vt 0.157080 3.363737 0.000000
vt 0.157080 3.195550 0.000000
vt 0.157080 3.027363 0.000000
vt 0.157080 2.859176 0.000000
vt 0.157080 2.690989 0.000000
vt 0.157080 2.522803 0.000000
vt 0.157080 2.354616 0.000000
vt 0.157080 2.186429 0.000000
vt 0.157080 2.018242 0.000000
vt -0.891241 0.125256 0.000000
vt -1.497722 0.082632 0.000000
vt -0.900000 -0.000000 0.000000
vt -1.497722 -0.082632 0.000000
vt -0.891241 -0.125256 0.000000
vt -1.479542 -0.246892 0.000000
vt -0.865136 -0.248074 0.000000
vt -1.443402 -0.408155 0.000000
vt -1.389741 -0.564464 0.000000
vt -1.479542 0.246892 0.000000
vt -0.865136 0.248074 0.000000
vt -1.443402 0.408155 0.000000
vt -1.389741 0.564464 0.000000
vt -0.822191 0.366063 0.000000
vt -1.319211 0.713921 0.000000
vt -0.763243 0.476927 0.000000
vt -1.232667 0.854712 0.000000
vt -0.689440 0.578509 0.000000
vt -1.131160 0.985128 0.000000
vt -0.602218 0.668830 0.000000
vt -1.015922 1.103586 0.000000
vt -0.888353 1.208648 0.000000
vt -0.503274 0.746134 0.000000
vt -0.750000 1.299038 0.000000
vt -0.394534 0.808915 0.000000
vt -0.602543 1.373660 0.000000
vt -0.278115 0.855951 0.000000
vt -0.447772 1.431608 0.000000
vt -0.287566 1.472177 0.000000
vt -0.156283 0.886327 0.000000
vt -0.123869 1.494877 0.000000
vt -0.031410 0.899452 0.000000
vt 0.041332 1.499430 0.000000
vt 0.094076 0.895070 0.000000
vt 0.206030 1.485783 0.000000
vt 0.217730 0.873266 0.000000
vt 0.368228 1.454100 0.000000
vt 0.525956 1.404767 0.000000
vt 0.337146 0.834465 0.000000
vt 0.677300 1.338381 0.000000
vt 0.450000 0.779423 0.000000
vt 0.820422 1.255750 0.000000
vt 0.554095 0.709210 0.000000
vt 0.953586 1.157875 0.000000
vt 0.647406 0.625193 0.000000
vt 1.075174 1.045945 0.000000
vt 1.183711 0.921319 0.000000
vt 0.728115 0.529007 0.000000
vt 1.277879 0.785509 0.000000
vt 0.794653 0.422524 0.000000
vt 1.356536 0.640165 0.000000
vt 0.845723 0.307818 0.000000
vt 1.418726 0.487049 0.000000
vt 0.880333 0.187121 0.000000
vt 1.463695 0.328022 0.000000
vt 1.490896 0.165012 0.000000
vt 0.897808 0.062781 0.000000
vt 1.500000 0.000000 0.000000
vt 0.897808 -0.062781 0.000000
vt 1.490896 -0.165012 0.000000
vt 0.880333 -0.187121 0.000000
vt 1.463695 -0.328022 0.000000
vt 1.418726 -0.487049 0.000000
vt 0.845723 -0.307818 0.000000
vt 1.356536 -0.640165 0.000000
vt 0.794653 -0.422524 0.000000
vt 1.277879 -0.785509 0.000000
vt 0.728115 -0.529007 0.000000
vt 1.183711 -0.921319 0.000000
vt 0.647406 -0.625193 0.000000
vt 1.075174 -1.045945 0.000000
vt 0.953586 -1.157875 0.000000
vt 0.554095 -0.709210 0.000000
vt 0.820422 -1.255750 0.000000
vt 0.450000 -0.779423 0.000000
vt 0.677300 -1.338381 0.000000
vt 0.337146 -0.834465 0.000000
vt 0.525956 -1.404767 0.000000
vt 0.217730 -0.873266 0.000000
vt 0.368228 -1.454100 0.000000
vt 0.206030 -1.485783 0.000000
vt 0.094076 -0.895070 0.000000
vt 0.041332 -1.499430 0.000000
vt -0.031410 -0.899452 0.000000
vt -0.123869 -1.494877 0.000000
vt -0.156283 -0.886327 0.000000
vt -0.287566 -1.472177 0.000000
vt -0.278115 -0.855951 0.000000
vt -0.447772 -1.431608 0.000000
vt -0.602543 -1.373660 0.000000
vt -0.394534 -0.808915 0.000000
vt -0.750000 -1.299038 0.000000
vt -0.503274 -0.746134 0.000000
vt -0.888353 -1.208648 0.000000
vt -0.602218 -0.668830 0.000000
vt -1.015922 -1.103586 0.000000
vt -1.131160 -0.985128 0.000000
vt -0.689440 -0.578509 0.000000
vt -1.232667 -0.854712 0.000000
vt -0.763243 -0.476927 0.000000
vt -1.319211 -0.713921 0.000000
vt -0.822191 -0.366063 0.000000
vt -0.000000 0.129769 0.000000
vt -0.026180 0.064885 0.000000
vt -0.000000 0.000000 0.000000
vt -0.026180 -0.064885 0.000000
vt -0.000000 -0.129769 0.000000
vt -0.026180 -0.194654 0.000000
vt -0.000000 -0.259539 0.000000
vt -0.026180 -0.324423 0.000000
vt -0.000000 -0.389308 0.000000
vt -0.026180 -0.454192 0.000000
vt -0.000000 -0.519077 0.000000
vt -0.026180 -0.583962 0.000000
vt -0.000000 -0.648846 0.000000
vt -0.026180 -0.713731 0.000000
vt -0.000000 -0.778616 0.000000
vt -0.026180 -0.843500 0.000000
vt -0.000000 -0.908385 0.000000
vt -0.026180 -0.973269 0.000000
vt -0.000000 -1.038154 0.000000
vt -0.026180 -1.103039 0.000000
vt -0.000000 -1.167923 0.000000
vt -0.026180 -1.232808 0.000000
vt -0.000000 -1.297693 0.000000
vt -0.026180 -1.362577 0.000000
vt -0.000000 -1.427462 0.000000
vt -0.026180 -1.492346 0.000000
vt -0.000000 -1.557231 0.000000
vt -0.026180 -1.622116 0.000000
vt -0.000000 -1.687000 0.000000
vt -0.026180 -1.751885 0.000000
vt -0.000000 -1.816770 0.000000
vt -0.026180 -1.881654 0.000000
vt -0.000000 -1.946539 0.000000
vt -0.026180 -2.011423 0.000000
vt -0.000000 -2.076308 0.000000
vt -0.026180 -2.141193 0.000000
vt -0.000000 -2.206077 0.000000
vt -0.026180 -2.270962 0.000000
vt -0.000000 -2.335847 0.000000
vt -0.026180 -2.400731 0.000000
vt -0.000000 -2.465616 0.000000
vt -0.026180 -2.530501 0.000000
vt -0.000000 -2.595385 0.000000
vt -0.026180 -2.660270 0.000000
vt -0.000000 -2.725154 0.000000
vt -0.026180 -2.790039 0.000000
vt -0.000000 -2.854924 0.000000
vt -0.026180 -2.919808 0.000000
vt -0.000000 -2.984693 0.000000
vt -0.026180 -3.049578 0.000000
vt 0.000000 -3.114462 0.000000
vt -0.000000 2.984693 0.000000
vt -0.026180 3.049578 0.000000
vt -0.026180 2.919808 0.000000
vt -0.000000 2.854924 0.000000
vt -0.026180 2.790039 0.000000
vt -0.000000 2.725154 0.000000
vt -0.026180 2.660270 0.000000
vt -0.000000 2.595385 0.000000
vt -0.026180 2.530501 0.000000
vt -0.000000 2.465616 0.000000
vt -0.026180 2.400731 0.000000
vt -0.000000 2.335847 0.000000
vt -0.026180 2.270962 0.000000
vt -0.000000 2.206077 0.000000
vt -0.026180 2.141193 0.000000
vt -0.000000 2.076308 0.000000
vt -0.026180 2.011423 0.000000
vt -0.000000 1.946539 0.000000
vt -0.026180 1.881654 0.000000
vt -0.000000 1.816770 0.000000
vt -0.026180 1.751885 0.000000
vt -0.000000 1.687000 0.000000
vt -0.026180 1.622116 0.000000
vt -0.000000 1.557231 0.000000
vt -0.026180 1.492346 0.000000
vt -0.000000 1.427462 0.000000
vt -0.026180 1.362577 0.000000
vt -0.000000 1.297693 0.000000
vt -0.026180 1.232808 0.000000
vt -0.000000 1.167923 0.000000
vt -0.026180 1.103039 0.000000
vt -0.000000 1.038154 0.000000
vt -0.026180 0.973269 0.000000
vt -0.000000 0.908385 0.000000
vt -0.026180 0.843500 0.000000
vt -0.000000 0.778616 0.000000
vt -0.026180 0.713731 0.000000
vt -0.000000 0.648846 0.000000
vt -0.026180 0.583962 0.000000
vt -0.000000 0.519077 0.000000
vt -0.026180 0.454192 0.000000
vt -0.000000 0.389308 0.000000
vt -0.026180 0.324423 0.000000
vt -0.000000 0.259539 0.000000
vt -0.026180 0.194654 0.000000
vt -0.157080 -0.135537 0.000000
vt -0.130900 -0.064885 0.000000
vt -0.157080 -0.000000 0.000000
vt -0.130900 0.064885 0.000000
vt -0.157080 0.135537 0.000000
vt -0.130900 0.194654 0.000000
vt -0.157080 0.271074 0.000000
vt -0.130900 0.324423 0.000000
vt -0.157080 0.406610 0.000000
vt -0.130900 0.454192 0.000000
vt -0.157080 0.542147 0.000000
vt -0.130900 0.583962 0.000000
vt -0.157080 0.677684 0.000000
vt -0.130900 0.713731 0.000000
vt -0.157080 0.813221 0.000000
vt -0.130900 0.843500 0.000000
vt -0.157080 0.948757 0.000000
vt -0.130900 0.973269 0.000000
vt -0.157080 1.084294 0.000000
vt -0.130900 1.103039 0.000000
vt -0.157080 1.219831 0.000000
vt -0.130900 1.232808 0.000000
vt -0.157080 1.355368 0.000000
vt -0.130900 1.362577 0.000000
vt -0.157080 1.490905 0.000000
vt -0.130900 1.492346 0.000000
vt -0.130900 1.622116 0.000000
vt -0.104720 1.492346 0.000000
vt -0.104720 1.622116 0.000000
vt -0.078540 1.492346 0.000000
vt -0.078540 1.622116 0.000000
vt -0.052360 1.492346 0.000000
vt -0.052360 1.622116 0.000000
vt -0.130900 -0.194654 0.000000
vt -0.157080 -0.271074 0.000000
vt -0.130900 -0.324423 0.000000
vt -0.157080 -0.406610 0.000000
vt -0.130900 -0.454192 0.000000
vt -0.157080 -0.542147 0.000000
vt -0.130900 -0.583962 0.000000
vt -0.157080 -0.677684 0.000000
vt -0.130900 -0.713731 0.000000
vt -0.157080 -0.813221 0.000000
vt -0.130900 -0.843500 0.000000
vt -0.157080 -0.948757 0.000000
vt -0.130900 -0.973269 0.000000
vt -0.157080 -1.084294 0.000000
vt -0.130900 -1.103039 0.000000
vt -0.157080 -1.219831 0.000000
vt -0.130900 -1.232808 0.000000
vt -0.157080 -1.355368 0.000000
vt -0.130900 -1.362577 0.000000
vt -0.157080 -1.490905 0.000000
vt -0.130900 -1.492346 0.000000
vt -0.130900 -1.622116 0.000000
vt -0.104720 -1.622116 0.000000
vt -0.104720 -1.751885 0.000000
vt -0.078540 -1.751885 0.000000
vt -0.078540 -1.881654 0.000000
vt -0.052360 -1.881654 0.000000
vt -0.052360 -2.011423 0.000000
vt -0.157080 -1.626441 0.000000
vt -0.130900 -1.751885 0.000000
vt -0.104720 -1.881654 0.000000
vt -0.078540 -2.011423 0.000000
vt -0.052360 -2.141193 0.000000
vt -0.157080 -1.761978 0.000000
vt -0.130900 -1.881654 0.000000
vt -0.104720 -2.011423 0.000000
vt -0.078540 -2.141193 0.000000
vt -0.052360 -2.270962 0.000000
vt -0.157080 -1.897515 0.000000
vt -0.130900 -2.011423 0.000000
vt -0.104720 -2.141193 0.000000
vt -0.078540 -2.270962 0.000000
vt -0.052360 -2.400731 0.000000
vt -0.157080 -2.033052 0.000000
vt -0.130900 -2.141193 0.000000
vt -0.104720 -2.270962 0.000000
vt -0.078540 -2.400731 0.000000
vt -0.052360 -2.530501 0.000000
vt -0.157080 -2.168588 0.000000
vt -0.130900 -2.270962 0.000000
vt -0.104720 -2.400731 0.000000
vt -0.078540 -2.530501 0.000000
vt -0.052360 -2.660270 0.000000
vt -0.157080 -2.304125 0.000000
vt -0.130900 -2.400731 0.000000
vt -0.104720 -2.530501 0.000000
vt -0.078540 -2.660270 0.000000
vt -0.052360 -2.790039 0.000000
vt -0.157080 -2.439662 0.000000
vt -0.130900 -2.530501 0.000000
vt -0.104720 -2.660270 0.000000
vt -0.078540 -2.790039 0.000000
vt -0.052360 -2.919808 0.000000
vt -0.157080 -2.575199 0.000000
vt -0.130900 -2.660270 0.000000
vt -0.104720 -2.790039 0.000000
vt -0.078540 -2.919808 0.000000
vt -0.052360 -3.049578 0.000000
vt -0.052360 3.049578 0.000000
vt -0.157080 -2.710736 0.000000
vt -0.130900 -2.790039 0.000000
vt -0.104720 -2.919808 0.000000
vt -0.078540 -3.049578 0.000000
vt -0.078540 3.049578 0.000000
vt -0.052360 2.919808 0.000000
vt -0.157080 -2.846272 0.000000
vt -0.130900 -2.919808 0.000000
vt -0.104720 -3.049578 0.000000
vt -0.104720 3.049578 0.000000
vt -0.078540 2.919808 0.000000
vt -0.052360 2.790039 0.000000
vt -0.157080 -2.981809 0.000000
vt -0.130900 -3.049578 0.000000
vt -0.130900 3.049578 0.000000
vt -0.104720 2.919808 0.000000
vt -0.078540 2.790039 0.000000
vt -0.052360 2.660270 0.000000
vt -0.157080 3.117346 0.000000
vt -0.157080 2.981809 0.000000
vt -0.130900 2.919808 0.000000
vt -0.104720 2.790039 0.000000
vt -0.078540 2.660270 0.000000
vt -0.052360 2.530501 0.000000
vt -0.157080 2.846272 0.000000
vt -0.130900 2.790039 0.000000
vt -0.104720 2.660270 0.000000
vt -0.078540 2.530501 0.000000
vt -0.052360 2.400731 0.000000
vt -0.157080 2.710736 0.000000
vt -0.130900 2.660270 0.000000
vt -0.104720 2.530501 0.000000
vt -0.078540 2.400731 0.000000
vt -0.052360 2.270962 0.000000
vt -0.157080 2.575199 0.000000
vt -0.130900 2.530501 0.000000
vt -0.104720 2.400731 0.000000
vt -0.078540 2.270962 0.000000
vt -0.052360 2.141193 0.000000
vt -0.157080 2.439662 0.000000
vt -0.130900 2.400731 0.000000
vt -0.104720 2.270962 0.000000
vt -0.078540 2.141193 0.000000
vt -0.052360 2.011423 0.000000
vt -0.157080 2.304125 0.000000
vt -0.130900 2.270962 0.000000
vt -0.104720 2.141193 0.000000
vt -0.078540 2.011423 0.000000
vt -0.052360 1.881654 0.000000
vt -0.157080 2.168588 0.000000
vt -0.130900 2.141193 0.000000
vt -0.104720 2.011423 0.000000
vt -0.078540 1.881654 0.000000
vt -0.052360 1.751885 0.000000
vt -0.157080 2.033052 0.000000
vt -0.130900 2.011423 0.000000
vt -0.104720 1.881654 0.000000
vt -0.078540 1.751885 0.000000
vt -0.157080 1.897515 0.000000
vt -0.130900 1.881654 0.000000
vt -0.104720 1.751885 0.000000
vt -0.157080 1.761978 0.000000
vt -0.130900 1.751885 0.000000
vt -0.157080 1.626441 0.000000
vt -0.052360 0.064885 0.000000
vt -0.052360 -0.064885 0.000000
vt -0.052360 -0.194654 0.000000
vt -0.052360 -0.324423 0.000000
vt -0.052360 -0.454192 0.000000
vt -0.052360 -0.583962 0.000000
vt -0.052360 -0.713731 0.000000
vt -0.052360 -0.843500 0.000000
vt -0.052360 -0.973269 0.000000
vt -0.052360 -1.103039 0.000000
vt -0.052360 -1.232808 0.000000
vt -0.052360 -1.362577 0.000000
vt -0.052360 -1.492346 0.000000
vt -0.052360 -1.622116 0.000000
vt -0.052360 -1.751885 0.000000
vt -0.078540 0.064885 0.000000
vt -0.078540 -0.064885 0.000000
vt -0.078540 -0.194654 0.000000
vt -0.078540 -0.324423 0.000000
vt -0.078540 -0.454192 0.000000
vt -0.078540 -0.583962 0.000000
vt -0.078540 -0.713731 0.000000
vt -0.078540 -0.843500 0.000000
vt -0.078540 -0.973269 0.000000
vt -0.078540 -1.103039 0.000000
vt -0.078540 -1.232808 0.000000
vt -0.078540 -1.362577 0.000000
vt -0.078540 -1.492346 0.000000
vt -0.078540 -1.622116 0.000000
vt -0.052360 0.194654 0.000000
vt -0.052360 0.324423 0.000000
vt -0.052360 0.454192 0.000000
vt -0.052360 0.583962 0.000000
vt -0.052360 0.713731 0.000000
vt -0.052360 0.843500 0.000000
vt -0.052360 0.973269 0.000000
vt -0.052360 1.103039 0.000000
vt -0.052360 1.232808 0.000000
vt -0.052360 1.362577 0.000000
vt -0.104720 0.064885 0.000000
vt -0.104720 -0.064885 0.000000
vt -0.104720 -0.194654 0.000000
vt -0.104720 -0.324423 0.000000
vt -0.104720 -0.454192 0.000000
vt -0.104720 -0.583962 0.000000
vt -0.104720 -0.713731 0.000000
vt -0.104720 -0.843500 0.000000
vt -0.104720 -0.973269 0.000000
vt -0.104720 -1.103039 0.000000
vt -0.104720 -1.232808 0.000000
vt -0.104720 -1.362577 0.000000
vt -0.104720 -1.492346 0.000000
vt -0.078540 0.194654 0.000000
vt -0.078540 0.324423 0.000000
vt -0.078540 0.454192 0.000000
vt -0.078540 0.583962 0.000000
vt -0.078540 0.713731 0.000000
vt -0.078540 0.843500 0.000000
vt -0.078540 0.973269 0.000000
vt -0.078540 1.103039 0.000000
vt -0.078540 1.232808 0.000000
vt -0.078540 1.362577 0.000000
vt -0.104720 0.194654 0.000000
vt -0.104720 0.324423 0.000000
vt -0.104720 0.454192 0.000000
vt -0.104720 0.583962 0.000000
vt -0.104720 0.713731 0.000000
vt -0.104720 0.843500 0.000000
vt -0.104720 0.973269 0.000000
vt -0.104720 1.103039 0.000000
vt -0.104720 1.232808 0.000000
vt -0.104720 1.362577 0.000000
vt -0.000000 -3.007908 0.000000
vt -1.400000 -3.007908 0.000000
vt -0.000000 -3.141593 0.000000
vt -1.400000 -3.141593 0.000000
vt -0.000000 3.141593 0.000000
vt -1.400000 3.141593 0.000000
vt -0.000000 3.007908 0.000000
vt -1.400000 3.007908 0.000000
vt -0.000000 2.874223 0.000000
vt -1.400000 2.874223 0.000000
vt -0.000000 2.740538 0.000000
vt -1.400000 2.740538 0.000000
vt -0.000000 2.606853 0.000000
vt -1.400000 2.606853 0.000000
vt -0.000000 2.473169 0.000000
vt -1.400000 2.473169 0.000000
vt -0.000000 2.339484 0.000000
vt -1.400000 2.339484 0.000000
vt -0.000000 2.205799 0.000000
vt -1.400000 2.205799 0.000000
vt -0.000000 2.072114 0.000000
vt -1.400000 2.072114 0.000000
vt -0.000000 1.938430 0.000000
vt -1.400000 1.938430 0.000000
vt -0.000000 1.804745 0.000000
vt -1.400000 1.804745 0.000000
vt -0.000000 1.671060 0.000000
vt -1.400000 1.671060 0.000000
vt -0.000000 1.537375 0.000000
vt -1.400000 1.537375 0.000000
vt -0.000000 1.403690 0.000000
vt -1.400000 1.403690 0.000000
vt -0.000000 1.270006 0.000000
vt -1.400000 1.270006 0.000000
vt -0.000000 1.136321 0.000000
vt -1.400000 1.136321 0.000000
vt -0.000000 1.002636 0.000000
vt -1.400000 1.002636 0.000000
vt -0.000000 0.868951 0.000000
vt -1.400000 0.868951 0.000000
vt -0.000000 0.735266 0.000000
vt -1.400000 0.735266 0.000000
vt -0.000000 0.601582 0.000000
vt -1.400000 0.601582 0.000000
vt -0.000000 0.467897 0.000000
vt -1.400000 0.467897 0.000000
vt -0.000000 0.334212 0.000000
vt -1.400000 0.334212 0.000000
vt -0.000000 0.200527 0.000000
vt -1.400000 0.200527 0.000000
vt -0.000000 0.066842 0.000000
vt -1.400000 0.066842 0.000000
vt -0.000000 -0.066842 0.000000
vt -1.400000 -0.066842 0.000000
vt -0.000000 -0.200527 0.000000
vt -1.400000 -0.200527 0.000000
vt -0.000000 -0.334212 0.000000
vt -1.400000 -0.334212 0.000000
vt -0.000000 -0.467897 0.000000
vt -1.400000 -0.467897 0.000000
vt -0.000000 -0.601582 0.000000
vt -1.400000 -0.601582 0.000000
vt -0.000000 -0.735266 0.000000
vt -1.400000 -0.735266 0.000000
vt -0.000000 -0.868951 0.000000
vt -1.400000 -0.868951 0.000000
vt -0.000000 -1.002636 0.000000
vt -1.400000 -1.002636 0.000000
vt -0.000000 -1.136321 0.000000
vt -1.400000 -1.136321 0.000000
vt -0.000000 -1.270006 0.000000
vt -1.400000 -1.270006 0.000000
vt -0.000000 -1.403690 0.000000
vt -1.400000 -1.403690 0.000000
vt -0.000000 -1.537375 0.000000
vt -1.400000 -1.537375 0.000000
vt -0.000000 -1.671060 0.000000
vt -1.400000 -1.671060 0.000000
vt -0.000000 -1.804745 0.000000
vt -1.400000 -1.804745 0.000000
vt -0.000000 -1.938430 0.000000
vt -1.400000 -1.938430 0.000000
vt -0.000000 -2.072114 0.000000
vt -1.400000 -2.072114 0.000000
vt -0.000000 -2.205799 0.000000
vt -1.400000 -2.205799 0.000000
vt -0.000000 -2.339484 0.000000
vt -1.400000 -2.339484 0.000000
vt -0.000000 -2.473169 0.000000
vt -1.400000 -2.473169 0.000000
vt -0.000000 -2.606853 0.000000
vt -1.400000 -2.606853 0.000000
vt -0.000000 -2.740538 0.000000
vt -1.400000 -2.740538 0.000000
vt -0.000000 -2.874223 0.000000
vt -1.400000 -2.874223 0.000000
vt 0.392699 -5.082916 0.000000
vt 0.327249 -5.097822 0.000000
vt 0.392699 -5.267749 0.000000
vt 0.327249 -5.267749 0.000000
vt 0.392699 5.267749 0.000000
vt 0.327249 5.267749 0.000000
vt 0.327249 5.097822 0.000000
vt 0.261799 5.267749 0.000000
vt 0.261799 5.097822 0.000000
vt 0.196350 5.267749 0.000000
vt 0.196350 5.097822 0.000000
vt 0.130900 5.267749 0.000000
vt 0.130900 5.097822 0.000000
vt 0.065450 5.267749 0.000000
vt 0.065450 5.097822 0.000000
vt -0.000000 5.267749 0.000000
vt -0.000000 5.097822 0.000000
vt 0.327249 -4.927895 0.000000
vt 0.392699 -4.898083 0.000000
vt 0.327249 -4.757967 0.000000
vt 0.392699 -4.713249 0.000000
vt 0.327249 -4.588040 0.000000
vt 0.392699 -4.528416 0.000000
vt 0.327249 -4.418112 0.000000
vt 0.392699 -4.343583 0.000000
vt 0.327249 -4.248185 0.000000
vt 0.392699 -4.158749 0.000000
vt 0.327249 -4.078258 0.000000
vt 0.392699 -3.973916 0.000000
vt 0.327249 -3.908330 0.000000
vt 0.392699 -3.789083 0.000000
vt 0.327249 -3.738403 0.000000
vt 0.392699 -3.604250 0.000000
vt 0.327249 -3.568475 0.000000
vt 0.392699 -3.419416 0.000000
vt 0.327249 -3.398548 0.000000
vt 0.392699 -3.234583 0.000000
vt 0.327249 -3.228621 0.000000
vt 0.327249 -3.058693 0.000000
vt 0.261799 -3.058693 0.000000
vt 0.261799 -2.888766 0.000000
vt 0.196350 -2.888766 0.000000
vt 0.196350 -2.718838 0.000000
vt 0.130900 -2.718838 0.000000
vt 0.130900 -2.548911 0.000000
vt 0.065450 -2.548911 0.000000
vt 0.065450 -2.378984 0.000000
vt -0.000000 -2.378984 0.000000
vt -0.000000 -2.209056 0.000000
vt 0.065450 -2.209056 0.000000
vt -0.000000 -2.039129 0.000000
vt 0.065450 -2.039129 0.000000
vt -0.000000 -1.869201 0.000000
vt 0.065450 -1.869201 0.000000
vt -0.000000 -1.699274 0.000000
vt 0.065450 -1.699274 0.000000
vt -0.000000 -1.529347 0.000000
vt 0.065450 -1.529347 0.000000
vt -0.000000 -1.359419 0.000000
vt 0.065450 -1.359419 0.000000
vt -0.000000 -1.189492 0.000000
vt 0.065450 -1.189492 0.000000
vt -0.000000 -1.019564 0.000000
vt 0.065450 -1.019564 0.000000
vt -0.000000 -0.849637 0.000000
vt 0.065450 -0.849637 0.000000
vt -0.000000 -0.679710 0.000000
vt 0.065450 -0.679710 0.000000
vt -0.000000 -0.509782 0.000000
vt 0.065450 -0.509782 0.000000
vt -0.000000 -0.339855 0.000000
vt 0.065450 -0.339855 0.000000
vt -0.000000 -0.169927 0.000000
vt 0.065450 -0.169927 0.000000
vt -0.000000 0.000000 0.000000
vt 0.065450 0.000000 0.000000
vt -0.000000 0.169927 0.000000
vt 0.065450 0.169927 0.000000
vt -0.000000 0.339855 0.000000
vt 0.065450 0.339855 0.000000
vt -0.000000 0.509782 0.000000
vt 0.065450 0.509782 0.000000
vt -0.000000 0.679710 0.000000
vt 0.065450 0.679710 0.000000
vt -0.000000 0.849637 0.000000
vt 0.065450 0.849637 0.000000
vt -0.000000 1.019564 0.000000
vt 0.065450 1.019564 0.000000
vt -0.000000 1.189492 0.000000
vt 0.065450 1.189492 0.000000
vt -0.000000 1.359419 0.000000
vt 0.065450 1.359419 0.000000
vt -0.000000 1.529347 0.000000
vt 0.065450 1.529347 0.000000
vt -0.000000 1.699274 0.000000
vt 0.065450 1.699274 0.000000
vt -0.000000 1.869201 0.000000
vt 0.065450 1.869201 0.000000
vt -0.000000 2.039129 0.000000
vt 0.065450 2.039129 0.000000
vt -0.000000 2.209056 0.000000
vt 0.065450 2.209056 0.000000
vt -0.000000 2.378984 0.000000
vt 0.065450 2.378984 0.000000
vt -0.000000 2.548911 0.000000
vt 0.065450 2.548911 0.000000
vt -0.000000 2.718838 0.000000
vt 0.065450 2.718838 0.000000
vt -0.000000 2.888766 0.000000
vt 0.065450 2.888766 0.000000
vt -0.000000 3.058693 0.000000
vt 0.065450 3.058693 0.000000
vt -0.000000 3.228621 0.000000
vt 0.065450 3.228621 0.000000
vt -0.000000 3.398548 0.000000
vt 0.065450 3.398548 0.000000
vt -0.000000 3.568475 0.000000
vt 0.065450 3.568475 0.000000
vt -0.000000 3.738403 0.000000
vt 0.065450 3.738403 0.000000
vt -0.000000 3.908330 0.000000
vt 0.065450 3.908330 0.000000
vt -0.000000 4.078258 0.000000
vt 0.065450 4.078258 0.000000
vt -0.000000 4.248185 0.000000
vt 0.065450 4.248185 0.000000
vt -0.000000 4.418112 0.000000
vt 0.065450 4.418112 0.000000
vt -0.000000 4.588040 0.000000
vt 0.065450 4.588040 0.000000
vt -0.000000 4.757967 0.000000
vt 0.065450 4.757967 0.000000
vt -0.000000 4.927895 0.000000
vt 0.065450 4.927895 0.000000
vt 0.392699 -3.049750 0.000000
vt 0.327249 -2.888766 0.000000
vt 0.261799 -2.718838 0.000000
vt 0.196350 -2.548911 0.000000
vt 0.130900 -2.378984 0.000000
vt 0.392699 -2.864916 0.000000
vt 0.327249 -2.718838 0.000000
vt 0.261799 -2.548911 0.000000
vt 0.196350 -2.378984 0.000000
vt 0.130900 -2.209056 0.000000
vt 0.392699 -2.680083 0.000000
vt 0.327249 -2.548911 0.000000
vt 0.261799 -2.378984 0.000000
vt 0.196350 -2.209056 0.000000
vt 0.130900 -2.039129 0.000000
vt 0.392699 -2.495250 0.000000
vt 0.327249 -2.378984 0.000000
vt 0.261799 -2.209056 0.000000
vt 0.196350 -2.039129 0.000000
vt 0.130900 -1.869201 0.000000
vt 0.392699 -2.310416 0.000000
vt 0.327249 -2.209056 0.000000
vt 0.261799 -2.039129 0.000000
vt 0.196350 -1.869201 0.000000
vt 0.130900 -1.699274 0.000000
vt 0.392699 -2.125583 0.000000
vt 0.327249 -2.039129 0.000000
vt 0.261799 -1.869201 0.000000
vt 0.196350 -1.699274 0.000000
vt 0.130900 -1.529347 0.000000
vt 0.392699 -1.940750 0.000000
vt 0.327249 -1.869201 0.000000
vt 0.261799 -1.699274 0.000000
vt 0.196350 -1.529347 0.000000
vt 0.130900 -1.359419 0.000000
vt 0.392699 -1.755916 0.000000
vt 0.327249 -1.699274 0.000000
vt 0.261799 -1.529347 0.000000
vt 0.196350 -1.359419 0.000000
vt 0.130900 -1.189492 0.000000
vt 0.392699 -1.571083 0.000000
vt 0.327249 -1.529347 0.000000
vt 0.261799 -1.359419 0.000000
vt 0.196350 -1.189492 0.000000
vt 0.130900 -1.019564 0.000000
vt 0.392699 -1.386250 0.000000
vt 0.327249 -1.359419 0.000000
vt 0.261799 -1.189492 0.000000
vt 0.196350 -1.019564 0.000000
vt 0.130900 -0.849637 0.000000
vt 0.392699 -1.201417 0.000000
vt 0.327249 -1.189492 0.000000
vt 0.261799 -1.019564 0.000000
vt 0.196350 -0.849637 0.000000
vt 0.130900 -0.679710 0.000000
vt 0.392699 -1.016583 0.000000
vt 0.327249 -1.019564 0.000000
vt 0.261799 -0.849637 0.000000
vt 0.196350 -0.679710 0.000000
vt 0.130900 -0.509782 0.000000
vt 0.327249 -0.849637 0.000000
vt 0.392699 -0.831750 0.000000
vt 0.327249 -0.679710 0.000000
vt 0.392699 -0.646917 0.000000
vt 0.327249 -0.509782 0.000000
vt 0.392699 -0.462083 0.000000
vt 0.327249 -0.339855 0.000000
vt 0.392699 -0.277250 0.000000
vt 0.327249 -0.169927 0.000000
vt 0.392699 -0.092417 0.000000
vt 0.327249 0.000000 0.000000
vt 0.392699 0.092417 0.000000
vt 0.327249 0.169927 0.000000
vt 0.392699 0.277250 0.000000
vt 0.327249 0.339855 0.000000
vt 0.392699 0.462083 0.000000
vt 0.327249 0.509782 0.000000
vt 0.392699 0.646917 0.000000
vt 0.327249 0.679710 0.000000
vt 0.392699 0.831750 0.000000
vt 0.327249 0.849637 0.000000
vt 0.392699 1.016583 0.000000
vt 0.327249 1.019564 0.000000
vt 0.327249 1.189492 0.000000
vt 0.261799 1.189492 0.000000
vt 0.261799 1.359419 0.000000
vt 0.196350 1.359419 0.000000
vt 0.196350 1.529347 0.000000
vt 0.130900 1.529347 0.000000
vt 0.130900 1.699274 0.000000
vt 0.392699 1.201417 0.000000
vt 0.327249 1.359419 0.000000
vt 0.261799 1.529347 0.000000
vt 0.196350 1.699274 0.000000
vt 0.130900 1.869201 0.000000
vt 0.392699 1.386250 0.000000
vt 0.327249 1.529347 0.000000
vt 0.261799 1.699274 0.000000
vt 0.196350 1.869201 0.000000
vt 0.130900 2.039129 0.000000
vt 0.392699 1.571083 0.000000
vt 0.327249 1.699274 0.000000
vt 0.261799 1.869201 0.000000
vt 0.196350 2.039129 0.000000
vt 0.130900 2.209056 0.000000
vt 0.392699 1.755916 0.000000
vt 0.327249 1.869201 0.000000
vt 0.261799 2.039129 0.000000
vt 0.196350 2.209056 0.000000
vt 0.130900 2.378984 0.000000
vt 0.392699 1.940750 0.000000
vt 0.327249 2.039129 0.000000
vt 0.261799 2.209056 0.000000
vt 0.196350 2.378984 0.000000
vt 0.130900 2.548911 0.000000
vt 0.392699 2.125583 0.000000
vt 0.327249 2.209056 0.000000
vt 0.261799 2.378984 0.000000
vt 0.196350 2.548911 0.000000
vt 0.130900 2.718838 0.000000
vt 0.392699 2.310416 0.000000
vt 0.327249 2.378984 0.000000
vt 0.261799 2.548911 0.000000
vt 0.196350 2.718838 0.000000
vt 0.130900 2.888766 0.000000
vt 0.392699 2.495250 0.000000
vt 0.327249 2.548911 0.000000
vt 0.261799 2.718838 0.000000
vt 0.196350 2.888766 0.000000
vt 0.130900 3.058693 0.000000
vt 0.392699 2.680083 0.000000
vt 0.327249 2.718838 0.000000
vt 0.261799 2.888766 0.000000
vt 0.196350 3.058693 0.000000
vt 0.130900 3.228621 0.000000
vt 0.392699 2.864916 0.000000
vt 0.327249 2.888766 0.000000
vt 0.261799 3.058693 0.000000
vt 0.196350 3.228621 0.000000
vt 0.130900 3.398548 0.000000
vt 0.392699 3.049750 0.000000
vt 0.327249 3.058693 0.000000
vt 0.261799 3.228621 0.000000
vt 0.196350 3.398548 0.000000
vt 0.130900 3.568475 0.000000
vt 0.392699 3.234583 0.000000
vt 0.327249 3.228621 0.000000
vt 0.261799 3.398548 0.000000
vt 0.196350 3.568475 0.000000
vt 0.130900 3.738403 0.000000
vt 0.327249 3.398548 0.000000
vt 0.392699 3.419416 0.000000
vt 0.327249 3.568475 0.000000
vt 0.392699 3.604250 0.000000
vt 0.327249 3.738403 0.000000
vt 0.392699 3.789083 0.000000
vt 0.327249 3.908330 0.000000
vt 0.392699 3.973916 0.000000
vt 0.327249 4.078258 0.000000
vt 0.392699 4.158749 0.000000
vt 0.327249 4.248185 0.000000
vt 0.392699 4.343583 0.000000
vt 0.327249 4.418112 0.000000
vt 0.392699 4.528416 0.000000
vt 0.327249 4.588040 0.000000
vt 0.392699 4.713249 0.000000
vt 0.327249 4.757967 0.000000
vt 0.392699 4.898083 0.000000
vt 0.327249 4.927895 0.000000
vt 0.392699 5.082916 0.000000
vt -0.000000 -2.548911 0.000000
vt 0.065450 -2.718838 0.000000
vt 0.130900 -2.888766 0.000000
vt 0.196350 -3.058693 0.000000
vt 0.261799 -3.228621 0.000000
vt -0.000000 -2.718838 0.000000
vt 0.065450 -2.888766 0.000000
vt 0.130900 -3.058693 0.000000
vt 0.196350 -3.228621 0.000000
vt 0.261799 -3.398548 0.000000
vt -0.000000 -2.888766 0.000000
vt 0.065450 -3.058693 0.000000
vt 0.130900 -3.228621 0.000000
vt 0.196350 -3.398548 0.000000
vt 0.261799 -3.568475 0.000000
vt -0.000000 -3.058693 0.000000
vt 0.065450 -3.228621 0.000000
vt 0.130900 -3.398548 0.000000
vt 0.196350 -3.568475 0.000000
vt 0.261799 -3.738403 0.000000
vt -0.000000 -3.228621 0.000000
vt 0.065450 -3.398548 0.000000
vt 0.130900 -3.568475 0.000000
vt 0.196350 -3.738403 0.000000
vt 0.261799 -3.908330 0.000000
vt -0.000000 -3.398548 0.000000
vt 0.065450 -3.568475 0.000000
vt 0.130900 -3.738403 0.000000
vt 0.196350 -3.908330 0.000000
vt 0.261799 -4.078258 0.000000
vt -0.000000 -3.568475 0.000000
vt 0.065450 -3.738403 0.000000
vt 0.130900 -3.908330 0.000000
vt 0.196350 -4.078258 0.000000
vt 0.261799 -4.248185 0.000000
vt -0.000000 -3.738403 0.000000
vt 0.065450 -3.908330 0.000000
vt 0.130900 -4.078258 0.000000
vt 0.196350 -4.248185 0.000000
vt 0.261799 -4.418112 0.000000
vt -0.000000 -3.908330 0.000000
vt 0.065450 -4.078258 0.000000
vt 0.130900 -4.248185 0.000000
vt 0.196350 -4.418112 0.000000
vt 0.261799 -4.588040 0.000000
vt -0.000000 -4.078258 0.000000
vt 0.065450 -4.248185 0.000000
vt 0.130900 -4.418112 0.000000
vt 0.196350 -4.588040 0.000000
vt 0.261799 -4.757967 0.000000
vt -0.000000 -4.248185 0.000000
vt 0.065450 -4.418112 0.000000
vt 0.130900 -4.588040 0.000000
vt 0.196350 -4.757967 0.000000
vt 0.261799 -4.927895 0.000000
vt -0.000000 -4.418112 0.000000
vt 0.065450 -4.588040 0.000000
vt 0.130900 -4.757967 0.000000
vt 0.196350 -4.927895 0.000000
vt 0.261799 -5.097822 0.000000
vt -0.000000 -4.588040 0.000000
vt 0.065450 -4.757967 0.000000
vt 0.130900 -4.927895 0.000000
vt 0.196350 -5.097822 0.000000
vt 0.261799 -5.267749 0.000000
vt -0.000000 -4.757967 0.000000
vt 0.065450 -4.927895 0.000000
vt 0.130900 -5.097822 0.000000
vt 0.196350 -5.267749 0.000000
vt -0.000000 -4.927895 0.000000
vt 0.065450 -5.097822 0.000000
vt 0.130900 -5.267749 0.000000
vt -0.000000 -5.097822 0.000000
vt 0.065450 -5.267749 0.000000
vt -0.000000 -5.267749 0.000000
vt 0.261799 -0.679710 0.000000
vt 0.196350 -0.509782 0.000000
vt 0.130900 -0.339855 0.000000
vt 0.261799 -0.509782 0.000000
vt 0.196350 -0.339855 0.000000
vt 0.130900 -0.169927 0.000000
vt 0.261799 -0.339855 0.000000
vt 0.196350 -0.169927 0.000000
vt 0.130900 0.000000 0.000000
vt 0.261799 -0.169927 0.000000
vt 0.196350 0.000000 0.000000
vt 0.130900 0.169927 0.000000
vt 0.261799 0.000000 0.000000
vt 0.196350 0.169927 0.000000
vt 0.130900 0.339855 0.000000
vt 0.261799 0.169927 0.000000
vt 0.196350 0.339855 0.000000
vt 0.130900 0.509782 0.000000
vt 0.261799 0.339855 0.000000
vt 0.196350 0.509782 0.000000
vt 0.130900 0.679710 0.000000
vt 0.261799 0.509782 0.000000
vt 0.196350 0.679710 0.000000
vt 0.130900 0.849637 0.000000
vt 0.261799 0.679710 0.000000
vt 0.196350 0.849637 0.000000
vt 0.130900 1.019564 0.000000
vt 0.261799 0.849637 0.000000
vt 0.196350 1.019564 0.000000
vt 0.130900 1.189492 0.000000
vt 0.261799 1.019564 0.000000
vt 0.196350 1.189492 0.000000
vt 0.130900 1.359419 0.000000
vt 0.261799 3.568475 0.000000
vt 0.196350 3.738403 0.000000
vt 0.130900 3.908330 0.000000
vt 0.261799 3.738403 0.000000
vt 0.196350 3.908330 0.000000
vt 0.130900 4.078258 0.000000
vt 0.261799 3.908330 0.000000
vt 0.196350 4.078258 0.000000
vt 0.130900 4.248185 0.000000
vt 0.261799 4.078258 0.000000
vt 0.196350 4.248185 0.000000
vt 0.130900 4.418112 0.000000
vt 0.261799 4.248185 0.000000
vt 0.196350 4.418112 0.000000
vt 0.130900 4.588040 0.000000
vt 0.261799 4.418112 0.000000
vt 0.196350 4.588040 0.000000
vt 0.130900 4.757967 0.000000
vt 0.261799 4.588040 0.000000
vt 0.196350 4.757967 0.000000
vt 0.130900 4.927895 0.000000
vt 0.261799 4.757967 0.000000
vt 0.196350 4.927895 0.000000
vt 0.261799 4.927895 0.000000
vt -11.750000 5.320439 0.000000
vt -7.916667 5.320439 0.000000
vt -11.750000 5.497787 0.000000
vt -7.916667 5.497787 0.000000
vt -11.750000 -5.497787 0.000000
vt -7.916667 -5.497787 0.000000
vt -11.750000 -5.320439 0.000000
vt -7.916667 -5.320439 0.000000
vt -11.750000 -5.143091 0.000000
vt -7.916667 -5.143091 0.000000
vt -11.750000 -4.965743 0.000000
vt -7.916667 -4.965743 0.000000
vt -11.750000 -4.788395 0.000000
vt -7.916667 -4.788395 0.000000
vt -11.750000 -4.611047 0.000000
vt -7.916667 -4.611047 0.000000
vt -11.750000 -4.433699 0.000000
vt -7.916667 -4.433699 0.000000
vt -11.750000 -4.256351 0.000000
vt -7.916667 -4.256351 0.000000
vt -11.750000 -4.079003 0.000000
vt -7.916667 -4.079003 0.000000
vt -11.750000 -3.901655 0.000000
vt -7.916667 -3.901655 0.000000
vt -11.750000 -3.724307 0.000000
vt -7.916667 -3.724307 0.000000
vt -11.750000 -3.546959 0.000000
vt -7.916667 -3.546959 0.000000
vt -11.750000 -3.369611 0.000000
vt -7.916667 -3.369611 0.000000
vt -11.750000 -3.192264 0.000000
vt -7.916667 -3.192264 0.000000
vt -11.750000 -3.014916 0.000000
vt -7.916667 -3.014916 0.000000
vt -11.750000 -2.837568 0.000000
vt -7.916667 -2.837568 0.000000
vt -11.750000 -2.660220 0.000000
vt -7.916667 -2.660220 0.000000
vt -11.750000 -2.482872 0.000000
vt -7.916667 -2.482872 0.000000
vt -11.750000 -2.305524 0.000000
vt -7.916667 -2.305524 0.000000
vt -11.750000 -2.128176 0.000000
vt -7.916667 -2.128176 0.000000
vt -11.750000 -1.950828 0.000000
vt -7.916667 -1.950828 0.000000
vt -11.750000 -1.773480 0.000000
vt -7.916667 -1.773480 0.000000
vt -11.750000 -1.596132 0.000000
vt -7.916667 -1.596132 0.000000
vt -11.750000 -1.418784 0.000000
vt -7.916667 -1.418784 0.000000
vt -11.750000 -1.241436 0.000000
vt -7.916667 -1.241436 0.000000
vt -11.750000 -1.064088 0.000000
vt -7.916667 -1.064088 0.000000
vt -11.750000 -0.886740 0.000000
vt -7.916667 -0.886740 0.000000
vt -11.750000 -0.709392 0.000000
vt -7.916667 -0.709392 0.000000
vt -11.750000 -0.532044 0.000000
vt -7.916667 -0.532044 0.000000
vt -11.750000 -0.354696 0.000000
vt -7.916667 -0.354696 0.000000
vt -11.750000 -0.177348 0.000000
vt -7.916667 -0.177348 0.000000
vt -11.750000 0.000000 0.000000
vt -7.916667 0.000000 0.000000
vt -11.750000 0.177348 0.000000
vt -7.916667 0.177348 0.000000
vt -11.750000 0.354696 0.000000
vt -7.916667 0.354696 0.000000
vt -11.750000 0.532044 0.000000
vt -7.916667 0.532044 0.000000
vt -11.750000 0.709392 0.000000
vt -7.916667 0.709392 0.000000
vt -11.750000 0.886740 0.000000
vt -7.916667 0.886740 0.000000
vt -11.750000 1.064088 0.000000
vt -7.916667 1.064088 0.000000
vt -11.750000 1.241436 0.000000
vt -7.916667 1.241436 0.000000
vt -11.750000 1.418784 0.000000
vt -7.916667 1.418784 0.000000
vt -11.750000 1.596132 0.000000
vt -7.916667 1.596132 0.000000
vt -11.750000 1.773480 0.000000
vt -7.916667 1.773480 0.000000
vt -11.750000 1.950828 0.000000
vt -7.916667 1.950828 0.000000
vt -11.750000 2.128176 0.000000
vt -7.916667 2.128176 0.000000
vt -11.750000 2.305524 0.000000
vt -7.916667 2.305524 0.000000
vt -11.750000 2.482872 0.000000
vt -7.916667 2.482872 0.000000
vt -11.750000 2.660220 0.000000
vt -7.916667 2.660220 0.000000
vt -11.750000 2.837568 0.000000
vt -7.916667 2.837568 0.000000
vt -11.750000 3.014916 0.000000
vt -7.916667 3.014916 0.000000
vt -11.750000 3.192264 0.000000
vt -7.916667 3.192264 0.000000
vt -11.750000 3.369611 0.000000
vt -7.916667 3.369611 0.000000
vt -11.750000 3.546959 0.000000
vt -7.916667 3.546959 0.000000
vt -11.750000 3.724307 0.000000
vt -7.916667 3.724307 0.000000
vt -11.750000 3.901655 0.000000
vt -7.916667 3.901655 0.000000
vt -11.750000 4.079003 0.000000
vt -7.916667 4.079003 0.000000
vt -11.750000 4.256351 0.000000
vt -7.916667 4.256351 0.000000
vt -11.750000 4.433699 0.000000
vt -7.916667 4.433699 0.000000
vt -11.750000 4.611047 0.000000
vt -7.916667 4.611047 0.000000
vt -11.750000 4.788395 0.000000
vt -7.916667 4.788395 0.000000
vt -11.750000 4.965743 0.000000
vt -7.916667 4.965743 0.000000
vt -11.750000 5.143091 0.000000
vt -7.916667 5.143091 0.000000
vt -0.250000 -5.320439 0.000000
vt -4.083333 -5.320439 0.000000
vt -0.250000 -5.497787 0.000000
vt -4.083333 -5.497787 0.000000
vt -0.250000 5.497787 0.000000
vt -4.083333 5.497787 0.000000
vt -0.250000 5.320439 0.000000
vt -4.083333 5.320439 0.000000
vt -0.250000 5.143091 0.000000
vt -4.083333 5.143091 0.000000
vt -0.250000 4.965743 0.000000
vt -4.083333 4.965743 0.000000
vt -0.250000 4.788395 0.000000
vt -4.083333 4.788395 0.000000
vt -0.250000 4.611047 0.000000
vt -4.083333 4.611047 0.000000
vt -0.250000 4.433699 0.000000
vt -4.083333 4.433699 0.000000
vt -0.250000 4.256351 0.000000
vt -4.083333 4.256351 0.000000
vt -0.250000 4.079003 0.000000
vt -4.083333 4.079003 0.000000
vt -0.250000 3.901655 0.000000
vt -4.083333 3.901655 0.000000
vt -0.250000 3.724307 0.000000
vt -4.083333 3.724307 0.000000
vt -0.250000 3.546959 0.000000
vt -4.083333 3.546959 0.000000
vt -0.250000 3.369611 0.000000
vt -4.083333 3.369611 0.000000
vt -0.250000 3.192264 0.000000
vt -4.083333 3.192264 0.000000
vt -0.250000 3.014916 0.000000
vt -4.083333 3.014916 0.000000
vt -0.250000 2.837568 0.000000
vt -4.083333 2.837568 0.000000
vt -0.250000 2.660220 0.000000
vt -4.083333 2.660220 0.000000
vt -0.250000 2.482872 0.000000
vt -4.083333 2.482872 0.000000
vt -0.250000 2.305524 0.000000
vt -4.083333 2.305524 0.000000
vt -0.250000 2.128176 0.000000
vt -4.083333 2.128176 0.000000
vt -0.250000 1.950828 0.000000
vt -4.083333 1.950828 0.000000
vt -0.250000 1.773480 0.000000
vt -4.083333 1.773480 0.000000
vt -0.250000 1.596132 0.000000
vt -4.083333 1.596132 0.000000
vt -0.250000 1.418784 0.000000
vt -4.083333 1.418784 0.000000
vt -0.250000 1.241436 0.000000
vt -4.083333 1.241436 0.000000
vt -0.250000 1.064088 0.000000
vt -4.083333 1.064088 0.000000
vt -0.250000 0.886740 0.000000
vt -4.083333 0.886740 0.000000
vt -0.250000 0.709392 0.000000
vt -4.083333 0.709392 0.000000
vt -0.250000 0.532044 0.000000
vt -4.083333 0.532044 0.000000
vt -0.250000 0.354696 0.000000
vt -4.083333 0.354696 0.000000
vt -0.250000 0.177348 0.000000
vt -4.083333 0.177348 0.000000
vt -0.250000 0.000000 0.000000
vt -4.083333 0.000000 0.000000
vt -0.250000 -0.177348 0.000000
vt -4.083333 -0.177348 0.000000
vt -0.250000 -0.354696 0.000000
vt -4.083333 -0.354696 0.000000
vt -0.250000 -0.532044 0.000000
vt -4.083333 -0.532044 0.000000
vt -0.250000 -0.709392 0.000000
vt -4.083333 -0.709392 0.000000
vt -0.250000 -0.886740 0.000000
vt -4.083333 -0.886740 0.000000
vt -0.250000 -1.064088 0.000000
vt -4.083333 -1.064088 0.000000
vt -0.250000 -1.241436 0.000000
vt -4.083333 -1.241436 0.000000
vt -0.250000 -1.418784 0.000000
vt -4.083333 -1.418784 0.000000
vt -0.250000 -1.596132 0.000000
vt -4.083333 -1.596132 0.000000
vt -0.250000 -1.773480 0.000000
vt -4.083333 -1.773480 0.000000
vt -0.250000 -1.950828 0.000000
vt -4.083333 -1.950828 0.000000
vt -0.250000 -2.128176 0.000000
vt -4.083333 -2.128176 0.000000
vt -0.250000 -2.305524 0.000000
vt -4.083333 -2.305524 0.000000
vt -0.250000 -2.482872 0.000000
vt -4.083333 -2.482872 0.000000
vt -0.250000 -2.660220 0.000000
vt -4.083333 -2.660220 0.000000
vt -0.250000 -2.837568 0.000000
vt -4.083333 -2.837568 0.000000
vt -0.250000 -3.014916 0.000000
vt -4.083333 -3.014916 0.000000
vt -0.250000 -3.192264 0.000000
vt -4.083333 -3.192264 0.000000
vt -0.250000 -3.369611 0.000000
vt -4.083333 -3.369611 0.000000
vt -0.250000 -3.546959 0.000000
vt -4.083333 -3.546959 0.000000
vt -0.250000 -3.724307 0.000000
vt -4.083333 -3.724307 0.000000
vt -0.250000 -3.901655 0.000000
vt -4.083333 -3.901655 0.000000
vt -0.250000 -4.079003 0.000000
vt -4.083333 -4.079003 0.000000
vt -0.250000 -4.256351 0.000000
vt -4.083333 -4.256351 0.000000
vt -0.250000 -4.433699 0.000000
vt -4.083333 -4.433699 0.000000
vt -0.250000 -4.611047 0.000000
vt -4.083333 -4.611047 0.000000
vt -0.250000 -4.788395 0.000000
vt -4.083333 -4.788395 0.000000
vt -0.250000 -4.965743 0.000000
vt -4.083333 -4.965743 0.000000
vt -0.250000 -5.143091 0.000000
vt -4.083333 -5.143091 0.000000
vt 1.490896 -0.165012 0.000000
vt 1.500000 -0.000000 0.000000
vt -1.479542 -0.246892 0.000000
vt 1.490896 0.165012 0.000000
vt 1.463695 0.328022 0.000000
vt 1.418726 0.487049 0.000000
vt 1.356536 0.640165 0.000000
vt 1.277879 0.785509 0.000000
vt 1.183711 0.921319 0.000000
vt 1.075174 1.045945 0.000000
vt 0.953586 1.157875 0.000000
vt 0.820422 1.255750 0.000000
vt 0.677300 1.338381 0.000000
vt 0.525956 1.404767 0.000000
vt 0.368228 1.454100 0.000000
vt 0.206030 1.485783 0.000000
vt 0.041332 1.499430 0.000000
vt -0.123869 1.494877 0.000000
vt -0.287566 1.472177 0.000000
vt -0.447772 1.431608 0.000000
vt -0.602543 1.373660 0.000000
vt -0.750000 1.299038 0.000000
vt -0.888353 1.208648 0.000000
vt -1.015922 1.103586 0.000000
vt -1.131160 0.985128 0.000000
vt -1.232667 0.854712 0.000000
vt -1.319211 0.713921 0.000000
vt -1.389741 0.564464 0.000000
vt -1.443402 0.408155 0.000000
vt -1.479542 0.246892 0.000000
vt -1.497722 -0.082632 0.000000
vt -1.497722 0.082632 0.000000
vt 1.463695 -0.328022 0.000000
vt -1.443402 -0.408155 0.000000
vt 1.418726 -0.487049 0.000000
vt -1.389741 -0.564464 0.000000
vt 1.356536 -0.640165 0.000000
vt -1.319211 -0.713921 0.000000
vt 1.277879 -0.785509 0.000000
vt -1.232667 -0.854712 0.000000
vt 1.183711 -0.921319 0.000000
vt -1.131160 -0.985128 0.000000
vt 1.075174 -1.045945 0.000000
vt -1.015922 -1.103586 0.000000
vt 0.953586 -1.157875 0.000000
vt -0.888353 -1.208648 0.000000
vt 0.820422 -1.255750 0.000000
vt -0.750000 -1.299038 0.000000
vt 0.677300 -1.338381 0.000000
vt -0.602543 -1.373660 0.000000
vt 0.525956 -1.404767 0.000000
vt -0.447772 -1.431608 0.000000
vt 0.368228 -1.454100 0.000000
vt -0.287566 -1.472177 0.000000
vt 0.206030 -1.485783 0.000000
vt -0.123869 -1.494877 0.000000
vt 0.041332 -1.499430 0.000000
vt -0.000000 -5.097822 0.000000
vt -0.065450 -5.097822 0.000000
vt -0.000000 -5.267749 0.000000
vt -0.065450 -5.267749 0.000000
vt -0.000000 5.267749 0.000000
vt -0.065450 5.267749 0.000000
vt -0.000000 5.097822 0.000000
vt -0.065450 5.097822 0.000000
vt -0.000000 4.927895 0.000000
vt -0.065450 4.927895 0.000000
vt -0.000000 4.757967 0.000000
vt -0.065450 4.757967 0.000000
vt -0.000000 4.588040 0.000000
vt -0.065450 4.588040 0.000000
vt -0.000000 4.418112 0.000000
vt -0.065450 4.418112 0.000000
vt -0.000000 4.248185 0.000000
vt -0.065450 4.248185 0.000000
vt -0.000000 4.078258 0.000000
vt -0.065450 4.078258 0.000000
vt -0.000000 3.908330 0.000000
vt -0.065450 3.908330 0.000000
vt -0.000000 3.738403 0.000000
vt -0.065450 3.738403 0.000000
vt -0.000000 3.568475 0.000000
vt -0.065450 3.568475 0.000000
vt -0.000000 3.398548 0.000000
vt -0.065450 3.398548 0.000000
vt -0.000000 3.228621 0.000000
vt -0.065450 3.228621 0.000000
vt -0.000000 3.058693 0.000000
vt -0.065450 3.058693 0.000000
vt -0.000000 2.888766 0.000000
vt -0.065450 2.888766 0.000000
vt -0.000000 2.718838 0.000000
vt -0.065450 2.718838 0.000000
vt -0.000000 2.548911 0.000000
vt -0.065450 2.548911 0.000000
vt -0.000000 2.378984 0.000000
vt -0.065450 2.378984 0.000000
vt -0.000000 2.209056 0.000000
vt -0.065450 2.209056 0.000000
vt -0.000000 2.039129 0.000000
vt -0.065450 2.039129 0.000000
vt -0.000000 1.869201 0.000000
vt -0.065450 1.869201 0.000000
vt -0.000000 1.699274 0.000000
vt -0.065450 1.699274 0.000000
vt -0.000000 1.529347 0.000000
vt -0.065450 1.529347 0.000000
vt -0.000000 1.359419 0.000000
vt -0.065450 1.359419 0.000000
vt -0.000000 1.189492 0.000000
vt -0.065450 1.189492 0.000000
vt -0.000000 1.019564 0.000000
vt -0.065450 1.019564 0.000000
vt -0.000000 0.849637 0.000000
vt -0.065450 0.849637 0.000000
vt -0.000000 0.679710 0.000000
vt -0.065450 0.679710 0.000000
vt -0.000000 0.509782 0.000000
vt -0.065450 0.509782 0.000000
vt -0.000000 0.339855 0.000000
vt -0.065450 0.339855 0.000000
vt -0.000000 0.169927 0.000000
vt -0.065450 0.169927 0.000000
vt -0.000000 0.000000 0.000000
vt -0.065450 0.000000 0.000000
vt -0.000000 -0.169927 0.000000
vt -0.065450 -0.169927 0.000000
vt -0.000000 -0.339855 0.000000
vt -0.065450 -0.339855 0.000000
vt -0.000000 -0.509782 0.000000
vt -0.065450 -0.509782 0.000000
vt -0.000000 -0.679710 0.000000
vt -0.065450 -0.679710 0.000000
vt -0.000000 -0.849637 0.000000
vt -0.065450 -0.849637 0.000000
vt -0.000000 -1.019564 0.000000
vt -0.065450 -1.019564 0.000000
vt -0.000000 -1.189492 0.000000
vt -0.065450 -1.189492 0.000000
vt -0.000000 -1.359419 0.000000
vt -0.065450 -1.359419 0.000000
vt -0.000000 -1.529347 0.000000
vt -0.065450 -1.529347 0.000000
vt -0.000000 -1.699274 0.000000
vt -0.065450 -1.699274 0.000000
vt -0.000000 -1.869201 0.000000
vt -0.065450 -1.869201 0.000000
vt -0.000000 -2.039129 0.000000
vt -0.065450 -2.039129 0.000000
vt -0.000000 -2.209056 0.000000
vt -0.065450 -2.209056 0.000000
vt -0.000000 -2.378984 0.000000
vt -0.065450 -2.378984 0.000000
vt -0.000000 -2.548911 0.000000
vt -0.065450 -2.548911 0.000000
vt -0.000000 -2.718838 0.000000
vt -0.065450 -2.718838 0.000000
vt -0.000000 -2.888766 0.000000
vt -0.065450 -2.888766 0.000000
vt -0.000000 -3.058693 0.000000
vt -0.065450 -3.058693 0.000000
vt -0.000000 -3.228621 0.000000
vt -0.065450 -3.228621 0.000000
vt -0.000000 -3.398548 0.000000
vt -0.065450 -3.398548 0.000000
vt -0.000000 -3.568475 0.000000
vt -0.065450 -3.568475 0.000000
vt -0.000000 -3.738403 0.000000
vt -0.065450 -3.738403 0.000000
vt -0.000000 -3.908330 0.000000
vt -0.065450 -3.908330 0.000000
vt -0.000000 -4.078258 0.000000
vt -0.065450 -4.078258 0.000000
vt -0.000000 -4.248185 0.000000
vt -0.065450 -4.248185 0.000000
vt -0.000000 -4.418112 0.000000
vt -0.065450 -4.418112 0.000000
vt -0.000000 -4.588040 0.000000
vt -0.065450 -4.588040 0.000000
vt -0.000000 -4.757967 0.000000
vt -0.065450 -4.757967 0.000000
vt -0.000000 -4.927895 0.000000
vt -0.065450 -4.927895 0.000000
vt -0.392699 5.082916 0.000000
vt -0.327249 5.097822 0.000000
vt -0.392699 5.267749 0.000000
vt -0.327249 5.267749 0.000000
vt -0.392699 -5.267749 0.000000
vt -0.327249 -5.267749 0.000000
vt -0.327249 -5.097822 0.000000
vt -0.261799 -5.267749 0.000000
vt -0.261799 -5.097822 0.000000
vt -0.196350 -5.267749 0.000000
vt -0.196350 -5.097822 0.000000
vt -0.130900 -5.267749 0.000000
vt -0.130900 -5.097822 0.000000
vt -0.327249 4.927895 0.000000
vt -0.392699 4.898083 0.000000
vt -0.327249 4.757967 0.000000
vt -0.392699 4.713249 0.000000
vt -0.327249 4.588040 0.000000
vt -0.392699 4.528416 0.000000
vt -0.327249 4.418112 0.000000
vt -0.392699 4.343583 0.000000
vt -0.327249 4.248185 0.000000
vt -0.392699 4.158749 0.000000
vt -0.327249 4.078258 0.000000
vt -0.392699 3.973916 0.000000
vt -0.327249 3.908330 0.000000
vt -0.392699 3.789083 0.000000
vt -0.327249 3.738403 0.000000
vt -0.392699 3.604250 0.000000
vt -0.327249 3.568475 0.000000
vt -0.392699 3.419416 0.000000
vt -0.327249 3.398548 0.000000
vt -0.392699 3.234583 0.000000
vt -0.327249 3.228621 0.000000
vt -0.327249 3.058693 0.000000
vt -0.261799 3.058693 0.000000
vt -0.261799 2.888766 0.000000
vt -0.196350 2.888766 0.000000
vt -0.196350 2.718838 0.000000
vt -0.130900 2.718838 0.000000
vt -0.130900 2.548911 0.000000
vt -0.392699 3.049750 0.000000
vt -0.327249 2.888766 0.000000
vt -0.261799 2.718838 0.000000
vt -0.196350 2.548911 0.000000
vt -0.130900 2.378984 0.000000
vt -0.392699 2.864916 0.000000
vt -0.327249 2.718838 0.000000
vt -0.261799 2.548911 0.000000
vt -0.196350 2.378984 0.000000
vt -0.130900 2.209056 0.000000
vt -0.392699 2.680083 0.000000
vt -0.327249 2.548911 0.000000
vt -0.261799 2.378984 0.000000
vt -0.196350 2.209056 0.000000
vt -0.130900 2.039129 0.000000
vt -0.392699 2.495250 0.000000
vt -0.327249 2.378984 0.000000
vt -0.261799 2.209056 0.000000
vt -0.196350 2.039129 0.000000
vt -0.130900 1.869201 0.000000
vt -0.392699 2.310416 0.000000
vt -0.327249 2.209056 0.000000
vt -0.261799 2.039129 0.000000
vt -0.196350 1.869201 0.000000
vt -0.130900 1.699274 0.000000
vt -0.392699 2.125583 0.000000
vt -0.327249 2.039129 0.000000
vt -0.261799 1.869201 0.000000
vt -0.196350 1.699274 0.000000
vt -0.130900 1.529347 0.000000
vt -0.392699 1.940750 0.000000
vt -0.327249 1.869201 0.000000
vt -0.261799 1.699274 0.000000
vt -0.196350 1.529347 0.000000
vt -0.130900 1.359419 0.000000
vt -0.392699 1.755916 0.000000
vt -0.327249 1.699274 0.000000
vt -0.261799 1.529347 0.000000
vt -0.196350 1.359419 0.000000
vt -0.130900 1.189492 0.000000
vt -0.392699 1.571083 0.000000
vt -0.327249 1.529347 0.000000
vt -0.261799 1.359419 0.000000
vt -0.196350 1.189492 0.000000
vt -0.130900 1.019564 0.000000
vt -0.392699 1.386250 0.000000
vt -0.327249 1.359419 0.000000
vt -0.261799 1.189492 0.000000
vt -0.196350 1.019564 0.000000
vt -0.130900 0.849637 0.000000
vt -0.392699 1.201417 0.000000
vt -0.327249 1.189492 0.000000
vt -0.261799 1.019564 0.000000
vt -0.196350 0.849637 0.000000
vt -0.130900 0.679710 0.000000
vt -0.392699 1.016583 0.000000
vt -0.327249 1.019564 0.000000
vt -0.261799 0.849637 0.000000
vt -0.196350 0.679710 0.000000
vt -0.130900 0.509782 0.000000
vt -0.327249 0.849637 0.000000
vt -0.392699 0.831750 0.000000
vt -0.327249 0.679710 0.000000
vt -0.392699 0.646917 0.000000
vt -0.327249 0.509782 0.000000
vt -0.392699 0.462083 0.000000
vt -0.327249 0.339855 0.000000
vt -0.392699 0.277250 0.000000
vt -0.327249 0.169927 0.000000
vt -0.392699 0.092417 0.000000
vt -0.327249 0.000000 0.000000
vt -0.392699 -0.092417 0.000000
vt -0.327249 -0.169927 0.000000
vt -0.392699 -0.277250 0.000000
vt -0.327249 -0.339855 0.000000
vt -0.392699 -0.462083 0.000000
vt -0.327249 -0.509782 0.000000
vt -0.392699 -0.646917 0.000000
vt -0.327249 -0.679710 0.000000
vt -0.392699 -0.831750 0.000000
vt -0.327249 -0.849637 0.000000
vt -0.392699 -1.016583 0.000000
vt -0.327249 -1.019564 0.000000
vt -0.327249 -1.189492 0.000000
vt -0.261799 -1.189492 0.000000
vt -0.261799 -1.359419 0.000000
vt -0.196350 -1.359419 0.000000
vt -0.196350 -1.529347 0.000000
vt -0.130900 -1.529347 0.000000
vt -0.130900 -1.699274 0.000000
vt -0.392699 -1.201417 0.000000
vt -0.327249 -1.359419 0.000000
vt -0.261799 -1.529347 0.000000
vt -0.196350 -1.699274 0.000000
vt -0.130900 -1.869201 0.000000
vt -0.392699 -1.386250 0.000000
vt -0.327249 -1.529347 0.000000
vt -0.261799 -1.699274 0.000000
vt -0.196350 -1.869201 0.000000
vt -0.130900 -2.039129 0.000000
vt -0.392699 -1.571083 0.000000
vt -0.327249 -1.699274 0.000000
vt -0.261799 -1.869201 0.000000
vt -0.196350 -2.039129 0.000000
vt -0.130900 -2.209056 0.000000
vt -0.392699 -1.755916 0.000000
vt -0.327249 -1.869201 0.000000
vt -0.261799 -2.039129 0.000000
vt -0.196350 -2.209056 0.000000
vt -0.130900 -2.378984 0.000000
vt -0.392699 -1.940750 0.000000
vt -0.327249 -2.039129 0.000000
vt -0.261799 -2.209056 0.000000
vt -0.196350 -2.378984 0.000000
vt -0.130900 -2.548911 0.000000
vt -0.392699 -2.125583 0.000000
vt -0.327249 -2.209056 0.000000
vt -0.261799 -2.378984 0.000000
vt -0.196350 -2.548911 0.000000
vt -0.130900 -2.718838 0.000000
vt -0.392699 -2.310416 0.000000
vt -0.327249 -2.378984 0.000000
vt -0.261799 -2.548911 0.000000
vt -0.196350 -2.718838 0.000000
vt -0.130900 -2.888766 0.000000
vt -0.392699 -2.495250 0.000000
vt -0.327249 -2.548911 0.000000
vt -0.261799 -2.718838 0.000000
vt -0.196350 -2.888766 0.000000
vt -0.130900 -3.058693 0.000000
vt -0.392699 -2.680083 0.000000
vt -0.327249 -2.718838 0.000000
vt -0.261799 -2.888766 0.000000
vt -0.196350 -3.058693 0.000000
vt -0.130900 -3.228621 0.000000
vt -0.392699 -2.864916 0.000000
vt -0.327249 -2.888766 0.000000
vt -0.261799 -3.058693 0.000000
vt -0.196350 -3.228621 0.000000
vt -0.130900 -3.398548 0.000000
vt -0.392699 -3.049750 0.000000
vt -0.327249 -3.058693 0.000000
vt -0.261799 -3.228621 0.000000
vt -0.196350 -3.398548 0.000000
vt -0.130900 -3.568475 0.000000
vt -0.392699 -3.234583 0.000000
vt -0.327249 -3.228621 0.000000
vt -0.261799 -3.398548 0.000000
vt -0.196350 -3.568475 0.000000
vt -0.130900 -3.738403 0.000000
vt -0.327249 -3.398548 0.000000
vt -0.392699 -3.419416 0.000000
vt -0.327249 -3.568475 0.000000
vt -0.392699 -3.604250 0.000000
vt -0.327249 -3.738403 0.000000
vt -0.392699 -3.789083 0.000000
vt -0.327249 -3.908330 0.000000
vt -0.392699 -3.973916 0.000000
vt -0.327249 -4.078258 0.000000
vt -0.392699 -4.158749 0.000000
vt -0.327249 -4.248185 0.000000
vt -0.392699 -4.343583 0.000000
vt -0.327249 -4.418112 0.000000
vt -0.392699 -4.528416 0.000000
vt -0.327249 -4.588040 0.000000
vt -0.392699 -4.713249 0.000000
vt -0.327249 -4.757967 0.000000
vt -0.392699 -4.898083 0.000000
vt -0.327249 -4.927895 0.000000
vt -0.392699 -5.082916 0.000000
vt -0.130900 5.267749 0.000000
vt -0.130900 5.097822 0.000000
vt -0.130900 4.927895 0.000000
vt -0.130900 4.757967 0.000000
vt -0.130900 4.588040 0.000000
vt -0.130900 4.418112 0.000000
vt -0.130900 4.248185 0.000000
vt -0.130900 4.078258 0.000000
vt -0.130900 3.908330 0.000000
vt -0.130900 3.738403 0.000000
vt -0.130900 3.568475 0.000000
vt -0.130900 3.398548 0.000000
vt -0.130900 3.228621 0.000000
vt -0.130900 3.058693 0.000000
vt -0.130900 2.888766 0.000000
vt -0.196350 5.267749 0.000000
vt -0.196350 5.097822 0.000000
vt -0.196350 4.927895 0.000000
vt -0.196350 4.757967 0.000000
vt -0.196350 4.588040 0.000000
vt -0.196350 4.418112 0.000000
vt -0.196350 4.248185 0.000000
vt -0.196350 4.078258 0.000000
vt -0.196350 3.908330 0.000000
vt -0.196350 3.738403 0.000000
vt -0.196350 3.568475 0.000000
vt -0.196350 3.398548 0.000000
vt -0.196350 3.228621 0.000000
vt -0.196350 3.058693 0.000000
vt -0.261799 5.267749 0.000000
vt -0.261799 5.097822 0.000000
vt -0.261799 4.927895 0.000000
vt -0.261799 4.757967 0.000000
vt -0.261799 4.588040 0.000000
vt -0.261799 4.418112 0.000000
vt -0.261799 4.248185 0.000000
vt -0.261799 4.078258 0.000000
vt -0.261799 3.908330 0.000000
vt -0.261799 3.738403 0.000000
vt -0.261799 3.568475 0.000000
vt -0.261799 3.398548 0.000000
vt -0.261799 3.228621 0.000000
vt -0.130900 -4.927895 0.000000
vt -0.130900 -4.757967 0.000000
vt -0.130900 -4.588040 0.000000
vt -0.130900 -4.418112 0.000000
vt -0.130900 -4.248185 0.000000
vt -0.130900 -4.078258 0.000000
vt -0.130900 -3.908330 0.000000
vt -0.196350 -4.927895 0.000000
vt -0.196350 -4.757967 0.000000
vt -0.196350 -4.588040 0.000000
vt -0.196350 -4.418112 0.000000
vt -0.196350 -4.248185 0.000000
vt -0.196350 -4.078258 0.000000
vt -0.196350 -3.908330 0.000000
vt -0.196350 -3.738403 0.000000
vt -0.261799 -4.927895 0.000000
vt -0.261799 -4.757967 0.000000
vt -0.261799 -4.588040 0.000000
vt -0.261799 -4.418112 0.000000
vt -0.261799 -4.248185 0.000000
vt -0.261799 -4.078258 0.000000
vt -0.261799 -3.908330 0.000000
vt -0.261799 -3.738403 0.000000
vt -0.261799 -3.568475 0.000000
vt -0.130900 -1.359419 0.000000
vt -0.130900 -1.189492 0.000000
vt -0.130900 -1.019564 0.000000
vt -0.130900 -0.849637 0.000000
vt -0.130900 -0.679710 0.000000
vt -0.130900 -0.509782 0.000000
vt -0.130900 -0.339855 0.000000
vt -0.130900 -0.169927 0.000000
vt -0.130900 0.000000 0.000000
vt -0.130900 0.169927 0.000000
vt -0.130900 0.339855 0.000000
vt -0.196350 -1.189492 0.000000
vt -0.261799 -1.019564 0.000000
vt -0.196350 -1.019564 0.000000
vt -0.196350 -0.849637 0.000000
vt -0.196350 -0.679710 0.000000
vt -0.196350 -0.509782 0.000000
vt -0.196350 -0.339855 0.000000
vt -0.196350 -0.169927 0.000000
vt -0.196350 0.000000 0.000000
vt -0.196350 0.169927 0.000000
vt -0.196350 0.339855 0.000000
vt -0.196350 0.509782 0.000000
vt -0.261799 -0.849637 0.000000
vt -0.261799 -0.679710 0.000000
vt -0.261799 -0.509782 0.000000
vt -0.261799 -0.339855 0.000000
vt -0.261799 -0.169927 0.000000
vt -0.261799 0.000000 0.000000
vt -0.261799 0.169927 0.000000
vt -0.261799 0.339855 0.000000
vt -0.261799 0.509782 0.000000
vt -0.261799 0.679710 0.000000
vt 0.991077 -0.133287 0.000000
vt 1.497722 -0.082632 0.000000
vt 1.000000 0.000000 0.000000
vt 1.497722 0.082632 0.000000
vt 0.991077 0.133287 0.000000
vt 1.479542 0.246892 0.000000
vt 0.964469 0.264195 0.000000
vt 1.443402 0.408155 0.000000
vt 1.389741 0.564464 0.000000
vt 1.479542 -0.246892 0.000000
vt 0.964469 -0.264195 0.000000
vt 1.443402 -0.408155 0.000000
vt 1.389741 -0.564464 0.000000
vt 0.920650 -0.390389 0.000000
vt 1.319211 -0.713921 0.000000
vt 0.860402 -0.509617 0.000000
vt 1.232667 -0.854712 0.000000
vt 0.784799 -0.619750 0.000000
vt 1.131160 -0.985128 0.000000
vt 0.695192 -0.718824 0.000000
vt 1.015922 -1.103586 0.000000
vt 0.593180 -0.805070 0.000000
vt 0.888353 -1.208648 0.000000
vt 0.750000 -1.299038 0.000000
vt 0.480582 -0.876950 0.000000
vt 0.602543 -1.373660 0.000000
vt 0.359408 -0.933181 0.000000
vt 0.447772 -1.431608 0.000000
vt 0.231820 -0.972759 0.000000
vt 0.287566 -1.472177 0.000000
vt 0.100096 -0.994978 0.000000
vt 0.123869 -1.494877 0.000000
vt -0.033415 -0.999442 0.000000
vt -0.041332 -1.499430 0.000000
vt -0.206030 -1.485783 0.000000
vt -0.166329 -0.986070 0.000000
vt -0.368228 -1.454100 0.000000
vt -0.296276 -0.955102 0.000000
vt -0.525956 -1.404767 0.000000
vt -0.420935 -0.907091 0.000000
vt -0.677300 -1.338381 0.000000
vt -0.538082 -0.842892 0.000000
vt -0.820422 -1.255750 0.000000
vt -0.953586 -1.157875 0.000000
vt -0.645628 -0.763652 0.000000
vt -1.075174 -1.045945 0.000000
vt -0.741652 -0.670785 0.000000
vt -1.183711 -0.921319 0.000000
vt -0.824442 -0.565947 0.000000
vt -1.277879 -0.785509 0.000000
vt -0.892519 -0.451010 0.000000
vt -1.356536 -0.640165 0.000000
vt -0.944669 -0.328025 0.000000
vt -1.418726 -0.487049 0.000000
vt -1.463695 -0.328022 0.000000
vt -0.979962 -0.199186 0.000000
vt -1.490896 -0.165012 0.000000
vt -0.997767 -0.066793 0.000000
vt -1.500000 0.000000 0.000000
vt -0.997767 0.066793 0.000000
vt -1.490896 0.165012 0.000000
vt -0.979962 0.199186 0.000000
vt -1.463695 0.328022 0.000000
vt -0.944669 0.328025 0.000000
vt -1.418726 0.487049 0.000000
vt -1.356536 0.640165 0.000000
vt -0.892519 0.451010 0.000000
vt -1.277879 0.785509 0.000000
vt -0.824442 0.565947 0.000000
vt -1.183711 0.921319 0.000000
vt -0.741652 0.670785 0.000000
vt -1.075174 1.045945 0.000000
vt -0.645628 0.763652 0.000000
vt -0.953586 1.157875 0.000000
vt -0.538082 0.842892 0.000000
vt -0.820422 1.255750 0.000000
vt -0.677300 1.338381 0.000000
vt -0.420935 0.907091 0.000000
vt -0.525956 1.404767 0.000000
vt -0.296276 0.955102 0.000000
vt -0.368228 1.454100 0.000000
vt -0.166329 0.986070 0.000000
vt -0.206030 1.485783 0.000000
vt -0.033415 0.999442 0.000000
vt -0.041332 1.499430 0.000000
vt 0.123869 1.494877 0.000000
vt 0.100096 0.994978 0.000000
vt 0.287566 1.472177 0.000000
vt 0.231820 0.972759 0.000000
vt 0.447772 1.431608 0.000000
vt 0.359408 0.933181 0.000000
vt 0.602543 1.373660 0.000000
vt 0.480582 0.876950 0.000000
vt 0.750000 1.299038 0.000000
vt 0.593180 0.805070 0.000000
vt 0.888353 1.208648 0.000000
vt 1.015922 1.103586 0.000000
vt 0.695192 0.718824 0.000000
vt 1.131160 0.985128 0.000000
vt 0.784799 0.619750 0.000000
vt 1.232667 0.854712 0.000000
vt 0.860402 0.509617 0.000000
vt 1.319211 0.713921 0.000000
vt 0.920650 0.390389 0.000000
vn -0.099027 -0.013917 0.000000
vn -0.099027 -0.013917 0.000000
vn -0.100000 -0.000000 0.000000
vn -0.100000 -0.000000 0.000000
vn -0.099027 0.013917 0.000000
vn -0.099027 0.013917 0.000000
vn -0.096126 0.027564 0.000000
vn -0.096126 0.027564 0.000000
vn -0.091355 0.040674 0.000000
vn -0.091355 0.040674 0.000000
vn -0.084805 0.052992 0.000000
vn -0.084805 0.052992 0.000000
vn -0.076604 0.064279 0.000000
vn -0.076604 0.064279 0.000000
vn -0.066913 0.074314 0.000000
vn -0.066913 0.074314 0.000000
vn -0.055919 0.082904 0.000000
vn -0.055919 0.082904 0.000000
vn -0.043837 0.089879 0.000000
vn -0.043837 0.089879 0.000000
vn -0.030902 0.095106 0.000000
vn -0.030902 0.095106 0.000000
vn -0.017365 0.098481 0.000000
vn -0.017365 0.098481 0.000000
vn -0.003490 0.099939 0.000000
vn -0.003490 0.099939 0.000000
vn 0.010453 0.099452 0.000000
vn 0.010453 0.099452 0.000000
vn 0.024192 0.097030 0.000000
vn 0.024192 0.097030 0.000000
vn 0.037461 0.092718 0.000000
vn 0.037461 0.092718 0.000000
vn 0.050000 0.086603 0.000000
vn 0.050000 0.086603 0.000000
vn 0.061566 0.078801 0.000000
vn 0.061566 0.078801 0.000000
vn 0.071934 0.069466 0.000000
vn 0.071934 0.069466 0.000000
vn 0.080902 0.058779 0.000000
vn 0.080902 0.058779 0.000000
vn 0.088295 0.046947 0.000000
vn 0.088295 0.046947 0.000000
vn 0.093969 0.034202 0.000000
vn 0.093969 0.034202 0.000000
vn 0.097815 0.020791 0.000000
vn 0.097815 0.020791 0.000000
vn 0.099756 0.006976 0.000000
vn 0.099756 0.006976 0.000000
vn 0.099756 -0.006976 0.000000
vn 0.099756 -0.006976 0.000000
vn 0.097815 -0.020791 0.000000
vn 0.097815 -0.020791 0.000000
vn 0.093969 -0.034202 0.000000
vn 0.093969 -0.034202 0.000000
vn 0.088295 -0.046947 0.000000
vn 0.088295 -0.046947 0.000000
vn 0.080902 -0.058779 0.000000
vn 0.080902 -0.058779 0.000000
vn 0.071934 -0.069466 0.000000
vn 0.071934 -0.069466 0.000000
vn 0.061566 -0.078801 0.000000
vn 0.061566 -0.078801 0.000000
vn 0.050000 -0.086603 0.000000
vn 0.050000 -0.086603 0.000000
vn 0.037461 -0.092718 0.000000
vn 0.037461 -0.092718 0.000000
vn 0.024192 -0.097030 0.000000
vn 0.024192 -0.097030 0.000000
vn 0.010453 -0.099452 0.000000
vn 0.010453 -0.099452 0.000000
vn -0.003490 -0.099939 0.000000
vn -0.003490 -0.099939 0.000000
vn -0.017365 -0.098481 0.000000
vn -0.017365 -0.098481 0.000000
vn -0.030902 -0.095106 0.000000
vn -0.030902 -0.095106 0.000000
vn -0.043837 -0.089879 0.000000
vn -0.043837 -0.089879 0.000000
vn -0.055919 -0.082904 0.000000
vn -0.055919 -0.082904 0.000000
vn -0.066913 -0.074314 0.000000
vn -0.066913 -0.074314 0.000000
vn -0.076604 -0.064279 0.000000
vn -0.076604 -0.064279 0.000000
vn -0.084805 -0.052992 0.000000
vn -0.084805 -0.052992 0.000000
vn -0.091355 -0.040674 0.000000
vn -0.091355 -0.040674 0.000000
vn -0.096126 -0.027564 0.000000
vn -0.096126 -0.027564 0.000000
vn 0.000000 -0.000000 0.100000
vn 0.025740 -0.002705 0.096593
vn 0.000000 -0.000000 0.100000
vn 0.025882 -0.000000 0.096593
vn 0.025740 0.002705 0.096593
vn 0.050000 0.000000 0.086603
vn 0.049726 0.005226 0.086603
vn 0.070711 0.000000 0.070711
vn 0.070323 0.007391 0.070711
vn 0.086603 0.000000 0.050000
vn 0.086128 0.009052 0.050000
vn 0.096593 0.000000 0.025882
vn 0.096063 0.010097 0.025882
vn 0.100000 0.000000 0.000000
vn 0.099452 0.010453 0.000000
vn 0.025316 -0.005381 0.096593
vn 0.000000 -0.000000 0.100000
vn 0.024615 -0.007998 0.096593
vn 0.000000 -0.000000 0.100000
vn 0.023644 -0.010527 0.096593
vn 0.000000 -0.000000 0.100000
vn 0.022414 -0.012941 0.096593
vn 0.000000 -0.000000 0.100000
vn 0.020939 -0.015213 0.096593
vn 0.000000 -0.000000 0.100000
vn 0.019234 -0.017318 0.096593
vn 0.000000 -0.000000 0.100000
vn 0.017318 -0.019234 0.096593
vn 0.000000 -0.000000 0.100000
vn 0.015213 -0.020939 0.096593
vn 0.000000 -0.000000 0.100000
vn 0.012941 -0.022414 0.096593
vn 0.000000 -0.000000 0.100000
vn 0.010527 -0.023644 0.096593
vn 0.000000 -0.000000 0.100000
vn 0.007998 -0.024615 0.096593
vn 0.000000 -0.000000 0.100000
vn 0.005381 -0.025316 0.096593
vn 0.000000 -0.000000 0.100000
vn 0.002705 -0.025740 0.096593
vn 0.000000 -0.000000 0.100000
vn -0.000000 -0.025882 0.096593
vn -0.000000 -0.000000 0.100000
vn -0.002705 -0.025740 0.096593
vn -0.000000 -0.000000 0.100000
vn -0.005381 -0.025316 0.096593
vn -0.000000 -0.000000 0.100000
vn -0.007998 -0.024615 0.096593
vn -0.000000 -0.000000 0.100000
vn -0.010527 -0.023644 0.096593
vn -0.000000 -0.000000 0.100000
vn -0.012941 -0.022414 0.096593
vn -0.015213 -0.020939 0.096593
vn -0.029389 -0.040451 0.086603
vn -0.033457 -0.037157 0.086603
vn -0.047315 -0.052548 0.070711
vn -0.052548 -0.047315 0.070711
vn -0.064358 -0.057948 0.050000
vn -0.070063 -0.050904 0.050000
vn -0.078145 -0.056776 0.025882
vn -0.083652 -0.048296 0.025882
vn -0.086603 -0.050000 0.000000
vn -0.091355 -0.040674 0.000000
vn -0.088242 -0.039288 0.025882
vn -0.095106 -0.030902 0.000000
vn -0.091865 -0.029849 0.025882
vn -0.097815 -0.020791 0.000000
vn -0.094482 -0.020083 0.025882
vn -0.099452 -0.010453 0.000000
vn -0.096063 -0.010097 0.025882
vn -0.100000 0.000000 0.000000
vn -0.096593 0.000000 0.025882
vn -0.099452 0.010453 0.000000
vn -0.096063 0.010097 0.025882
vn -0.097815 0.020791 0.000000
vn -0.094482 0.020083 0.025882
vn -0.095106 0.030902 0.000000
vn -0.091865 0.029849 0.025882
vn -0.091355 0.040674 0.000000
vn -0.088242 0.039288 0.025882
vn -0.086603 0.050000 0.000000
vn -0.083652 0.048296 0.025882
vn -0.080902 0.058779 0.000000
vn -0.078145 0.056776 0.025882
vn -0.074314 0.066913 0.000000
vn -0.071782 0.064633 0.025882
vn -0.066913 0.074314 0.000000
vn -0.064633 0.071782 0.025882
vn -0.058779 0.080902 0.000000
vn -0.056776 0.078145 0.025882
vn -0.050000 0.086603 0.000000
vn -0.048296 0.083652 0.025882
vn -0.040674 0.091355 0.000000
vn -0.039288 0.088242 0.025882
vn -0.030902 0.095106 0.000000
vn -0.029849 0.091865 0.025882
vn -0.020791 0.097815 0.000000
vn -0.020083 0.094482 0.025882
vn -0.010453 0.099452 0.000000
vn -0.010097 0.096063 0.025882
vn -0.000000 0.100000 0.000000
vn -0.000000 0.096593 0.025882
vn 0.010453 0.099452 0.000000
vn 0.010097 0.096063 0.025882
vn 0.020791 0.097815 0.000000
vn 0.020083 0.094482 0.025882
vn 0.030902 0.095106 0.000000
vn 0.029849 0.091865 0.025882
vn 0.040674 0.091355 0.000000
vn 0.039288 0.088242 0.025882
vn 0.050000 0.086603 0.000000
vn 0.048296 0.083652 0.025882
vn 0.058779 0.080902 0.000000
vn 0.056776 0.078145 0.025882
vn 0.066913 0.074314 0.000000
vn 0.064633 0.071782 0.025882
vn 0.074314 0.066913 0.000000
vn 0.071782 0.064633 0.025882
vn 0.080902 0.058779 0.000000
vn 0.078145 0.056776 0.025882
vn 0.086603 0.050000 0.000000
vn 0.083652 0.048296 0.025882
vn 0.091355 0.040674 0.000000
vn 0.088242 0.039288 0.025882
vn 0.095106 0.030902 0.000000
vn 0.091865 0.029849 0.025882
vn 0.097815 0.020791 0.000000
vn 0.094482 0.020083 0.025882
vn -0.000000 -0.000000 0.100000
vn -0.017318 -0.019234 0.096593
vn -0.037157 -0.033457 0.086603
vn -0.057206 -0.041563 0.070711
vn -0.075000 -0.043301 0.050000
vn -0.000000 -0.000000 0.100000
vn -0.019234 -0.017318 0.096593
vn -0.040451 -0.029389 0.086603
vn -0.061237 -0.035355 0.070711
vn -0.079115 -0.035224 0.050000
vn 0.000000 0.000000 0.100000
vn -0.020939 -0.015213 0.096593
vn -0.043301 -0.025000 0.086603
vn -0.064597 -0.028761 0.070711
vn -0.082364 -0.026762 0.050000
vn -0.000000 -0.000000 0.100000
vn -0.022414 -0.012941 0.096593
vn -0.045677 -0.020337 0.086603
vn -0.067250 -0.021851 0.070711
vn -0.084710 -0.018006 0.050000
vn -0.000000 -0.000000 0.100000
vn -0.023644 -0.010527 0.096593
vn -0.047553 -0.015451 0.086603
vn -0.069165 -0.014702 0.070711
vn -0.086128 -0.009052 0.050000
vn -0.000000 -0.000000 0.100000
vn -0.024615 -0.007998 0.096593
vn -0.048907 -0.010396 0.086603
vn -0.070323 -0.007391 0.070711
vn -0.086603 0.000000 0.050000
vn -0.000000 -0.000000 0.100000
vn -0.025316 -0.005381 0.096593
vn -0.049726 -0.005226 0.086603
vn -0.070711 0.000000 0.070711
vn -0.086128 0.009052 0.050000
vn -0.000000 -0.000000 0.100000
vn -0.025740 -0.002705 0.096593
vn -0.050000 0.000000 0.086603
vn -0.070323 0.007391 0.070711
vn -0.084710 0.018006 0.050000
vn -0.000000 -0.000000 0.100000
vn -0.025882 0.000000 0.096593
vn -0.049726 0.005226 0.086603
vn -0.069165 0.014702 0.070711
vn -0.082364 0.026762 0.050000
vn -0.000000 0.000000 0.100000
vn -0.025740 0.002705 0.096593
vn -0.048907 0.010396 0.086603
vn -0.067250 0.021851 0.070711
vn -0.079115 0.035224 0.050000
vn -0.000000 0.000000 0.100000
vn -0.025316 0.005381 0.096593
vn -0.047553 0.015451 0.086603
vn -0.064597 0.028761 0.070711
vn -0.075000 0.043301 0.050000
vn -0.000000 0.000000 0.100000
vn -0.024615 0.007998 0.096593
vn -0.045677 0.020337 0.086603
vn -0.061237 0.035355 0.070711
vn -0.070063 0.050904 0.050000
vn -0.000000 0.000000 0.100000
vn -0.023644 0.010527 0.096593
vn -0.043301 0.025000 0.086603
vn -0.057206 0.041563 0.070711
vn -0.064358 0.057948 0.050000
vn -0.000000 0.000000 0.100000
vn -0.022414 0.012941 0.096593
vn -0.040451 0.029389 0.086603
vn -0.052548 0.047315 0.070711
vn -0.057948 0.064358 0.050000
vn -0.000000 0.000000 0.100000
vn -0.020939 0.015213 0.096593
vn -0.037157 0.033457 0.086603
vn -0.047315 0.052548 0.070711
vn -0.050904 0.070063 0.050000
vn 0.000000 -0.000000 0.100000
vn -0.019234 0.017318 0.096593
vn -0.033457 0.037157 0.086603
vn -0.041563 0.057206 0.070711
vn -0.043301 0.075000 0.050000
vn -0.000000 0.000000 0.100000
vn -0.017318 0.019234 0.096593
vn -0.029389 0.040451 0.086603
vn -0.035355 0.061237 0.070711
vn -0.035224 0.079115 0.050000
vn -0.000000 0.000000 0.100000
vn -0.015213 0.020939 0.096593
vn -0.025000 0.043301 0.086603
vn -0.028761 0.064597 0.070711
vn -0.026762 0.082364 0.050000
vn 0.000000 -0.000000 0.100000
vn -0.012941 0.022414 0.096593
vn -0.020337 0.045677 0.086603
vn -0.021851 0.067250 0.070711
vn -0.018006 0.084710 0.050000
vn -0.010527 0.023644 0.096593
vn -0.000000 0.000000 0.100000
vn -0.007998 0.024615 0.096593
vn 0.000000 -0.000000 0.100000
vn -0.005381 0.025316 0.096593
vn -0.000000 0.000000 0.100000
vn -0.002705 0.025740 0.096593
vn -0.000000 0.000000 0.100000
vn -0.000000 0.025882 0.096593
vn 0.000000 0.000000 0.100000
vn 0.002705 0.025740 0.096593
vn 0.000000 0.000000 0.100000
vn 0.005381 0.025316 0.096593
vn 0.000000 0.000000 0.100000
vn 0.007998 0.024615 0.096593
vn 0.000000 0.000000 0.100000
vn 0.010527 0.023644 0.096593
vn 0.000000 0.000000 0.100000
vn 0.012941 0.022414 0.096593
vn 0.000000 0.000000 0.100000
vn 0.015213 0.020939 0.096593
vn 0.000000 0.000000 0.100000
vn 0.017318 0.019234 0.096593
vn 0.000000 0.000000 0.100000
vn 0.019234 0.017318 0.096593
vn 0.000000 0.000000 0.100000
vn 0.020939 0.015213 0.096593
vn 0.000000 0.000000 0.100000
vn 0.022414 0.012941 0.096593
vn 0.000000 0.000000 0.100000
vn 0.023644 0.010527 0.096593
vn 0.000000 0.000000 0.100000
vn 0.024615 0.007998 0.096593
vn 0.000000 0.000000 0.100000
vn 0.025316 0.005381 0.096593
vn 0.000000 0.000000 0.100000
vn -0.080902 -0.058779 0.000000
vn -0.071782 -0.064633 0.025882
vn -0.057948 -0.064358 0.050000
vn -0.041563 -0.057206 0.070711
vn -0.025000 -0.043301 0.086603
vn -0.074314 -0.066913 0.000000
vn -0.064633 -0.071782 0.025882
vn -0.050904 -0.070063 0.050000
vn -0.035355 -0.061237 0.070711
vn -0.020337 -0.045677 0.086603
vn -0.066913 -0.074314 0.000000
vn -0.056776 -0.078145 0.025882
vn -0.043301 -0.075000 0.050000
vn -0.028761 -0.064597 0.070711
vn -0.015451 -0.047553 0.086603
vn -0.058779 -0.080902 0.000000
vn -0.048296 -0.083652 0.025882
vn -0.035224 -0.079115 0.050000
vn -0.021851 -0.067250 0.070711
vn -0.010396 -0.048907 0.086603
vn -0.050000 -0.086603 0.000000
vn -0.039288 -0.088242 0.025882
vn -0.026762 -0.082364 0.050000
vn -0.014702 -0.069165 0.070711
vn -0.005226 -0.049726 0.086603
vn -0.040674 -0.091355 0.000000
vn -0.029849 -0.091865 0.025882
vn -0.018006 -0.084710 0.050000
vn -0.007391 -0.070323 0.070711
vn -0.000000 -0.050000 0.086603
vn -0.030902 -0.095106 0.000000
vn -0.020083 -0.094482 0.025882
vn -0.009052 -0.086128 0.050000
vn -0.000000 -0.070711 0.070711
vn 0.005226 -0.049726 0.086603
vn -0.020791 -0.097815 0.000000
vn -0.010097 -0.096063 0.025882
vn -0.000000 -0.086603 0.050000
vn 0.007391 -0.070323 0.070711
vn 0.010396 -0.048907 0.086603
vn -0.010453 -0.099452 0.000000
vn -0.000000 -0.096593 0.025882
vn 0.009052 -0.086128 0.050000
vn 0.014702 -0.069165 0.070711
vn 0.015451 -0.047553 0.086603
vn -0.000000 -0.100000 0.000000
vn 0.010097 -0.096063 0.025882
vn 0.018006 -0.084710 0.050000
vn 0.021851 -0.067250 0.070711
vn 0.020337 -0.045677 0.086603
vn 0.010453 -0.099452 0.000000
vn 0.020083 -0.094482 0.025882
vn 0.026762 -0.082364 0.050000
vn 0.028761 -0.064597 0.070711
vn 0.025000 -0.043301 0.086603
vn 0.020791 -0.097815 0.000000
vn 0.029849 -0.091865 0.025882
vn 0.035224 -0.079115 0.050000
vn 0.035355 -0.061237 0.070711
vn 0.029389 -0.040451 0.086603
vn 0.030902 -0.095106 0.000000
vn 0.039288 -0.088242 0.025882
vn 0.043301 -0.075000 0.050000
vn 0.041563 -0.057206 0.070711
vn 0.033457 -0.037157 0.086603
vn 0.040674 -0.091355 0.000000
vn 0.048296 -0.083652 0.025882
vn 0.050904 -0.070063 0.050000
vn 0.047315 -0.052548 0.070711
vn 0.037157 -0.033457 0.086603
vn 0.050000 -0.086603 0.000000
vn 0.056776 -0.078145 0.025882
vn 0.057948 -0.064358 0.050000
vn 0.052548 -0.047315 0.070711
vn 0.040451 -0.029389 0.086603
vn 0.058779 -0.080902 0.000000
vn 0.064633 -0.071782 0.025882
vn 0.064358 -0.057948 0.050000
vn 0.057206 -0.041563 0.070711
vn 0.043301 -0.025000 0.086603
vn 0.066913 -0.074314 0.000000
vn 0.071782 -0.064633 0.025882
vn 0.070063 -0.050904 0.050000
vn 0.061237 -0.035355 0.070711
vn 0.045677 -0.020337 0.086603
vn 0.074314 -0.066913 0.000000
vn 0.078145 -0.056776 0.025882
vn 0.075000 -0.043301 0.050000
vn 0.064597 -0.028761 0.070711
vn 0.047553 -0.015451 0.086603
vn 0.080902 -0.058779 0.000000
vn 0.083652 -0.048296 0.025882
vn 0.079115 -0.035224 0.050000
vn 0.067250 -0.021851 0.070711
vn 0.048907 -0.010396 0.086603
vn 0.086603 -0.050000 0.000000
vn 0.088242 -0.039288 0.025882
vn 0.082364 -0.026762 0.050000
vn 0.069165 -0.014702 0.070711
vn 0.049726 -0.005226 0.086603
vn 0.091355 -0.040674 0.000000
vn 0.091865 -0.029849 0.025882
vn 0.084710 -0.018006 0.050000
vn 0.070323 -0.007391 0.070711
vn 0.095106 -0.030902 0.000000
vn 0.094482 -0.020083 0.025882
vn 0.086128 -0.009052 0.050000
vn 0.097815 -0.020791 0.000000
vn 0.096063 -0.010097 0.025882
vn 0.099452 -0.010453 0.000000
vn -0.015451 0.047553 0.086603
vn -0.014702 0.069165 0.070711
vn -0.009052 0.086128 0.050000
vn -0.010396 0.048907 0.086603
vn -0.007391 0.070323 0.070711
vn -0.000000 0.086603 0.050000
vn -0.005226 0.049726 0.086603
vn -0.000000 0.070711 0.070711
vn 0.009052 0.086128 0.050000
vn -0.000000 0.050000 0.086603
vn 0.007391 0.070323 0.070711
vn 0.018006 0.084710 0.050000
vn 0.005226 0.049726 0.086603
vn 0.014702 0.069165 0.070711
vn 0.026762 0.082364 0.050000
vn 0.010396 0.048907 0.086603
vn 0.021851 0.067250 0.070711
vn 0.035224 0.079115 0.050000
vn 0.015451 0.047553 0.086603
vn 0.028761 0.064597 0.070711
vn 0.043301 0.075000 0.050000
vn 0.020337 0.045677 0.086603
vn 0.035355 0.061237 0.070711
vn 0.050904 0.070063 0.050000
vn 0.025000 0.043301 0.086603
vn 0.041563 0.057206 0.070711
vn 0.057948 0.064358 0.050000
vn 0.029389 0.040451 0.086603
vn 0.047315 0.052548 0.070711
vn 0.064358 0.057948 0.050000
vn 0.033457 0.037157 0.086603
vn 0.052548 0.047315 0.070711
vn 0.070063 0.050904 0.050000
vn 0.037157 0.033457 0.086603
vn 0.057206 0.041563 0.070711
vn 0.075000 0.043301 0.050000
vn 0.040451 0.029389 0.086603
vn 0.061237 0.035355 0.070711
vn 0.079115 0.035224 0.050000
vn 0.043301 0.025000 0.086603
vn 0.064597 0.028761 0.070711
vn 0.082364 0.026762 0.050000
vn 0.045677 0.020337 0.086603
vn 0.067250 0.021851 0.070711
vn 0.084710 0.018006 0.050000
vn 0.047553 0.015451 0.086603
vn 0.069165 0.014702 0.070711
vn 0.048907 0.010396 0.086603
vn 0.099452 0.010453 0.000000
vn 0.099452 0.010453 0.000000
vn 0.100000 0.000000 0.000000
vn 0.100000 0.000000 0.000000
vn 0.099452 -0.010453 0.000000
vn 0.099452 -0.010453 0.000000
vn 0.097815 -0.020791 0.000000
vn 0.097815 -0.020791 0.000000
vn 0.095106 -0.030902 0.000000
vn 0.095106 -0.030902 0.000000
vn 0.091355 -0.040674 0.000000
vn 0.091355 -0.040674 0.000000
vn 0.086603 -0.050000 0.000000
vn 0.086603 -0.050000 0.000000
vn 0.080902 -0.058779 0.000000
vn 0.080902 -0.058779 0.000000
vn 0.074314 -0.066913 0.000000
vn 0.074314 -0.066913 0.000000
vn 0.066913 -0.074314 0.000000
vn 0.066913 -0.074314 0.000000
vn 0.058779 -0.080902 0.000000
vn 0.058779 -0.080902 0.000000
vn 0.050000 -0.086603 0.000000
vn 0.050000 -0.086603 0.000000
vn 0.040674 -0.091355 0.000000
vn 0.040674 -0.091355 0.000000
vn 0.030902 -0.095106 0.000000
vn 0.030902 -0.095106 0.000000
vn 0.020791 -0.097815 0.000000
vn 0.020791 -0.097815 0.000000
vn 0.010453 -0.099452 0.000000
vn 0.010453 -0.099452 0.000000
vn -0.000000 -0.100000 0.000000
vn -0.000000 -0.100000 0.000000
vn -0.010453 -0.099452 0.000000
vn -0.010453 -0.099452 0.000000
vn -0.020791 -0.097815 0.000000
vn -0.020791 -0.097815 0.000000
vn -0.030902 -0.095106 0.000000
vn -0.030902 -0.095106 0.000000
vn -0.040674 -0.091355 0.000000
vn -0.040674 -0.091355 0.000000
vn -0.050000 -0.086603 0.000000
vn -0.050000 -0.086603 0.000000
vn -0.058779 -0.080902 0.000000
vn -0.058779 -0.080902 0.000000
vn -0.066913 -0.074314 0.000000
vn -0.066913 -0.074314 0.000000
vn -0.074314 -0.066913 0.000000
vn -0.074314 -0.066913 0.000000
vn -0.080902 -0.058779 0.000000
vn -0.080902 -0.058779 0.000000
vn -0.086603 -0.050000 0.000000
vn -0.086603 -0.050000 0.000000
vn -0.091355 -0.040674 0.000000
vn -0.091355 -0.040674 0.000000
vn -0.095106 -0.030902 0.000000
vn -0.095106 -0.030902 0.000000
vn -0.097815 -0.020791 0.000000
vn -0.097815 -0.020791 0.000000
vn -0.099452 -0.010453 0.000000
vn -0.099452 -0.010453 0.000000
vn -0.100000 0.000000 0.000000
vn -0.100000 0.000000 0.000000
vn -0.099452 0.010453 0.000000
vn -0.099452 0.010453 0.000000
vn -0.097815 0.020791 0.000000
vn -0.097815 0.020791 0.000000
vn -0.095106 0.030902 0.000000
vn -0.095106 0.030902 0.000000
vn -0.091355 0.040674 0.000000
vn -0.091355 0.040674 0.000000
vn -0.086603 0.050000 0.000000
vn -0.086603 0.050000 0.000000
vn -0.080902 0.058779 0.000000
vn -0.080902 0.058779 0.000000
vn -0.074314 0.066913 0.000000
vn -0.074314 0.066913 0.000000
vn -0.066913 0.074314 0.000000
vn -0.066913 0.074314 0.000000
vn -0.058779 0.080902 0.000000
vn -0.058779 0.080902 0.000000
vn -0.050000 0.086603 0.000000
vn -0.050000 0.086603 0.000000
vn -0.040674 0.091355 0.000000
vn -0.040674 0.091355 0.000000
vn -0.030902 0.095106 0.000000
vn -0.030902 0.095106 0.000000
vn -0.020791 0.097815 0.000000
vn -0.020791 0.097815 0.000000
vn -0.010453 0.099452 0.000000
vn -0.010453 0.099452 0.000000
vn -0.000000 0.100000 0.000000
vn -0.000000 0.100000 0.000000
vn 0.010453 0.099452 0.000000
vn 0.010453 0.099452 0.000000
vn 0.020791 0.097815 0.000000
vn 0.020791 0.097815 0.000000
vn 0.030902 0.095106 0.000000
vn 0.030902 0.095106 0.000000
vn 0.040674 0.091355 0.000000
vn 0.040674 0.091355 0.000000
vn 0.050000 0.086603 0.000000
vn 0.050000 0.086603 0.000000
vn 0.058779 0.080902 0.000000
vn 0.058779 0.080902 0.000000
vn 0.066913 0.074314 0.000000
vn 0.066913 0.074314 0.000000
vn 0.074314 0.066913 0.000000
vn 0.074314 0.066913 0.000000
vn 0.080902 0.058779 0.000000
vn 0.080902 0.058779 0.000000
vn 0.086603 0.050000 0.000000
vn 0.086603 0.050000 0.000000
vn 0.091355 0.040674 0.000000
vn 0.091355 0.040674 0.000000
vn 0.095106 0.030902 0.000000
vn 0.095106 0.030902 0.000000
vn 0.097815 0.020791 0.000000
vn 0.097815 0.020791 0.000000
vn 0.099452 -0.010453 0.000000
vn 0.100000 -0.000000 0.000000
vn 0.099452 0.010453 0.000000
vn 0.097815 0.020791 0.000000
vn 0.095106 0.030902 0.000000
vn 0.091355 0.040674 0.000000
vn 0.086603 0.050000 0.000000
vn 0.080902 0.058779 0.000000
vn 0.074314 0.066913 0.000000
vn 0.066913 0.074314 0.000000
vn 0.058779 0.080902 0.000000
vn 0.050000 0.086603 0.000000
vn 0.040674 0.091355 0.000000
vn 0.030902 0.095106 0.000000
vn 0.020791 0.097815 0.000000
vn 0.010453 0.099452 0.000000
vn -0.000000 0.100000 0.000000
vn -0.010453 0.099452 0.000000
vn -0.020791 0.097815 0.000000
vn -0.030902 0.095106 0.000000
vn -0.040674 0.091355 0.000000
vn -0.050000 0.086603 0.000000
vn -0.058779 0.080902 0.000000
vn -0.066913 0.074314 0.000000
vn -0.074314 0.066913 0.000000
vn -0.080902 0.058779 0.000000
vn -0.086603 0.050000 0.000000
vn -0.091355 0.040674 0.000000
vn -0.095106 0.030902 0.000000
vn -0.097815 0.020791 0.000000
vn -0.099452 0.010453 0.000000
vn -0.100000 0.000000 0.000000
vn -0.099452 -0.010453 0.000000
vn -0.097815 -0.020791 0.000000
vn -0.095106 -0.030902 0.000000
vn -0.091355 -0.040674 0.000000
vn -0.086603 -0.050000 0.000000
vn -0.080902 -0.058779 0.000000
vn -0.074314 -0.066913 0.000000
vn -0.066913 -0.074314 0.000000
vn -0.058779 -0.080902 0.000000
vn -0.050000 -0.086603 0.000000
vn -0.040674 -0.091355 0.000000
vn -0.030902 -0.095106 0.000000
vn -0.020791 -0.097815 0.000000
vn -0.010453 -0.099452 0.000000
vn -0.000000 -0.100000 0.000000
vn 0.010453 -0.099452 0.000000
vn 0.020791 -0.097815 0.000000
vn 0.030902 -0.095106 0.000000
vn 0.040674 -0.091355 0.000000
vn 0.050000 -0.086603 0.000000
vn 0.058779 -0.080902 0.000000
vn 0.066913 -0.074314 0.000000
vn 0.074314 -0.066913 0.000000
vn 0.080902 -0.058779 0.000000
vn 0.086603 -0.050000 0.000000
vn 0.091355 -0.040674 0.000000
vn 0.095106 -0.030902 0.000000
vn 0.097815 -0.020791 0.000000
vn 0.096063 -0.010097 -0.025882
vn 0.096593 -0.000000 -0.025882
vn 0.096063 0.010097 -0.025882
vn 0.094482 0.020083 -0.025882
vn 0.091865 0.029849 -0.025882
vn 0.088242 0.039288 -0.025882
vn 0.083652 0.048296 -0.025882
vn 0.078145 0.056776 -0.025882
vn 0.071782 0.064633 -0.025882
vn 0.064633 0.071782 -0.025882
vn 0.056776 0.078145 -0.025882
vn 0.048296 0.083652 -0.025882
vn 0.039288 0.088242 -0.025882
vn 0.029849 0.091865 -0.025882
vn 0.020083 0.094482 -0.025882
vn 0.010097 0.096063 -0.025882
vn -0.000000 0.096593 -0.025882
vn -0.010097 0.096063 -0.025882
vn -0.020083 0.094482 -0.025882
vn -0.029849 0.091865 -0.025882
vn -0.039288 0.088242 -0.025882
vn -0.048296 0.083652 -0.025882
vn -0.056776 0.078145 -0.025882
vn -0.064633 0.071782 -0.025882
vn -0.071782 0.064633 -0.025882
vn -0.078145 0.056776 -0.025882
vn -0.083652 0.048296 -0.025882
vn -0.088242 0.039288 -0.025882
vn -0.091865 0.029849 -0.025882
vn -0.094482 0.020083 -0.025882
vn -0.096063 0.010097 -0.025882
vn -0.096593 0.000000 -0.025882
vn -0.096063 -0.010097 -0.025882
vn -0.094482 -0.020083 -0.025882
vn -0.091865 -0.029849 -0.025882
vn -0.088242 -0.039288 -0.025882
vn -0.083652 -0.048296 -0.025882
vn -0.078145 -0.056776 -0.025882
vn -0.071782 -0.064633 -0.025882
vn -0.064633 -0.071782 -0.025882
vn -0.056776 -0.078145 -0.025882
vn -0.048296 -0.083652 -0.025882
vn -0.039288 -0.088242 -0.025882
vn -0.029849 -0.091865 -0.025882
vn -0.020083 -0.094482 -0.025882
vn -0.010097 -0.096063 -0.025882
vn -0.000000 -0.096593 -0.025882
vn 0.010097 -0.096063 -0.025882
vn 0.020083 -0.094482 -0.025882
vn 0.029849 -0.091865 -0.025882
vn 0.039288 -0.088242 -0.025882
vn 0.048296 -0.083652 -0.025882
vn 0.056776 -0.078145 -0.025882
vn 0.064633 -0.071782 -0.025882
vn 0.071782 -0.064633 -0.025882
vn 0.078145 -0.056776 -0.025882
vn 0.083652 -0.048296 -0.025882
vn 0.088242 -0.039288 -0.025882
vn 0.091865 -0.029849 -0.025882
vn 0.094482 -0.020083 -0.025882
vn 0.000000 0.000000 -0.100000
vn 0.025740 0.002705 -0.096593
vn 0.000000 0.000000 -0.100000
vn 0.025882 0.000000 -0.096593
vn 0.025740 -0.002705 -0.096593
vn 0.050000 -0.000000 -0.086603
vn 0.049726 -0.005226 -0.086603
vn 0.070711 -0.000000 -0.070711
vn 0.070323 -0.007391 -0.070711
vn 0.086603 -0.000000 -0.050000
vn 0.086128 -0.009052 -0.050000
vn 0.025316 0.005381 -0.096593
vn 0.000000 0.000000 -0.100000
vn 0.024615 0.007998 -0.096593
vn 0.000000 0.000000 -0.100000
vn 0.023644 0.010527 -0.096593
vn 0.000000 0.000000 -0.100000
vn 0.022414 0.012941 -0.096593
vn 0.000000 0.000000 -0.100000
vn 0.020939 0.015213 -0.096593
vn 0.000000 0.000000 -0.100000
vn 0.019234 0.017318 -0.096593
vn 0.000000 0.000000 -0.100000
vn 0.017318 0.019234 -0.096593
vn 0.000000 0.000000 -0.100000
vn 0.015213 0.020939 -0.096593
vn 0.000000 0.000000 -0.100000
vn 0.012941 0.022414 -0.096593
vn 0.000000 0.000000 -0.100000
vn 0.010527 0.023644 -0.096593
vn 0.000000 0.000000 -0.100000
vn 0.007998 0.024615 -0.096593
vn 0.000000 0.000000 -0.100000
vn 0.005381 0.025316 -0.096593
vn 0.000000 0.000000 -0.100000
vn 0.002705 0.025740 -0.096593
vn 0.000000 0.000000 -0.100000
vn -0.000000 0.025882 -0.096593
vn -0.000000 0.000000 -0.100000
vn -0.002705 0.025740 -0.096593
vn -0.000000 0.000000 -0.100000
vn -0.005381 0.025316 -0.096593
vn -0.000000 0.000000 -0.100000
vn -0.007998 0.024615 -0.096593
vn -0.000000 0.000000 -0.100000
vn -0.010527 0.023644 -0.096593
vn -0.000000 0.000000 -0.100000
vn -0.012941 0.022414 -0.096593
vn -0.015213 0.020939 -0.096593
vn -0.029389 0.040451 -0.086603
vn -0.033457 0.037157 -0.086603
vn -0.047315 0.052548 -0.070711
vn -0.052548 0.047315 -0.070711
vn -0.064358 0.057948 -0.050000
vn -0.070063 0.050904 -0.050000
vn -0.000000 0.000000 -0.100000
vn -0.017318 0.019234 -0.096593
vn -0.037157 0.033457 -0.086603
vn -0.057206 0.041563 -0.070711
vn -0.075000 0.043301 -0.050000
vn -0.000000 0.000000 -0.100000
vn -0.019234 0.017318 -0.096593
vn -0.040451 0.029389 -0.086603
vn -0.061237 0.035355 -0.070711
vn -0.079115 0.035224 -0.050000
vn 0.000000 -0.000000 -0.100000
vn -0.020939 0.015213 -0.096593
vn -0.043301 0.025000 -0.086603
vn -0.064597 0.028761 -0.070711
vn -0.082364 0.026762 -0.050000
vn -0.000000 0.000000 -0.100000
vn -0.022414 0.012941 -0.096593
vn -0.045677 0.020337 -0.086603
vn -0.067250 0.021851 -0.070711
vn -0.084710 0.018006 -0.050000
vn -0.000000 0.000000 -0.100000
vn -0.023644 0.010527 -0.096593
vn -0.047553 0.015451 -0.086603
vn -0.069165 0.014702 -0.070711
vn -0.086128 0.009052 -0.050000
vn -0.000000 0.000000 -0.100000
vn -0.024615 0.007998 -0.096593
vn -0.048907 0.010396 -0.086603
vn -0.070323 0.007391 -0.070711
vn -0.086603 0.000000 -0.050000
vn -0.000000 0.000000 -0.100000
vn -0.025316 0.005381 -0.096593
vn -0.049726 0.005226 -0.086603
vn -0.070711 0.000000 -0.070711
vn -0.086128 -0.009052 -0.050000
vn -0.000000 0.000000 -0.100000
vn -0.025740 0.002705 -0.096593
vn -0.050000 0.000000 -0.086603
vn -0.070323 -0.007391 -0.070711
vn -0.084710 -0.018006 -0.050000
vn -0.000000 0.000000 -0.100000
vn -0.025882 0.000000 -0.096593
vn -0.049726 -0.005226 -0.086603
vn -0.069165 -0.014702 -0.070711
vn -0.082364 -0.026762 -0.050000
vn -0.000000 -0.000000 -0.100000
vn -0.025740 -0.002705 -0.096593
vn -0.048907 -0.010396 -0.086603
vn -0.067250 -0.021851 -0.070711
vn -0.079115 -0.035224 -0.050000
vn -0.000000 -0.000000 -0.100000
vn -0.025316 -0.005381 -0.096593
vn -0.047553 -0.015451 -0.086603
vn -0.064597 -0.028761 -0.070711
vn -0.075000 -0.043301 -0.050000
vn -0.000000 -0.000000 -0.100000
vn -0.024615 -0.007998 -0.096593
vn -0.045677 -0.020337 -0.086603
vn -0.061237 -0.035355 -0.070711
vn -0.070063 -0.050904 -0.050000
vn -0.000000 -0.000000 -0.100000
vn -0.023644 -0.010527 -0.096593
vn -0.043301 -0.025000 -0.086603
vn -0.057206 -0.041563 -0.070711
vn -0.064358 -0.057948 -0.050000
vn -0.000000 -0.000000 -0.100000
vn -0.022414 -0.012941 -0.096593
vn -0.040451 -0.029389 -0.086603
vn -0.052548 -0.047315 -0.070711
vn -0.057948 -0.064358 -0.050000
vn -0.000000 -0.000000 -0.100000
vn -0.020939 -0.015213 -0.096593
vn -0.037157 -0.033457 -0.086603
vn -0.047315 -0.052548 -0.070711
vn -0.050904 -0.070063 -0.050000
vn 0.000000 0.000000 -0.100000
vn -0.019234 -0.017318 -0.096593
vn -0.033457 -0.037157 -0.086603
vn -0.041563 -0.057206 -0.070711
vn -0.043301 -0.075000 -0.050000
vn -0.000000 -0.000000 -0.100000
vn -0.017318 -0.019234 -0.096593
vn -0.029389 -0.040451 -0.086603
vn -0.035355 -0.061237 -0.070711
vn -0.035224 -0.079115 -0.050000
vn -0.000000 -0.000000 -0.100000
vn -0.015213 -0.020939 -0.096593
vn -0.025000 -0.043301 -0.086603
vn -0.028761 -0.064597 -0.070711
vn -0.026762 -0.082364 -0.050000
vn 0.000000 0.000000 -0.100000
vn -0.012941 -0.022414 -0.096593
vn -0.020337 -0.045677 -0.086603
vn -0.021851 -0.067250 -0.070711
vn -0.018006 -0.084710 -0.050000
vn -0.010527 -0.023644 -0.096593
vn -0.000000 -0.000000 -0.100000
vn -0.007998 -0.024615 -0.096593
vn 0.000000 0.000000 -0.100000
vn -0.005381 -0.025316 -0.096593
vn -0.000000 -0.000000 -0.100000
vn -0.002705 -0.025740 -0.096593
vn -0.000000 -0.000000 -0.100000
vn -0.000000 -0.025882 -0.096593
vn 0.000000 -0.000000 -0.100000
vn 0.002705 -0.025740 -0.096593
vn 0.000000 -0.000000 -0.100000
vn 0.005381 -0.025316 -0.096593
vn 0.000000 -0.000000 -0.100000
vn 0.007998 -0.024615 -0.096593
vn 0.000000 -0.000000 -0.100000
vn 0.010527 -0.023644 -0.096593
vn 0.000000 -0.000000 -0.100000
vn 0.012941 -0.022414 -0.096593
vn 0.000000 -0.000000 -0.100000
vn 0.015213 -0.020939 -0.096593
vn 0.000000 -0.000000 -0.100000
vn 0.017318 -0.019234 -0.096593
vn 0.000000 -0.000000 -0.100000
vn 0.019234 -0.017318 -0.096593
vn 0.000000 -0.000000 -0.100000
vn 0.020939 -0.015213 -0.096593
vn 0.000000 -0.000000 -0.100000
vn 0.022414 -0.012941 -0.096593
vn 0.000000 -0.000000 -0.100000
vn 0.023644 -0.010527 -0.096593
vn 0.000000 -0.000000 -0.100000
vn 0.024615 -0.007998 -0.096593
vn 0.000000 -0.000000 -0.100000
vn 0.025316 -0.005381 -0.096593
vn 0.000000 -0.000000 -0.100000
vn 0.086128 0.009052 -0.050000
vn 0.084710 0.018006 -0.050000
vn 0.082364 0.026762 -0.050000
vn 0.079115 0.035224 -0.050000
vn 0.075000 0.043301 -0.050000
vn 0.070063 0.050904 -0.050000
vn 0.064358 0.057948 -0.050000
vn 0.057948 0.064358 -0.050000
vn 0.050904 0.070063 -0.050000
vn 0.043301 0.075000 -0.050000
vn 0.035224 0.079115 -0.050000
vn 0.026762 0.082364 -0.050000
vn 0.018006 0.084710 -0.050000
vn 0.009052 0.086128 -0.050000
vn -0.000000 0.086603 -0.050000
vn -0.009052 0.086128 -0.050000
vn -0.018006 0.084710 -0.050000
vn -0.026762 0.082364 -0.050000
vn -0.035224 0.079115 -0.050000
vn -0.043301 0.075000 -0.050000
vn -0.050904 0.070063 -0.050000
vn -0.057948 0.064358 -0.050000
vn 0.070323 0.007391 -0.070711
vn 0.069165 0.014702 -0.070711
vn 0.067250 0.021851 -0.070711
vn 0.064597 0.028761 -0.070711
vn 0.061237 0.035355 -0.070711
vn 0.057206 0.041563 -0.070711
vn 0.052548 0.047315 -0.070711
vn 0.047315 0.052548 -0.070711
vn 0.041563 0.057206 -0.070711
vn 0.035355 0.061237 -0.070711
vn 0.028761 0.064597 -0.070711
vn 0.021851 0.067250 -0.070711
vn 0.014702 0.069165 -0.070711
vn 0.007391 0.070323 -0.070711
vn -0.000000 0.070711 -0.070711
vn -0.007391 0.070323 -0.070711
vn -0.014702 0.069165 -0.070711
vn -0.021851 0.067250 -0.070711
vn -0.028761 0.064597 -0.070711
vn -0.035355 0.061237 -0.070711
vn -0.041563 0.057206 -0.070711
vn 0.049726 0.005226 -0.086603
vn 0.048907 0.010396 -0.086603
vn 0.047553 0.015451 -0.086603
vn 0.045677 0.020337 -0.086603
vn 0.043301 0.025000 -0.086603
vn 0.040451 0.029389 -0.086603
vn 0.037157 0.033457 -0.086603
vn 0.033457 0.037157 -0.086603
vn 0.029389 0.040451 -0.086603
vn 0.025000 0.043301 -0.086603
vn 0.020337 0.045677 -0.086603
vn 0.015451 0.047553 -0.086603
vn 0.010396 0.048907 -0.086603
vn 0.005226 0.049726 -0.086603
vn -0.000000 0.050000 -0.086603
vn -0.005226 0.049726 -0.086603
vn -0.010396 0.048907 -0.086603
vn -0.015451 0.047553 -0.086603
vn -0.020337 0.045677 -0.086603
vn -0.025000 0.043301 -0.086603
vn 0.084710 -0.018006 -0.050000
vn 0.082364 -0.026762 -0.050000
vn 0.079115 -0.035224 -0.050000
vn 0.075000 -0.043301 -0.050000
vn 0.070063 -0.050904 -0.050000
vn 0.064358 -0.057948 -0.050000
vn 0.057948 -0.064358 -0.050000
vn 0.050904 -0.070063 -0.050000
vn 0.043301 -0.075000 -0.050000
vn 0.035224 -0.079115 -0.050000
vn 0.026762 -0.082364 -0.050000
vn 0.018006 -0.084710 -0.050000
vn 0.009052 -0.086128 -0.050000
vn -0.000000 -0.086603 -0.050000
vn -0.009052 -0.086128 -0.050000
vn 0.069165 -0.014702 -0.070711
vn 0.067250 -0.021851 -0.070711
vn 0.064597 -0.028761 -0.070711
vn 0.061237 -0.035355 -0.070711
vn 0.057206 -0.041563 -0.070711
vn 0.052548 -0.047315 -0.070711
vn 0.047315 -0.052548 -0.070711
vn 0.041563 -0.057206 -0.070711
vn 0.035355 -0.061237 -0.070711
vn 0.028761 -0.064597 -0.070711
vn 0.021851 -0.067250 -0.070711
vn 0.014702 -0.069165 -0.070711
vn 0.007391 -0.070323 -0.070711
vn -0.000000 -0.070711 -0.070711
vn -0.007391 -0.070323 -0.070711
vn -0.014702 -0.069165 -0.070711
vn 0.048907 -0.010396 -0.086603
vn 0.047553 -0.015451 -0.086603
vn 0.045677 -0.020337 -0.086603
vn 0.043301 -0.025000 -0.086603
vn 0.040451 -0.029389 -0.086603
vn 0.037157 -0.033457 -0.086603
vn 0.033457 -0.037157 -0.086603
vn 0.029389 -0.040451 -0.086603
vn 0.025000 -0.043301 -0.086603
vn 0.020337 -0.045677 -0.086603
vn 0.015451 -0.047553 -0.086603
vn 0.010396 -0.048907 -0.086603
vn 0.005226 -0.049726 -0.086603
vn -0.000000 -0.050000 -0.086603
vn -0.005226 -0.049726 -0.086603
vn -0.010396 -0.048907 -0.086603
vn -0.015451 -0.047553 -0.086603
vn 0.000000 0.000000 -0.100000
vn 0.000000 0.000000 -0.100000
vn 0.000000 0.000000 -0.100000
vn 0.000000 0.000000 -0.100000
vn 0.000000 0.000000 -0.100000
vn 0.000000 0.000000 -0.100000
vn 0.000000 0.000000 -0.100000
vn 0.000000 0.000000 -0.100000
vn 0.000000 0.000000 -0.100000
vn 0.000000 0.000000 -0.100000
vn 0.000000 0.000000 -0.100000
vn 0.000000 0.000000 -0.100000
vn 0.000000 0.000000 -0.100000
vn 0.000000 0.000000 -0.100000
vn 0.000000 0.000000 -0.100000
vn 0.000000 0.000000 -0.100000
vn 0.000000 0.000000 -0.100000
vn 0.000000 0.000000 -0.100000
vn 0.000000 0.000000 -0.100000
vn 0.000000 0.000000 -0.100000
vn 0.000000 0.000000 -0.100000
vn 0.000000 0.000000 -0.100000
vn 0.000000 0.000000 -0.100000
vn 0.000000 0.000000 -0.100000
vn 0.000000 0.000000 -0.100000
vn 0.000000 0.000000 -0.100000
vn 0.000000 0.000000 -0.100000
vn 0.000000 0.000000 -0.100000
vn 0.000000 0.000000 -0.100000
vn 0.000000 0.000000 -0.100000
vn 0.000000 0.000000 -0.100000
vn 0.000000 0.000000 -0.100000
vn 0.000000 0.000000 -0.100000
vn 0.000000 0.000000 -0.100000
vn 0.000000 0.000000 -0.100000
vn 0.000000 0.000000 -0.100000
vn 0.000000 0.000000 -0.100000
vn 0.000000 0.000000 -0.100000
vn 0.000000 0.000000 -0.100000
vn 0.000000 0.000000 -0.100000
vn 0.000000 0.000000 -0.100000
vn 0.000000 0.000000 -0.100000
vn 0.000000 0.000000 -0.100000
vn 0.000000 0.000000 -0.100000
vn 0.000000 0.000000 -0.100000
vn 0.099108 0.013329 0.000000
vn 0.096377 0.006452 0.025882
vn 0.100000 0.000000 0.000000
vn 0.096377 -0.006452 0.025882
vn 0.099108 -0.013329 0.000000
vn 0.094657 -0.019240 0.025882
vn 0.096447 -0.026420 0.000000
vn 0.091248 -0.031685 0.025882
vn 0.092065 -0.039039 0.000000
vn 0.086211 -0.043564 0.025882
vn 0.086040 -0.050962 0.000000
vn 0.079635 -0.054666 0.025882
vn 0.078480 -0.061975 0.000000
vn 0.071638 -0.064793 0.025882
vn 0.069519 -0.071882 0.000000
vn 0.062363 -0.073763 0.025882
vn 0.059318 -0.080507 0.000000
vn 0.051975 -0.081417 0.025882
vn 0.048058 -0.087695 0.000000
vn 0.040659 -0.087618 0.025882
vn 0.035941 -0.093318 0.000000
vn 0.028618 -0.092256 0.025882
vn 0.023182 -0.097276 0.000000
vn 0.016066 -0.095247 0.025882
vn 0.010010 -0.099498 0.000000
vn 0.003228 -0.096539 0.025882
vn -0.003341 -0.099944 0.000000
vn -0.009669 -0.096107 0.025882
vn -0.016633 -0.098607 0.000000
vn -0.022392 -0.093961 0.025882
vn -0.029628 -0.095510 0.000000
vn -0.034716 -0.090138 0.025882
vn -0.042093 -0.090709 0.000000
vn -0.046421 -0.084707 0.025882
vn -0.053808 -0.084289 0.000000
vn -0.057297 -0.077764 0.025882
vn -0.064563 -0.076365 0.000000
vn -0.067150 -0.069433 0.025882
vn -0.074165 -0.067078 0.000000
vn -0.075806 -0.059863 0.025882
vn -0.082444 -0.056595 0.000000
vn -0.083108 -0.049225 0.025882
vn -0.089252 -0.045101 0.000000
vn -0.088928 -0.037709 0.025882
vn -0.094467 -0.032802 0.000000
vn -0.093161 -0.025519 0.025882
vn -0.097996 -0.019919 0.000000
vn -0.095731 -0.012875 0.025882
vn -0.099777 -0.006679 0.000000
vn -0.096593 -0.000000 0.025882
vn -0.099777 0.006679 -0.000000
vn -0.095731 0.012875 0.025882
vn -0.097996 0.019919 -0.000000
vn -0.093161 0.025519 0.025882
vn -0.094467 0.032802 -0.000000
vn -0.088928 0.037709 0.025882
vn -0.089252 0.045101 -0.000000
vn -0.083108 0.049225 0.025882
vn -0.082444 0.056595 -0.000000
vn -0.075806 0.059863 0.025882
vn -0.074165 0.067078 -0.000000
vn -0.067150 0.069433 0.025882
vn -0.064563 0.076365 -0.000000
vn -0.057297 0.077764 0.025882
vn -0.053808 0.084289 -0.000000
vn -0.046421 0.084707 0.025882
vn -0.042093 0.090709 -0.000000
vn -0.034716 0.090138 0.025882
vn -0.029628 0.095510 -0.000000
vn -0.022392 0.093961 0.025882
vn -0.016633 0.098607 -0.000000
vn -0.009669 0.096107 0.025882
vn -0.003341 0.099944 -0.000000
vn 0.003228 0.096539 0.025882
vn 0.010010 0.099498 0.000000
vn 0.016066 0.095247 0.025882
vn 0.023182 0.097276 0.000000
vn 0.028618 0.092256 0.025882
vn 0.035941 0.093318 0.000000
vn 0.040659 0.087618 0.025882
vn 0.048058 0.087695 0.000000
vn 0.051975 0.081417 0.025882
vn 0.059318 0.080507 0.000000
vn 0.062363 0.073763 0.025882
vn 0.069519 0.071882 0.000000
vn 0.071638 0.064793 0.025882
vn 0.078480 0.061975 0.000000
vn 0.079635 0.054666 0.025882
vn 0.086040 0.050962 0.000000
vn 0.086211 0.043564 0.025882
vn 0.092065 0.039039 0.000000
vn 0.091248 0.031685 0.025882
vn 0.096447 0.026420 0.000000
vn 0.094657 0.019240 0.025882
vn 0.000000 -0.000000 0.100000
vn 0.025824 -0.001729 0.096593
vn 0.000000 -0.000000 0.100000
vn 0.025824 0.001729 0.096593
vn 0.000000 0.000000 0.100000
vn 0.025363 0.005155 0.096593
vn 0.000000 0.000000 0.100000
vn 0.024450 0.008490 0.096593
vn 0.000000 0.000000 0.100000
vn 0.023100 0.011673 0.096593
vn 0.000000 0.000000 0.100000
vn 0.021338 0.014648 0.096593
vn 0.000000 0.000000 0.100000
vn 0.019195 0.017361 0.096593
vn 0.000000 0.000000 0.100000
vn 0.016710 0.019765 0.096593
vn 0.000000 0.000000 0.100000
vn 0.013927 0.021816 0.096593
vn 0.000000 0.000000 0.100000
vn 0.010895 0.023477 0.096593
vn 0.000000 0.000000 0.100000
vn 0.007668 0.024720 0.096593
vn 0.000000 0.000000 0.100000
vn 0.004305 0.025521 0.096593
vn 0.000000 0.000000 0.100000
vn 0.000865 0.025867 0.096593
vn -0.002591 0.025752 0.096593
vn 0.001671 0.049972 0.086603
vn -0.005005 0.049749 0.086603
vn 0.002363 0.070671 0.070711
vn -0.007078 0.070356 0.070711
vn 0.002894 0.086554 0.050000
vn -0.008669 0.086168 0.050000
vn 0.025363 -0.005155 0.096593
vn 0.000000 -0.000000 0.100000
vn 0.024450 -0.008490 0.096593
vn 0.000000 -0.000000 0.100000
vn 0.023100 -0.011673 0.096593
vn 0.000000 -0.000000 0.100000
vn 0.021338 -0.014648 0.096593
vn 0.000000 -0.000000 0.100000
vn 0.019195 -0.017361 0.096593
vn 0.000000 -0.000000 0.100000
vn 0.016710 -0.019765 0.096593
vn 0.000000 -0.000000 0.100000
vn 0.013927 -0.021816 0.096593
vn 0.000000 -0.000000 0.100000
vn 0.010895 -0.023477 0.096593
vn 0.000000 -0.000000 0.100000
vn 0.007668 -0.024720 0.096593
vn 0.000000 -0.000000 0.100000
vn 0.004305 -0.025521 0.096593
vn 0.000000 -0.000000 0.100000
vn 0.000865 -0.025867 0.096593
vn -0.002591 -0.025752 0.096593
vn -0.005005 -0.049749 0.086603
vn -0.011591 -0.048638 0.086603
vn -0.016392 -0.068784 0.070711
vn -0.025414 -0.065986 0.070711
vn -0.031126 -0.080816 0.050000
vn -0.041620 -0.075946 0.050000
vn -0.000000 -0.000000 0.100000
vn -0.006000 -0.025177 0.096593
vn -0.017970 -0.046659 0.086603
vn -0.033982 -0.062010 0.070711
vn -0.051371 -0.069721 0.050000
vn -0.000000 -0.000000 0.100000
vn -0.009302 -0.024152 0.096593
vn -0.024029 -0.043847 0.086603
vn -0.041944 -0.056927 0.070711
vn -0.060205 -0.062252 0.050000
vn 0.000000 0.000000 0.100000
vn -0.012438 -0.022697 0.096593
vn -0.029659 -0.040254 0.086603
vn -0.049158 -0.050829 0.070711
vn -0.067966 -0.053672 0.050000
vn -0.000000 -0.000000 0.100000
vn -0.015353 -0.020837 0.096593
vn -0.034760 -0.035941 0.086603
vn -0.055494 -0.043823 0.070711
vn -0.074513 -0.044134 0.050000
vn -0.000000 -0.000000 0.100000
vn -0.017993 -0.018605 0.096593
vn -0.039240 -0.030987 0.086603
vn -0.060840 -0.036035 0.070711
vn -0.079731 -0.033809 0.050000
vn -0.000000 -0.000000 0.100000
vn -0.020312 -0.016040 0.096593
vn -0.043020 -0.025481 0.086603
vn -0.065100 -0.027605 0.070711
vn -0.083525 -0.022880 0.050000
vn -0.000000 -0.000000 0.100000
vn -0.022269 -0.013190 0.096593
vn -0.046032 -0.019519 0.086603
vn -0.068198 -0.018681 0.070711
vn -0.085830 -0.011543 0.050000
vn -0.000000 -0.000000 0.100000
vn -0.023828 -0.010104 0.096593
vn -0.048223 -0.013210 0.086603
vn -0.070080 -0.009425 0.070711
vn -0.086603 -0.000000 0.050000
vn -0.000000 -0.000000 0.100000
vn -0.024962 -0.006838 0.096593
vn -0.049554 -0.006664 0.086603
vn -0.070711 -0.000000 0.070711
vn -0.085830 0.011543 0.050000
vn -0.000000 -0.000000 0.100000
vn -0.025651 -0.003450 0.096593
vn -0.050000 -0.000000 0.086603
vn -0.070080 0.009425 0.070711
vn -0.083525 0.022880 0.050000
vn -0.000000 -0.000000 0.100000
vn -0.025882 -0.000000 0.096593
vn -0.049554 0.006664 0.086603
vn -0.068198 0.018681 0.070711
vn -0.079731 0.033809 0.050000
vn -0.000000 0.000000 0.100000
vn -0.025651 0.003450 0.096593
vn -0.048223 0.013210 0.086603
vn -0.065100 0.027605 0.070711
vn -0.074513 0.044134 0.050000
vn -0.000000 0.000000 0.100000
vn -0.024962 0.006838 0.096593
vn -0.046032 0.019519 0.086603
vn -0.060840 0.036035 0.070711
vn -0.067966 0.053672 0.050000
vn -0.000000 0.000000 0.100000
vn -0.023828 0.010104 0.096593
vn -0.043020 0.025481 0.086603
vn -0.055494 0.043823 0.070711
vn -0.060205 0.062252 0.050000
vn -0.000000 0.000000 0.100000
vn -0.022269 0.013190 0.096593
vn -0.039240 0.030987 0.086603
vn -0.049158 0.050829 0.070711
vn -0.051371 0.069721 0.050000
vn -0.000000 0.000000 0.100000
vn -0.020312 0.016040 0.096593
vn -0.034760 0.035941 0.086603
vn -0.041944 0.056927 0.070711
vn -0.041620 0.075946 0.050000
vn -0.000000 0.000000 0.100000
vn -0.017993 0.018605 0.096593
vn -0.029659 0.040254 0.086603
vn -0.033982 0.062010 0.070711
vn -0.031126 0.080816 0.050000
vn -0.000000 0.000000 0.100000
vn -0.015353 0.020837 0.096593
vn -0.024029 0.043847 0.086603
vn -0.025414 0.065986 0.070711
vn -0.020076 0.084243 0.050000
vn -0.000000 0.000000 0.100000
vn -0.012438 0.022697 0.096593
vn -0.017970 0.046659 0.086603
vn -0.016392 0.068784 0.070711
vn 0.000000 -0.000000 0.100000
vn -0.009302 0.024152 0.096593
vn -0.011591 0.048638 0.086603
vn -0.000000 0.000000 0.100000
vn -0.006000 0.025177 0.096593
vn -0.000000 0.000000 0.100000
vn 0.086409 0.005784 0.050000
vn 0.086409 -0.005784 0.050000
vn 0.084867 -0.017250 0.050000
vn 0.081811 -0.028408 0.050000
vn 0.077294 -0.039059 0.050000
vn 0.071399 -0.049012 0.050000
vn 0.064229 -0.058092 0.050000
vn 0.055913 -0.066134 0.050000
vn 0.046599 -0.072997 0.050000
vn 0.036454 -0.078556 0.050000
vn 0.025658 -0.082714 0.050000
vn 0.014405 -0.085396 0.050000
vn 0.002894 -0.086554 0.050000
vn -0.008669 -0.086168 0.050000
vn -0.020076 -0.084243 0.050000
vn 0.070553 0.004723 0.070711
vn 0.070553 -0.004723 0.070711
vn 0.069294 -0.014085 0.070711
vn 0.066798 -0.023195 0.070711
vn 0.063111 -0.031891 0.070711
vn 0.058297 -0.040019 0.070711
vn 0.052443 -0.047432 0.070711
vn 0.045653 -0.053998 0.070711
vn 0.038048 -0.059601 0.070711
vn 0.029765 -0.064141 0.070711
vn 0.020950 -0.067536 0.070711
vn 0.011761 -0.069726 0.070711
vn 0.002363 -0.070671 0.070711
vn -0.007078 -0.070356 0.070711
vn 0.084867 0.017250 0.050000
vn 0.081811 0.028408 0.050000
vn 0.077294 0.039059 0.050000
vn 0.071399 0.049012 0.050000
vn 0.064229 0.058092 0.050000
vn 0.055913 0.066134 0.050000
vn 0.046599 0.072997 0.050000
vn 0.036454 0.078556 0.050000
vn 0.025658 0.082714 0.050000
vn 0.014405 0.085396 0.050000
vn 0.049888 0.003340 0.086603
vn 0.049888 -0.003340 0.086603
vn 0.048998 -0.009959 0.086603
vn 0.047233 -0.016401 0.086603
vn 0.044626 -0.022551 0.086603
vn 0.041222 -0.028297 0.086603
vn 0.037083 -0.033539 0.086603
vn 0.032281 -0.038183 0.086603
vn 0.026904 -0.042145 0.086603
vn 0.021047 -0.045355 0.086603
vn 0.014814 -0.047755 0.086603
vn 0.008316 -0.049304 0.086603
vn 0.001671 -0.049972 0.086603
vn 0.069294 0.014085 0.070711
vn 0.066798 0.023195 0.070711
vn 0.063111 0.031891 0.070711
vn 0.058297 0.040019 0.070711
vn 0.052443 0.047432 0.070711
vn 0.045653 0.053998 0.070711
vn 0.038048 0.059601 0.070711
vn 0.029765 0.064141 0.070711
vn 0.020950 0.067536 0.070711
vn 0.011761 0.069726 0.070711
vn 0.048998 0.009959 0.086603
vn 0.047233 0.016401 0.086603
vn 0.044626 0.022551 0.086603
vn 0.041222 0.028297 0.086603
vn 0.037083 0.033539 0.086603
vn 0.032281 0.038183 0.086603
vn 0.026904 0.042145 0.086603
vn 0.021047 0.045355 0.086603
vn 0.014814 0.047755 0.086603
vn 0.008316 0.049304 0.086603
vn 0.099108 0.013329 0.000000
vn 0.100000 0.000000 0.000000
vn 0.099108 -0.013329 0.000000
vn 0.096447 -0.026420 0.000000
vn 0.092065 -0.039039 0.000000
vn 0.086040 -0.050962 0.000000
vn 0.078480 -0.061975 0.000000
vn 0.069519 -0.071882 0.000000
vn 0.059318 -0.080507 0.000000
vn 0.048058 -0.087695 0.000000
vn 0.035941 -0.093318 0.000000
vn 0.023182 -0.097276 0.000000
vn 0.010010 -0.099498 0.000000
vn -0.003341 -0.099944 0.000000
vn -0.016633 -0.098607 0.000000
vn -0.029628 -0.095510 0.000000
vn -0.042093 -0.090709 0.000000
vn -0.053808 -0.084289 0.000000
vn -0.064563 -0.076365 0.000000
vn -0.074165 -0.067078 0.000000
vn -0.082444 -0.056595 0.000000
vn -0.089252 -0.045101 0.000000
vn -0.094467 -0.032802 0.000000
vn -0.097996 -0.019919 0.000000
vn -0.099777 -0.006679 0.000000
vn -0.099777 0.006679 -0.000000
vn -0.097996 0.019919 -0.000000
vn -0.094467 0.032802 -0.000000
vn -0.089252 0.045101 -0.000000
vn -0.082444 0.056595 -0.000000
vn -0.074165 0.067078 -0.000000
vn -0.064563 0.076365 -0.000000
vn -0.053808 0.084289 -0.000000
vn -0.042093 0.090709 -0.000000
vn -0.029628 0.095510 -0.000000
vn -0.016633 0.098607 -0.000000
vn -0.003341 0.099944 -0.000000
vn 0.010010 0.099498 0.000000
vn 0.023182 0.097276 0.000000
vn 0.035941 0.093318 0.000000
vn 0.048058 0.087695 0.000000
vn 0.059318 0.080507 0.000000
vn 0.069519 0.071882 0.000000
vn 0.078480 0.061975 0.000000
vn 0.086040 0.050962 0.000000
vn 0.092065 0.039039 0.000000
vn 0.096447 0.026420 0.000000
vn -0.000000 -0.000000 -0.100000
vn -0.025749 -0.002618 -0.096593
vn -0.000000 -0.000000 -0.100000
vn -0.025882 -0.000000 -0.096593
vn -0.025749 0.002618 -0.096593
vn -0.050000 0.000000 -0.086603
vn -0.049743 0.005058 -0.086603
vn -0.070711 0.000000 -0.070711
vn -0.070348 0.007154 -0.070711
vn -0.086603 0.000000 -0.050000
vn -0.086158 0.008761 -0.050000
vn -0.096593 0.000000 -0.025882
vn -0.096097 0.009772 -0.025882
vn -0.100000 0.000000 -0.000000
vn -0.099487 0.010117 -0.000000
vn -0.025352 -0.005210 -0.096593
vn -0.000000 -0.000000 -0.100000
vn -0.024695 -0.007748 -0.096593
vn -0.000000 -0.000000 -0.100000
vn -0.023784 -0.010207 -0.096593
vn -0.000000 -0.000000 -0.100000
vn -0.022630 -0.012561 -0.096593
vn -0.000000 -0.000000 -0.100000
vn -0.021243 -0.014786 -0.096593
vn -0.000000 -0.000000 -0.100000
vn -0.019638 -0.016859 -0.096593
vn -0.000000 -0.000000 -0.100000
vn -0.017832 -0.018759 -0.096593
vn -0.000000 -0.000000 -0.100000
vn -0.015842 -0.020467 -0.096593
vn -0.000000 -0.000000 -0.100000
vn -0.013691 -0.021965 -0.096593
vn -0.000000 -0.000000 -0.100000
vn -0.011398 -0.023237 -0.096593
vn -0.000000 -0.000000 -0.100000
vn -0.008989 -0.024271 -0.096593
vn -0.006487 -0.025056 -0.096593
vn -0.012533 -0.048404 -0.086603
vn -0.007571 -0.049423 -0.086603
vn -0.010708 -0.069895 -0.070711
vn -0.003581 -0.070620 -0.070711
vn -0.004386 -0.086491 -0.050000
vn 0.004386 -0.086491 -0.050000
vn 0.004892 -0.096469 -0.025882
vn 0.014627 -0.095479 -0.025882
vn 0.015143 -0.098847 0.000000
vn 0.025065 -0.096808 0.000000
vn 0.024211 -0.093509 -0.025882
vn 0.034731 -0.093775 0.000000
vn 0.033547 -0.090580 -0.025882
vn 0.044039 -0.089780 0.000000
vn 0.042539 -0.086721 -0.025882
vn 0.052896 -0.084864 0.000000
vn 0.051094 -0.081973 -0.025882
vn 0.061211 -0.079078 0.000000
vn 0.059125 -0.076383 -0.025882
vn 0.068897 -0.072479 0.000000
vn 0.066549 -0.070010 -0.025882
vn 0.075876 -0.065137 0.000000
vn 0.073290 -0.062918 -0.025882
vn 0.082076 -0.057127 0.000000
vn 0.079280 -0.055180 -0.025882
vn 0.087435 -0.048530 0.000000
vn 0.084455 -0.046877 -0.025882
vn 0.091896 -0.039436 0.000000
vn 0.088765 -0.038092 -0.025882
vn 0.095414 -0.029936 0.000000
vn 0.092163 -0.028916 -0.025882
vn 0.097953 -0.020130 0.000000
vn 0.094615 -0.019444 -0.025882
vn 0.099487 -0.010117 0.000000
vn 0.096097 -0.009772 -0.025882
vn 0.100000 0.000000 0.000000
vn 0.096593 0.000000 -0.025882
vn 0.099487 0.010117 0.000000
vn 0.096097 0.009772 -0.025882
vn 0.097953 0.020130 0.000000
vn 0.094615 0.019444 -0.025882
vn 0.095414 0.029936 0.000000
vn 0.092163 0.028916 -0.025882
vn 0.091896 0.039436 0.000000
vn 0.088765 0.038092 -0.025882
vn 0.087435 0.048530 0.000000
vn 0.084455 0.046877 -0.025882
vn 0.082076 0.057127 0.000000
vn 0.079280 0.055180 -0.025882
vn 0.075876 0.065137 0.000000
vn 0.073290 0.062918 -0.025882
vn 0.068897 0.072479 0.000000
vn 0.066549 0.070010 -0.025882
vn 0.061211 0.079078 0.000000
vn 0.059125 0.076383 -0.025882
vn 0.052896 0.084864 0.000000
vn 0.051094 0.081973 -0.025882
vn 0.044039 0.089780 0.000000
vn 0.042539 0.086721 -0.025882
vn 0.034731 0.093775 0.000000
vn 0.033547 0.090580 -0.025882
vn 0.025065 0.096808 0.000000
vn 0.024211 0.093509 -0.025882
vn 0.015143 0.098847 0.000000
vn 0.014627 0.095479 -0.025882
vn 0.005065 0.099872 0.000000
vn 0.004892 0.096469 -0.025882
vn -0.005065 0.099872 -0.000000
vn -0.004892 0.096469 -0.025882
vn -0.015143 0.098847 -0.000000
vn -0.014627 0.095479 -0.025882
vn -0.025065 0.096808 -0.000000
vn -0.024211 0.093509 -0.025882
vn -0.034731 0.093775 -0.000000
vn -0.033547 0.090580 -0.025882
vn -0.044039 0.089780 -0.000000
vn -0.042539 0.086721 -0.025882
vn -0.052896 0.084864 -0.000000
vn -0.051094 0.081973 -0.025882
vn -0.061211 0.079078 -0.000000
vn -0.059125 0.076383 -0.025882
vn -0.068897 0.072479 -0.000000
vn -0.066549 0.070010 -0.025882
vn -0.075876 0.065137 -0.000000
vn -0.073290 0.062918 -0.025882
vn -0.082076 0.057127 -0.000000
vn -0.079280 0.055180 -0.025882
vn -0.087435 0.048530 -0.000000
vn -0.084455 0.046877 -0.025882
vn -0.091896 0.039436 -0.000000
vn -0.088765 0.038092 -0.025882
vn -0.095414 0.029936 -0.000000
vn -0.092163 0.028916 -0.025882
vn -0.097953 0.020130 -0.000000
vn -0.094615 0.019444 -0.025882
vn -0.000000 -0.000000 -0.100000
vn -0.003919 -0.025583 -0.096593
vn -0.002532 -0.049936 -0.086603
vn 0.003581 -0.070620 -0.070711
vn 0.013114 -0.085604 -0.050000
vn -0.000000 -0.000000 -0.100000
vn -0.001311 -0.025849 -0.096593
vn 0.002532 -0.049936 -0.086603
vn 0.010708 -0.069895 -0.070711
vn 0.021707 -0.083838 -0.050000
vn -0.000000 -0.000000 -0.100000
vn 0.001311 -0.025849 -0.096593
vn 0.007571 -0.049423 -0.086603
vn 0.017724 -0.068453 -0.070711
vn 0.030078 -0.081212 -0.050000
vn 0.000000 -0.000000 -0.100000
vn 0.003919 -0.025583 -0.096593
vn 0.012533 -0.048404 -0.086603
vn 0.024558 -0.066309 -0.070711
vn 0.038139 -0.077752 -0.050000
vn 0.000000 -0.000000 -0.100000
vn 0.006487 -0.025056 -0.096593
vn 0.017365 -0.046888 -0.086603
vn 0.031141 -0.063484 -0.070711
vn 0.045810 -0.073495 -0.050000
vn -0.000000 0.000000 -0.100000
vn 0.008989 -0.024271 -0.096593
vn 0.022020 -0.044890 -0.086603
vn 0.037403 -0.060008 -0.070711
vn 0.053010 -0.068483 -0.050000
vn 0.000000 -0.000000 -0.100000
vn 0.011398 -0.023237 -0.096593
vn 0.026448 -0.042432 -0.086603
vn 0.043282 -0.055916 -0.070711
vn 0.059666 -0.062769 -0.050000
vn -0.000000 0.000000 -0.100000
vn 0.013691 -0.021965 -0.096593
vn 0.030605 -0.039539 -0.086603
vn 0.048717 -0.051251 -0.070711
vn 0.065710 -0.056411 -0.050000
vn 0.000000 -0.000000 -0.100000
vn 0.015842 -0.020467 -0.096593
vn 0.034448 -0.036240 -0.086603
vn 0.053652 -0.046059 -0.070711
vn 0.071080 -0.049473 -0.050000
vn 0.000000 -0.000000 -0.100000
vn 0.017832 -0.018759 -0.096593
vn 0.037938 -0.032569 -0.086603
vn 0.058037 -0.040395 -0.070711
vn 0.075721 -0.042028 -0.050000
vn -0.000000 0.000000 -0.100000
vn 0.019638 -0.016859 -0.096593
vn 0.041038 -0.028563 -0.086603
vn 0.061826 -0.034316 -0.070711
vn 0.079584 -0.034152 -0.050000
vn 0.000000 -0.000000 -0.100000
vn 0.021243 -0.014786 -0.096593
vn 0.043717 -0.024265 -0.086603
vn 0.064980 -0.027885 -0.070711
vn 0.082631 -0.025926 -0.050000
vn 0.022630 -0.012561 -0.096593
vn 0.000000 -0.000000 -0.100000
vn 0.023784 -0.010207 -0.096593
vn 0.000000 -0.000000 -0.100000
vn 0.024695 -0.007748 -0.096593
vn 0.000000 -0.000000 -0.100000
vn 0.025352 -0.005210 -0.096593
vn 0.000000 -0.000000 -0.100000
vn 0.025749 -0.002618 -0.096593
vn 0.000000 -0.000000 -0.100000
vn 0.025882 0.000000 -0.096593
vn 0.000000 0.000000 -0.100000
vn 0.025749 0.002618 -0.096593
vn 0.000000 0.000000 -0.100000
vn 0.025352 0.005210 -0.096593
vn 0.000000 0.000000 -0.100000
vn 0.024695 0.007748 -0.096593
vn 0.000000 0.000000 -0.100000
vn 0.023784 0.010207 -0.096593
vn 0.000000 0.000000 -0.100000
vn 0.022630 0.012561 -0.096593
vn 0.000000 0.000000 -0.100000
vn 0.021243 0.014786 -0.096593
vn 0.019638 0.016859 -0.096593
vn 0.037938 0.032569 -0.086603
vn 0.034448 0.036240 -0.086603
vn 0.048717 0.051251 -0.070711
vn 0.043282 0.055916 -0.070711
vn 0.053010 0.068483 -0.050000
vn 0.045810 0.073495 -0.050000
vn -0.000000 -0.000000 -0.100000
vn 0.017832 0.018759 -0.096593
vn 0.030605 0.039539 -0.086603
vn 0.037403 0.060008 -0.070711
vn 0.038139 0.077752 -0.050000
vn 0.000000 0.000000 -0.100000
vn 0.015842 0.020467 -0.096593
vn 0.026448 0.042432 -0.086603
vn 0.031141 0.063484 -0.070711
vn 0.030078 0.081212 -0.050000
vn 0.000000 0.000000 -0.100000
vn 0.013691 0.021965 -0.096593
vn 0.022020 0.044890 -0.086603
vn 0.024558 0.066309 -0.070711
vn 0.021707 0.083838 -0.050000
vn 0.000000 0.000000 -0.100000
vn 0.011398 0.023237 -0.096593
vn 0.017365 0.046888 -0.086603
vn 0.017724 0.068453 -0.070711
vn 0.013114 0.085604 -0.050000
vn 0.000000 0.000000 -0.100000
vn 0.008989 0.024271 -0.096593
vn 0.012533 0.048404 -0.086603
vn 0.010708 0.069895 -0.070711
vn 0.004386 0.086491 -0.050000
vn 0.000000 0.000000 -0.100000
vn 0.006487 0.025056 -0.096593
vn 0.007571 0.049423 -0.086603
vn 0.003581 0.070620 -0.070711
vn -0.004386 0.086491 -0.050000
vn 0.000000 0.000000 -0.100000
vn 0.003919 0.025583 -0.096593
vn 0.002532 0.049936 -0.086603
vn -0.003581 0.070620 -0.070711
vn -0.013114 0.085604 -0.050000
vn 0.000000 0.000000 -0.100000
vn 0.001311 0.025849 -0.096593
vn -0.002532 0.049936 -0.086603
vn -0.010708 0.069895 -0.070711
vn -0.021707 0.083838 -0.050000
vn -0.000000 0.000000 -0.100000
vn -0.001311 0.025849 -0.096593
vn -0.007571 0.049423 -0.086603
vn -0.017724 0.068453 -0.070711
vn -0.030078 0.081212 -0.050000
vn -0.000000 0.000000 -0.100000
vn -0.003919 0.025583 -0.096593
vn -0.012533 0.048404 -0.086603
vn -0.024558 0.066309 -0.070711
vn -0.038139 0.077752 -0.050000
vn -0.000000 0.000000 -0.100000
vn -0.006487 0.025056 -0.096593
vn -0.017365 0.046888 -0.086603
vn -0.031141 0.063484 -0.070711
vn -0.045810 0.073495 -0.050000
vn -0.000000 0.000000 -0.100000
vn -0.008989 0.024271 -0.096593
vn -0.022020 0.044890 -0.086603
vn -0.037403 0.060008 -0.070711
vn -0.053010 0.068483 -0.050000
vn -0.011398 0.023237 -0.096593
vn -0.000000 0.000000 -0.100000
vn -0.013691 0.021965 -0.096593
vn -0.000000 0.000000 -0.100000
vn -0.015842 0.020467 -0.096593
vn -0.000000 0.000000 -0.100000
vn -0.017832 0.018759 -0.096593
vn -0.000000 0.000000 -0.100000
vn -0.019638 0.016859 -0.096593
vn -0.000000 0.000000 -0.100000
vn -0.021243 0.014786 -0.096593
vn -0.000000 0.000000 -0.100000
vn -0.022630 0.012561 -0.096593
vn -0.000000 0.000000 -0.100000
vn -0.023784 0.010207 -0.096593
vn -0.000000 0.000000 -0.100000
vn -0.024695 0.007748 -0.096593
vn -0.000000 0.000000 -0.100000
vn -0.025352 0.005210 -0.096593
vn -0.000000 0.000000 -0.100000
vn 0.005065 -0.099872 0.000000
vn -0.004892 -0.096469 -0.025882
vn -0.013114 -0.085604 -0.050000
vn -0.017724 -0.068453 -0.070711
vn -0.017365 -0.046888 -0.086603
vn -0.005065 -0.099872 0.000000
vn -0.014627 -0.095479 -0.025882
vn -0.021707 -0.083838 -0.050000
vn -0.024558 -0.066309 -0.070711
vn -0.022020 -0.044890 -0.086603
vn -0.015143 -0.098847 0.000000
vn -0.024211 -0.093509 -0.025882
vn -0.030078 -0.081212 -0.050000
vn -0.031141 -0.063484 -0.070711
vn -0.026448 -0.042432 -0.086603
vn -0.025065 -0.096808 0.000000
vn -0.033547 -0.090580 -0.025882
vn -0.038139 -0.077752 -0.050000
vn -0.037403 -0.060008 -0.070711
vn -0.030605 -0.039539 -0.086603
vn -0.034731 -0.093775 0.000000
vn -0.042539 -0.086721 -0.025882
vn -0.045810 -0.073495 -0.050000
vn -0.043282 -0.055916 -0.070711
vn -0.034448 -0.036240 -0.086603
vn -0.044039 -0.089780 0.000000
vn -0.051094 -0.081973 -0.025882
vn -0.053010 -0.068483 -0.050000
vn -0.048717 -0.051251 -0.070711
vn -0.037938 -0.032569 -0.086603
vn -0.052896 -0.084864 0.000000
vn -0.059125 -0.076383 -0.025882
vn -0.059666 -0.062769 -0.050000
vn -0.053652 -0.046059 -0.070711
vn -0.041038 -0.028563 -0.086603
vn -0.061211 -0.079078 0.000000
vn -0.066549 -0.070010 -0.025882
vn -0.065710 -0.056411 -0.050000
vn -0.058037 -0.040395 -0.070711
vn -0.043717 -0.024265 -0.086603
vn -0.068897 -0.072479 0.000000
vn -0.073290 -0.062918 -0.025882
vn -0.071080 -0.049473 -0.050000
vn -0.061826 -0.034316 -0.070711
vn -0.045948 -0.019718 -0.086603
vn -0.075876 -0.065137 0.000000
vn -0.079280 -0.055180 -0.025882
vn -0.075721 -0.042028 -0.050000
vn -0.064980 -0.027885 -0.070711
vn -0.047707 -0.014968 -0.086603
vn -0.082076 -0.057127 0.000000
vn -0.084455 -0.046877 -0.025882
vn -0.079584 -0.034152 -0.050000
vn -0.067468 -0.021168 -0.070711
vn -0.048976 -0.010065 -0.086603
vn -0.087435 -0.048530 0.000000
vn -0.088765 -0.038092 -0.025882
vn -0.082631 -0.025926 -0.050000
vn -0.069263 -0.014234 -0.070711
vn -0.049743 -0.005058 -0.086603
vn -0.091896 -0.039436 0.000000
vn -0.092163 -0.028916 -0.025882
vn -0.084830 -0.017433 -0.050000
vn -0.070348 -0.007154 -0.070711
vn -0.095414 -0.029936 0.000000
vn -0.094615 -0.019444 -0.025882
vn -0.086158 -0.008761 -0.050000
vn -0.097953 -0.020130 0.000000
vn -0.096097 -0.009772 -0.025882
vn -0.099487 -0.010117 0.000000
vn 0.045948 -0.019718 -0.086603
vn 0.067468 -0.021168 -0.070711
vn 0.084830 -0.017433 -0.050000
vn 0.047707 -0.014968 -0.086603
vn 0.069263 -0.014234 -0.070711
vn 0.086158 -0.008761 -0.050000
vn 0.048976 -0.010065 -0.086603
vn 0.070348 -0.007154 -0.070711
vn 0.086603 0.000000 -0.050000
vn 0.049743 -0.005058 -0.086603
vn 0.070711 0.000000 -0.070711
vn 0.086158 0.008761 -0.050000
vn 0.050000 0.000000 -0.086603
vn 0.070348 0.007154 -0.070711
vn 0.084830 0.017433 -0.050000
vn 0.049743 0.005058 -0.086603
vn 0.069263 0.014234 -0.070711
vn 0.082631 0.025926 -0.050000
vn 0.048976 0.010065 -0.086603
vn 0.067468 0.021168 -0.070711
vn 0.079584 0.034152 -0.050000
vn 0.047707 0.014968 -0.086603
vn 0.064980 0.027885 -0.070711
vn 0.075721 0.042028 -0.050000
vn 0.045948 0.019718 -0.086603
vn 0.061826 0.034316 -0.070711
vn 0.071080 0.049473 -0.050000
vn 0.043717 0.024265 -0.086603
vn 0.058037 0.040395 -0.070711
vn 0.065710 0.056411 -0.050000
vn 0.041038 0.028563 -0.086603
vn 0.053652 0.046059 -0.070711
vn 0.059666 0.062769 -0.050000
vn -0.026448 0.042432 -0.086603
vn -0.043282 0.055916 -0.070711
vn -0.059666 0.062769 -0.050000
vn -0.030605 0.039539 -0.086603
vn -0.048717 0.051251 -0.070711
vn -0.065710 0.056411 -0.050000
vn -0.034448 0.036240 -0.086603
vn -0.053652 0.046059 -0.070711
vn -0.071080 0.049473 -0.050000
vn -0.037938 0.032569 -0.086603
vn -0.058037 0.040395 -0.070711
vn -0.075721 0.042028 -0.050000
vn -0.041038 0.028563 -0.086603
vn -0.061826 0.034316 -0.070711
vn -0.079584 0.034152 -0.050000
vn -0.043717 0.024265 -0.086603
vn -0.064980 0.027885 -0.070711
vn -0.082631 0.025926 -0.050000
vn -0.045948 0.019718 -0.086603
vn -0.067468 0.021168 -0.070711
vn -0.084830 0.017433 -0.050000
vn -0.047707 0.014968 -0.086603
vn -0.069263 0.014234 -0.070711
vn -0.048976 0.010065 -0.086603
vn -0.099487 0.010117 -0.000000
vn -0.099487 0.010117 -0.000000
vn -0.100000 0.000000 -0.000000
vn -0.100000 0.000000 -0.000000
vn -0.099487 -0.010117 0.000000
vn -0.099487 -0.010117 0.000000
vn -0.097953 -0.020130 0.000000
vn -0.097953 -0.020130 0.000000
vn -0.095414 -0.029936 0.000000
vn -0.095414 -0.029936 0.000000
vn -0.091896 -0.039436 0.000000
vn -0.091896 -0.039436 0.000000
vn -0.087435 -0.048530 0.000000
vn -0.087435 -0.048530 0.000000
vn -0.082076 -0.057127 0.000000
vn -0.082076 -0.057127 0.000000
vn -0.075876 -0.065137 0.000000
vn -0.075876 -0.065137 0.000000
vn -0.068897 -0.072479 0.000000
vn -0.068897 -0.072479 0.000000
vn -0.061211 -0.079078 0.000000
vn -0.061211 -0.079078 0.000000
vn -0.052896 -0.084864 0.000000
vn -0.052896 -0.084864 0.000000
vn -0.044039 -0.089780 0.000000
vn -0.044039 -0.089780 0.000000
vn -0.034731 -0.093775 0.000000
vn -0.034731 -0.093775 0.000000
vn -0.025065 -0.096808 0.000000
vn -0.025065 -0.096808 0.000000
vn -0.015143 -0.098847 0.000000
vn -0.015143 -0.098847 0.000000
vn -0.005065 -0.099872 0.000000
vn -0.005065 -0.099872 0.000000
vn 0.005065 -0.099872 0.000000
vn 0.005065 -0.099872 0.000000
vn 0.015143 -0.098847 0.000000
vn 0.015143 -0.098847 0.000000
vn 0.025065 -0.096808 0.000000
vn 0.025065 -0.096808 0.000000
vn 0.034731 -0.093775 0.000000
vn 0.034731 -0.093775 0.000000
vn 0.044039 -0.089780 0.000000
vn 0.044039 -0.089780 0.000000
vn 0.052896 -0.084864 0.000000
vn 0.052896 -0.084864 0.000000
vn 0.061211 -0.079078 0.000000
vn 0.061211 -0.079078 0.000000
vn 0.068897 -0.072479 0.000000
vn 0.068897 -0.072479 0.000000
vn 0.075876 -0.065137 0.000000
vn 0.075876 -0.065137 0.000000
vn 0.082076 -0.057127 0.000000
vn 0.082076 -0.057127 0.000000
vn 0.087435 -0.048530 0.000000
vn 0.087435 -0.048530 0.000000
vn 0.091896 -0.039436 0.000000
vn 0.091896 -0.039436 0.000000
vn 0.095414 -0.029936 0.000000
vn 0.095414 -0.029936 0.000000
vn 0.097953 -0.020130 0.000000
vn 0.097953 -0.020130 0.000000
vn 0.099487 -0.010117 0.000000
vn 0.099487 -0.010117 0.000000
vn 0.100000 0.000000 0.000000
vn 0.100000 0.000000 0.000000
vn 0.099487 0.010117 0.000000
vn 0.099487 0.010117 0.000000
vn 0.097953 0.020130 0.000000
vn 0.097953 0.020130 0.000000
vn 0.095414 0.029936 0.000000
vn 0.095414 0.029936 0.000000
vn 0.091896 0.039436 0.000000
vn 0.091896 0.039436 0.000000
vn 0.087435 0.048530 0.000000
vn 0.087435 0.048530 0.000000
vn 0.082076 0.057127 0.000000
vn 0.082076 0.057127 0.000000
vn 0.075876 0.065137 0.000000
vn 0.075876 0.065137 0.000000
vn 0.068897 0.072479 0.000000
vn 0.068897 0.072479 0.000000
vn 0.061211 0.079078 0.000000
vn 0.061211 0.079078 0.000000
vn 0.052896 0.084864 0.000000
vn 0.052896 0.084864 0.000000
vn 0.044039 0.089780 0.000000
vn 0.044039 0.089780 0.000000
vn 0.034731 0.093775 0.000000
vn 0.034731 0.093775 0.000000
vn 0.025065 0.096808 0.000000
vn 0.025065 0.096808 0.000000
vn 0.015143 0.098847 0.000000
vn 0.015143 0.098847 0.000000
vn 0.005065 0.099872 0.000000
vn 0.005065 0.099872 0.000000
vn -0.005065 0.099872 -0.000000
vn -0.005065 0.099872 -0.000000
vn -0.015143 0.098847 -0.000000
vn -0.015143 0.098847 -0.000000
vn -0.025065 0.096808 -0.000000
vn -0.025065 0.096808 -0.000000
vn -0.034731 0.093775 -0.000000
vn -0.034731 0.093775 -0.000000
vn -0.044039 0.089780 -0.000000
vn -0.044039 0.089780 -0.000000
vn -0.052896 0.084864 -0.000000
vn -0.052896 0.084864 -0.000000
vn -0.061211 0.079078 -0.000000
vn -0.061211 0.079078 -0.000000
vn -0.068897 0.072479 -0.000000
vn -0.068897 0.072479 -0.000000
vn -0.075876 0.065137 -0.000000
vn -0.075876 0.065137 -0.000000
vn -0.082076 0.057127 -0.000000
vn -0.082076 0.057127 -0.000000
vn -0.087435 0.048530 -0.000000
vn -0.087435 0.048530 -0.000000
vn -0.091896 0.039436 -0.000000
vn -0.091896 0.039436 -0.000000
vn -0.095414 0.029936 -0.000000
vn -0.095414 0.029936 -0.000000
vn -0.097953 0.020130 -0.000000
vn -0.097953 0.020130 -0.000000
vn -0.099487 -0.010117 0.000000
vn -0.100000 -0.000000 0.000000
vn -0.099487 0.010117 -0.000000
vn -0.097953 0.020130 -0.000000
vn -0.095414 0.029936 -0.000000
vn -0.091896 0.039436 -0.000000
vn -0.087435 0.048530 -0.000000
vn -0.082076 0.057127 -0.000000
vn -0.075876 0.065137 -0.000000
vn -0.068897 0.072479 -0.000000
vn -0.061211 0.079078 -0.000000
vn -0.052896 0.084864 -0.000000
vn -0.044039 0.089780 -0.000000
vn -0.034731 0.093775 -0.000000
vn -0.025065 0.096808 -0.000000
vn -0.015143 0.098847 -0.000000
vn -0.005065 0.099872 -0.000000
vn 0.005065 0.099872 0.000000
vn 0.015143 0.098847 0.000000
vn 0.025065 0.096808 0.000000
vn 0.034731 0.093775 0.000000
vn 0.044039 0.089780 0.000000
vn 0.052896 0.084864 0.000000
vn 0.061211 0.079078 0.000000
vn 0.068897 0.072479 0.000000
vn 0.075876 0.065137 0.000000
vn 0.082076 0.057127 0.000000
vn 0.087435 0.048530 0.000000
vn 0.091896 0.039436 0.000000
vn 0.095414 0.029936 0.000000
vn 0.097953 0.020130 0.000000
vn 0.099487 0.010117 0.000000
vn 0.100000 0.000000 0.000000
vn 0.099487 -0.010117 0.000000
vn 0.097953 -0.020130 0.000000
vn 0.095414 -0.029936 0.000000
vn 0.091896 -0.039436 0.000000
vn 0.087435 -0.048530 0.000000
vn 0.082076 -0.057127 0.000000
vn 0.075876 -0.065137 0.000000
vn 0.068897 -0.072479 0.000000
vn 0.061211 -0.079078 0.000000
vn 0.052896 -0.084864 0.000000
vn 0.044039 -0.089780 0.000000
vn 0.034731 -0.093775 0.000000
vn 0.025065 -0.096808 0.000000
vn 0.015143 -0.098847 0.000000
vn 0.005065 -0.099872 0.000000
vn -0.005065 -0.099872 0.000000
vn -0.015143 -0.098847 0.000000
vn -0.025065 -0.096808 0.000000
vn -0.034731 -0.093775 0.000000
vn -0.044039 -0.089780 0.000000
vn -0.052896 -0.084864 0.000000
vn -0.061211 -0.079078 0.000000
vn -0.068897 -0.072479 0.000000
vn -0.075876 -0.065137 0.000000
vn -0.082076 -0.057127 0.000000
vn -0.087435 -0.048530 0.000000
vn -0.091896 -0.039436 0.000000
vn -0.095414 -0.029936 0.000000
vn -0.097953 -0.020130 0.000000
vn -0.096097 -0.009772 0.025882
vn -0.096593 -0.000000 0.025882
vn -0.096097 0.009772 0.025882
vn -0.094615 0.019444 0.025882
vn -0.092163 0.028916 0.025882
vn -0.088765 0.038092 0.025882
vn -0.084455 0.046877 0.025882
vn -0.079280 0.055180 0.025882
vn -0.073290 0.062918 0.025882
vn -0.066549 0.070010 0.025882
vn -0.059125 0.076383 0.025882
vn -0.051094 0.081973 0.025882
vn -0.042539 0.086721 0.025882
vn -0.033547 0.090580 0.025882
vn -0.024211 0.093509 0.025882
vn -0.014627 0.095479 0.025882
vn -0.004892 0.096469 0.025882
vn 0.004892 0.096469 0.025882
vn 0.014627 0.095479 0.025882
vn 0.024211 0.093509 0.025882
vn 0.033547 0.090580 0.025882
vn 0.042539 0.086721 0.025882
vn 0.051094 0.081973 0.025882
vn 0.059125 0.076383 0.025882
vn 0.066549 0.070010 0.025882
vn 0.073290 0.062918 0.025882
vn 0.079280 0.055180 0.025882
vn 0.084455 0.046877 0.025882
vn 0.088765 0.038092 0.025882
vn 0.092163 0.028916 0.025882
vn 0.094615 0.019444 0.025882
vn 0.096097 0.009772 0.025882
vn 0.096593 -0.000000 0.025882
vn 0.096097 -0.009772 0.025882
vn 0.094615 -0.019444 0.025882
vn 0.092163 -0.028916 0.025882
vn 0.088765 -0.038092 0.025882
vn 0.084455 -0.046877 0.025882
vn 0.079280 -0.055180 0.025882
vn 0.073290 -0.062918 0.025882
vn 0.066549 -0.070010 0.025882
vn 0.059125 -0.076383 0.025882
vn 0.051094 -0.081973 0.025882
vn 0.042539 -0.086721 0.025882
vn 0.033547 -0.090580 0.025882
vn 0.024211 -0.093509 0.025882
vn 0.014627 -0.095479 0.025882
vn 0.004892 -0.096469 0.025882
vn -0.004892 -0.096469 0.025882
vn -0.014627 -0.095479 0.025882
vn -0.024211 -0.093509 0.025882
vn -0.033547 -0.090580 0.025882
vn -0.042539 -0.086721 0.025882
vn -0.051094 -0.081973 0.025882
vn -0.059125 -0.076383 0.025882
vn -0.066549 -0.070010 0.025882
vn -0.073290 -0.062918 0.025882
vn -0.079280 -0.055180 0.025882
vn -0.084455 -0.046877 0.025882
vn -0.088765 -0.038092 0.025882
vn -0.092163 -0.028916 0.025882
vn -0.094615 -0.019444 0.025882
vn -0.000000 0.000000 0.100000
vn -0.025749 0.002618 0.096593
vn -0.000000 0.000000 0.100000
vn -0.025882 0.000000 0.096593
vn -0.025749 -0.002618 0.096593
vn -0.050000 -0.000000 0.086603
vn -0.049743 -0.005058 0.086603
vn -0.070711 -0.000000 0.070711
vn -0.070348 -0.007154 0.070711
vn -0.086603 -0.000000 0.050000
vn -0.086158 -0.008761 0.050000
vn -0.025352 0.005210 0.096593
vn -0.000000 0.000000 0.100000
vn -0.024695 0.007748 0.096593
vn -0.000000 0.000000 0.100000
vn -0.023784 0.010207 0.096593
vn -0.000000 0.000000 0.100000
vn -0.022630 0.012561 0.096593
vn -0.000000 0.000000 0.100000
vn -0.021243 0.014786 0.096593
vn -0.000000 0.000000 0.100000
vn -0.019638 0.016859 0.096593
vn -0.000000 0.000000 0.100000
vn -0.017832 0.018759 0.096593
vn -0.000000 0.000000 0.100000
vn -0.015842 0.020467 0.096593
vn -0.000000 0.000000 0.100000
vn -0.013691 0.021965 0.096593
vn -0.000000 0.000000 0.100000
vn -0.011398 0.023237 0.096593
vn -0.000000 0.000000 0.100000
vn -0.008989 0.024271 0.096593
vn -0.006487 0.025056 0.096593
vn -0.012533 0.048404 0.086603
vn -0.007571 0.049423 0.086603
vn -0.010708 0.069895 0.070711
vn -0.003581 0.070620 0.070711
vn -0.004386 0.086491 0.050000
vn 0.004386 0.086491 0.050000
vn -0.000000 0.000000 0.100000
vn -0.003919 0.025583 0.096593
vn -0.002532 0.049936 0.086603
vn 0.003581 0.070620 0.070711
vn 0.013114 0.085604 0.050000
vn -0.000000 0.000000 0.100000
vn -0.001311 0.025849 0.096593
vn 0.002532 0.049936 0.086603
vn 0.010708 0.069895 0.070711
vn 0.021707 0.083838 0.050000
vn -0.000000 0.000000 0.100000
vn 0.001311 0.025849 0.096593
vn 0.007571 0.049423 0.086603
vn 0.017724 0.068453 0.070711
vn 0.030078 0.081212 0.050000
vn 0.000000 0.000000 0.100000
vn 0.003919 0.025583 0.096593
vn 0.012533 0.048404 0.086603
vn 0.024558 0.066309 0.070711
vn 0.038139 0.077752 0.050000
vn 0.000000 0.000000 0.100000
vn 0.006487 0.025056 0.096593
vn 0.017365 0.046888 0.086603
vn 0.031141 0.063484 0.070711
vn 0.045810 0.073495 0.050000
vn -0.000000 -0.000000 0.100000
vn 0.008989 0.024271 0.096593
vn 0.022020 0.044890 0.086603
vn 0.037403 0.060008 0.070711
vn 0.053010 0.068483 0.050000
vn 0.000000 0.000000 0.100000
vn 0.011398 0.023237 0.096593
vn 0.026448 0.042432 0.086603
vn 0.043282 0.055916 0.070711
vn 0.059666 0.062769 0.050000
vn -0.000000 -0.000000 0.100000
vn 0.013691 0.021965 0.096593
vn 0.030605 0.039539 0.086603
vn 0.048717 0.051251 0.070711
vn 0.065710 0.056411 0.050000
vn 0.000000 0.000000 0.100000
vn 0.015842 0.020467 0.096593
vn 0.034448 0.036240 0.086603
vn 0.053652 0.046059 0.070711
vn 0.071080 0.049473 0.050000
vn 0.000000 0.000000 0.100000
vn 0.017832 0.018759 0.096593
vn 0.037938 0.032569 0.086603
vn 0.058037 0.040395 0.070711
vn 0.075721 0.042028 0.050000
vn -0.000000 -0.000000 0.100000
vn 0.019638 0.016859 0.096593
vn 0.041038 0.028563 0.086603
vn 0.061826 0.034316 0.070711
vn 0.079584 0.034152 0.050000
vn 0.000000 0.000000 0.100000
vn 0.021243 0.014786 0.096593
vn 0.043717 0.024265 0.086603
vn 0.064980 0.027885 0.070711
vn 0.082631 0.025926 0.050000
vn 0.022630 0.012561 0.096593
vn 0.000000 0.000000 0.100000
vn 0.023784 0.010207 0.096593
vn 0.000000 0.000000 0.100000
vn 0.024695 0.007748 0.096593
vn 0.000000 0.000000 0.100000
vn 0.025352 0.005210 0.096593
vn 0.000000 0.000000 0.100000
vn 0.025749 0.002618 0.096593
vn 0.000000 0.000000 0.100000
vn 0.025882 -0.000000 0.096593
vn 0.000000 -0.000000 0.100000
vn 0.025749 -0.002618 0.096593
vn 0.000000 -0.000000 0.100000
vn 0.025352 -0.005210 0.096593
vn 0.000000 -0.000000 0.100000
vn 0.024695 -0.007748 0.096593
vn 0.000000 -0.000000 0.100000
vn 0.023784 -0.010207 0.096593
vn 0.000000 -0.000000 0.100000
vn 0.022630 -0.012561 0.096593
vn 0.000000 -0.000000 0.100000
vn 0.021243 -0.014786 0.096593
vn 0.019638 -0.016859 0.096593
vn 0.037938 -0.032569 0.086603
vn 0.034448 -0.036240 0.086603
vn 0.048717 -0.051251 0.070711
vn 0.043282 -0.055916 0.070711
vn 0.053010 -0.068483 0.050000
vn 0.045810 -0.073495 0.050000
vn -0.000000 0.000000 0.100000
vn 0.017832 -0.018759 0.096593
vn 0.030605 -0.039539 0.086603
vn 0.037403 -0.060008 0.070711
vn 0.038139 -0.077752 0.050000
vn 0.000000 -0.000000 0.100000
vn 0.015842 -0.020467 0.096593
vn 0.026448 -0.042432 0.086603
vn 0.031141 -0.063484 0.070711
vn 0.030078 -0.081212 0.050000
vn 0.000000 -0.000000 0.100000
vn 0.013691 -0.021965 0.096593
vn 0.022020 -0.044890 0.086603
vn 0.024558 -0.066309 0.070711
vn 0.021707 -0.083838 0.050000
vn 0.000000 -0.000000 0.100000
vn 0.011398 -0.023237 0.096593
vn 0.017365 -0.046888 0.086603
vn 0.017724 -0.068453 0.070711
vn 0.013114 -0.085604 0.050000
vn 0.000000 -0.000000 0.100000
vn 0.008989 -0.024271 0.096593
vn 0.012533 -0.048404 0.086603
vn 0.010708 -0.069895 0.070711
vn 0.004386 -0.086491 0.050000
vn 0.000000 -0.000000 0.100000
vn 0.006487 -0.025056 0.096593
vn 0.007571 -0.049423 0.086603
vn 0.003581 -0.070620 0.070711
vn -0.004386 -0.086491 0.050000
vn 0.000000 -0.000000 0.100000
vn 0.003919 -0.025583 0.096593
vn 0.002532 -0.049936 0.086603
vn -0.003581 -0.070620 0.070711
vn -0.013114 -0.085604 0.050000
vn 0.000000 -0.000000 0.100000
vn 0.001311 -0.025849 0.096593
vn -0.002532 -0.049936 0.086603
vn -0.010708 -0.069895 0.070711
vn -0.021707 -0.083838 0.050000
vn -0.000000 -0.000000 0.100000
vn -0.001311 -0.025849 0.096593
vn -0.007571 -0.049423 0.086603
vn -0.017724 -0.068453 0.070711
vn -0.030078 -0.081212 0.050000
vn -0.000000 -0.000000 0.100000
vn -0.003919 -0.025583 0.096593
vn -0.012533 -0.048404 0.086603
vn -0.024558 -0.066309 0.070711
vn -0.038139 -0.077752 0.050000
vn -0.000000 -0.000000 0.100000
vn -0.006487 -0.025056 0.096593
vn -0.017365 -0.046888 0.086603
vn -0.031141 -0.063484 0.070711
vn -0.045810 -0.073495 0.050000
vn -0.000000 -0.000000 0.100000
vn -0.008989 -0.024271 0.096593
vn -0.022020 -0.044890 0.086603
vn -0.037403 -0.060008 0.070711
vn -0.053010 -0.068483 0.050000
vn -0.011398 -0.023237 0.096593
vn -0.000000 -0.000000 0.100000
vn -0.013691 -0.021965 0.096593
vn -0.000000 -0.000000 0.100000
vn -0.015842 -0.020467 0.096593
vn -0.000000 -0.000000 0.100000
vn -0.017832 -0.018759 0.096593
vn -0.000000 -0.000000 0.100000
vn -0.019638 -0.016859 0.096593
vn -0.000000 -0.000000 0.100000
vn -0.021243 -0.014786 0.096593
vn -0.000000 -0.000000 0.100000
vn -0.022630 -0.012561 0.096593
vn -0.000000 -0.000000 0.100000
vn -0.023784 -0.010207 0.096593
vn -0.000000 -0.000000 0.100000
vn -0.024695 -0.007748 0.096593
vn -0.000000 -0.000000 0.100000
vn -0.025352 -0.005210 0.096593
vn -0.000000 -0.000000 0.100000
vn -0.086158 0.008761 0.050000
vn -0.084830 0.017433 0.050000
vn -0.082631 0.025926 0.050000
vn -0.079584 0.034152 0.050000
vn -0.075721 0.042028 0.050000
vn -0.071080 0.049473 0.050000
vn -0.065710 0.056411 0.050000
vn -0.059666 0.062769 0.050000
vn -0.053010 0.068483 0.050000
vn -0.045810 0.073495 0.050000
vn -0.038139 0.077752 0.050000
vn -0.030078 0.081212 0.050000
vn -0.021707 0.083838 0.050000
vn -0.013114 0.085604 0.050000
vn -0.070348 0.007154 0.070711
vn -0.069263 0.014234 0.070711
vn -0.067468 0.021168 0.070711
vn -0.064980 0.027885 0.070711
vn -0.061826 0.034316 0.070711
vn -0.058037 0.040395 0.070711
vn -0.053652 0.046059 0.070711
vn -0.048717 0.051251 0.070711
vn -0.043282 0.055916 0.070711
vn -0.037403 0.060008 0.070711
vn -0.031141 0.063484 0.070711
vn -0.024558 0.066309 0.070711
vn -0.017724 0.068453 0.070711
vn -0.049743 0.005058 0.086603
vn -0.048976 0.010065 0.086603
vn -0.047707 0.014968 0.086603
vn -0.045948 0.019718 0.086603
vn -0.043717 0.024265 0.086603
vn -0.041038 0.028563 0.086603
vn -0.037938 0.032569 0.086603
vn -0.034448 0.036240 0.086603
vn -0.030605 0.039539 0.086603
vn -0.026448 0.042432 0.086603
vn -0.022020 0.044890 0.086603
vn -0.017365 0.046888 0.086603
vn -0.084830 -0.017433 0.050000
vn -0.082631 -0.025926 0.050000
vn -0.079584 -0.034152 0.050000
vn -0.075721 -0.042028 0.050000
vn -0.071080 -0.049473 0.050000
vn -0.065710 -0.056411 0.050000
vn -0.059666 -0.062769 0.050000
vn -0.069263 -0.014234 0.070711
vn -0.067468 -0.021168 0.070711
vn -0.064980 -0.027885 0.070711
vn -0.061826 -0.034316 0.070711
vn -0.058037 -0.040395 0.070711
vn -0.053652 -0.046059 0.070711
vn -0.048717 -0.051251 0.070711
vn -0.043282 -0.055916 0.070711
vn -0.048976 -0.010065 0.086603
vn -0.047707 -0.014968 0.086603
vn -0.045948 -0.019718 0.086603
vn -0.043717 -0.024265 0.086603
vn -0.041038 -0.028563 0.086603
vn -0.037938 -0.032569 0.086603
vn -0.034448 -0.036240 0.086603
vn -0.030605 -0.039539 0.086603
vn -0.026448 -0.042432 0.086603
vn 0.059666 -0.062769 0.050000
vn 0.065710 -0.056411 0.050000
vn 0.071080 -0.049473 0.050000
vn 0.075721 -0.042028 0.050000
vn 0.079584 -0.034152 0.050000
vn 0.082631 -0.025926 0.050000
vn 0.084830 -0.017433 0.050000
vn 0.086158 -0.008761 0.050000
vn 0.086603 -0.000000 0.050000
vn 0.086158 0.008761 0.050000
vn 0.084830 0.017433 0.050000
vn 0.053652 -0.046059 0.070711
vn 0.041038 -0.028563 0.086603
vn 0.058037 -0.040395 0.070711
vn 0.061826 -0.034316 0.070711
vn 0.064980 -0.027885 0.070711
vn 0.067468 -0.021168 0.070711
vn 0.069263 -0.014234 0.070711
vn 0.070348 -0.007154 0.070711
vn 0.070711 -0.000000 0.070711
vn 0.070348 0.007154 0.070711
vn 0.069263 0.014234 0.070711
vn 0.067468 0.021168 0.070711
vn 0.043717 -0.024265 0.086603
vn 0.045948 -0.019718 0.086603
vn 0.047707 -0.014968 0.086603
vn 0.048976 -0.010065 0.086603
vn 0.049743 -0.005058 0.086603
vn 0.050000 -0.000000 0.086603
vn 0.049743 0.005058 0.086603
vn 0.048976 0.010065 0.086603
vn 0.047707 0.014968 0.086603
vn 0.045948 0.019718 0.086603
vn 0.000000 0.000000 0.100000
vn 0.000000 0.000000 0.100000
vn 0.000000 0.000000 0.100000
vn 0.000000 0.000000 0.100000
vn 0.000000 0.000000 0.100000
vn 0.000000 0.000000 0.100000
vn 0.000000 0.000000 0.100000
vn 0.000000 0.000000 0.100000
vn 0.000000 0.000000 0.100000
vn 0.000000 0.000000 0.100000
vn 0.000000 0.000000 0.100000
vn 0.000000 0.000000 0.100000
vn 0.000000 0.000000 0.100000
vn 0.000000 0.000000 0.100000
vn 0.000000 0.000000 0.100000
vn 0.000000 0.000000 0.100000
vn 0.000000 0.000000 0.100000
vn 0.000000 0.000000 0.100000
vn 0.000000 0.000000 0.100000
vn 0.000000 0.000000 0.100000
vn 0.000000 0.000000 0.100000
vn 0.000000 0.000000 0.100000
vn 0.000000 0.000000 0.100000
vn 0.000000 0.000000 0.100000
vn 0.000000 0.000000 0.100000
vn 0.000000 0.000000 0.100000
vn 0.000000 0.000000 0.100000
vn 0.000000 0.000000 0.100000
vn 0.000000 0.000000 0.100000
vn 0.000000 0.000000 0.100000
vn 0.000000 0.000000 0.100000
vn 0.000000 0.000000 0.100000
vn 0.000000 0.000000 0.100000
vn 0.000000 0.000000 0.100000
vn 0.000000 0.000000 0.100000
vn 0.000000 0.000000 0.100000
vn 0.000000 0.000000 0.100000
vn 0.000000 0.000000 0.100000
vn 0.000000 0.000000 0.100000
vn 0.000000 0.000000 0.100000
vn 0.000000 0.000000 0.100000
vn 0.000000 0.000000 0.100000
vn 0.000000 0.000000 0.100000
vn 0.000000 0.000000 0.100000
vn 0.000000 0.000000 0.100000
vn 0.000000 0.000000 0.100000
vn 0.000000 0.000000 0.100000
usemtl Acrylic_(Red)
f 2/1/1 90/2/2 1/3/3
f 1/3/3 90/2/2 46/4/4
f 1/5/3 46/6/4 45/7/5
f 45/7/5 46/6/4 47/8/6
f 45/7/5 47/8/6 44/9/7
f 44/9/7 47/8/6 48/10/8
f 44/9/7 48/10/8 43/11/9
f 43/11/9 48/10/8 49/12/10
f 43/11/9 49/12/10 42/13/11
f 42/13/11 49/12/10 50/14/12
f 42/13/11 50/14/12 41/15/13
f 41/15/13 50/14/12 51/16/14
f 41/15/13 51/16/14 40/17/15
f 40/17/15 51/16/14 52/18/16
f 40/17/15 52/18/16 39/19/17
f 39/19/17 52/18/16 53/20/18
f 39/19/17 53/20/18 38/21/19
f 38/21/19 53/20/18 54/22/20
f 38/21/19 54/22/20 37/23/21
f 37/23/21 54/22/20 55/24/22
f 37/23/21 55/24/22 36/25/23
f 36/25/23 55/24/22 56/26/24
f 36/25/23 56/26/24 35/27/25
f 35/27/25 56/26/24 57/28/26
f 35/27/25 57/28/26 34/29/27
f 34/29/27 57/28/26 58/30/28
f 34/29/27 58/30/28 33/31/29
f 33/31/29 58/30/28 59/32/30
f 33/31/29 59/32/30 32/33/31
f 32/33/31 59/32/30 60/34/32
f 32/33/31 60/34/32 31/35/33
f 31/35/33 60/34/32 61/36/34
f 31/35/33 61/36/34 30/37/35
f 30/37/35 61/36/34 62/38/36
f 30/37/35 62/38/36 29/39/37
f 29/39/37 62/38/36 63/40/38
f 29/39/37 63/40/38 28/41/39
f 28/41/39 63/40/38 64/42/40
f 28/41/39 64/42/40 27/43/41
f 27/43/41 64/42/40 65/44/42
f 27/43/41 65/44/42 26/45/43
f 26/45/43 65/44/42 66/46/44
f 26/45/43 66/46/44 25/47/45
f 25/47/45 66/46/44 67/48/46
f 25/47/45 67/48/46 24/49/47
f 24/49/47 67/48/46 68/50/48
f 24/49/47 68/50/48 23/51/49
f 23/51/49 68/50/48 69/52/50
f 23/51/49 69/52/50 22/53/51
f 22/53/51 69/52/50 70/54/52
f 22/53/51 70/54/52 21/55/53
f 21/55/53 70/54/52 71/56/54
f 21/55/53 71/56/54 20/57/55
f 20/57/55 71/56/54 72/58/56
f 20/57/55 72/58/56 19/59/57
f 19/59/57 72/58/56 73/60/58
f 19/59/57 73/60/58 18/61/59
f 18/61/59 73/60/58 74/62/60
f 18/61/59 74/62/60 17/63/61
f 17/63/61 74/62/60 75/64/62
f 17/63/61 75/64/62 16/65/63
f 16/65/63 75/64/62 76/66/64
f 16/65/63 76/66/64 15/67/65
f 15/67/65 76/66/64 77/68/66
f 15/67/65 77/68/66 14/69/67
f 14/69/67 77/68/66 78/70/68
f 14/69/67 78/70/68 13/71/69
f 13/71/69 78/70/68 79/72/70
f 13/71/69 79/72/70 12/73/71
f 12/73/71 79/72/70 80/74/72
f 12/73/71 80/74/72 11/75/73
f 11/75/73 80/74/72 81/76/74
f 11/75/73 81/76/74 10/77/75
f 10/77/75 81/76/74 82/78/76
f 10/77/75 82/78/76 9/79/77
f 9/79/77 82/78/76 83/80/78
f 9/79/77 83/80/78 8/81/79
f 8/81/79 83/80/78 84/82/80
f 8/81/79 84/82/80 7/83/81
f 7/83/81 84/82/80 85/84/82
f 7/83/81 85/84/82 6/85/83
f 6/85/83 85/84/82 86/86/84
f 6/85/83 86/86/84 5/87/85
f 5/87/85 86/86/84 87/88/86
f 5/87/85 87/88/86 4/89/87
f 4/89/87 87/88/86 88/90/88
f 4/89/87 88/90/88 3/91/89
f 3/91/89 88/90/88 89/92/90
f 3/91/89 89/92/90 2/1/1
f 2/1/1 89/92/90 90/2/2
f 92/93/91 213/94/92 91/95/93
f 91/95/93 213/94/92 208/96/94
f 91/97/93 208/98/94 503/99/95
f 503/99/95 208/98/94 209/100/96
f 503/99/95 209/100/96 504/101/97
f 504/101/97 209/100/96 210/102/98
f 504/101/97 210/102/98 505/103/99
f 505/103/99 210/102/98 211/104/100
f 505/103/99 211/104/100 506/105/101
f 506/105/101 211/104/100 212/106/102
f 506/105/101 212/106/102 507/107/103
f 507/107/103 212/106/102 148/108/104
f 507/107/103 148/108/104 149/109/105
f 213/94/92 92/93/91 218/110/106
f 218/110/106 92/93/91 93/111/107
f 218/110/106 93/111/107 223/112/108
f 223/112/108 93/111/107 94/113/109
f 223/112/108 94/113/109 228/114/110
f 228/114/110 94/113/109 95/115/111
f 228/114/110 95/115/111 233/116/112
f 233/116/112 95/115/111 96/117/113
f 233/116/112 96/117/113 238/118/114
f 238/118/114 96/117/113 97/119/115
f 238/118/114 97/119/115 243/120/116
f 243/120/116 97/119/115 98/121/117
f 243/120/116 98/121/117 248/122/118
f 248/122/118 98/121/117 99/123/119
f 248/122/118 99/123/119 253/124/120
f 253/124/120 99/123/119 100/125/121
f 253/124/120 100/125/121 258/126/122
f 258/126/122 100/125/121 101/127/123
f 258/126/122 101/127/123 263/128/124
f 263/128/124 101/127/123 102/129/125
f 263/128/124 102/129/125 268/130/126
f 268/130/126 102/129/125 103/131/127
f 268/130/126 103/131/127 273/132/128
f 273/132/128 103/131/127 104/133/129
f 273/132/128 104/133/129 278/134/130
f 278/134/130 104/133/129 105/135/131
f 278/134/130 105/135/131 283/136/132
f 283/136/132 105/135/131 106/137/133
f 283/136/132 106/137/133 288/138/134
f 288/138/134 106/137/133 107/139/135
f 288/138/134 107/139/135 293/140/136
f 293/140/136 107/139/135 108/141/137
f 293/140/136 108/141/137 298/142/138
f 298/142/138 108/141/137 109/143/139
f 298/142/138 109/143/139 303/144/140
f 303/144/140 109/143/139 110/145/141
f 303/144/140 110/145/141 317/146/142
f 317/146/142 110/145/141 308/147/143
f 317/146/142 308/147/143 309/148/144
f 309/148/144 308/147/143 319/149/145
f 309/148/144 319/149/145 320/150/146
f 320/150/146 319/149/145 325/151/147
f 320/150/146 325/151/147 326/152/148
f 326/152/148 325/151/147 331/153/149
f 326/152/148 331/153/149 332/154/150
f 332/154/150 331/153/149 337/155/151
f 332/154/150 337/155/151 183/156/152
f 183/156/152 337/155/151 182/157/153
f 182/157/153 337/155/151 342/158/154
f 182/157/153 342/158/154 181/159/155
f 181/159/155 342/158/154 347/160/156
f 181/159/155 347/160/156 180/161/157
f 180/161/157 347/160/156 352/162/158
f 180/161/157 352/162/158 179/163/159
f 179/163/159 352/162/158 357/164/160
f 179/163/159 357/164/160 178/165/161
f 178/165/161 357/164/160 362/166/162
f 178/165/161 362/166/162 177/167/163
f 177/167/163 362/166/162 367/168/164
f 177/167/163 367/168/164 176/169/165
f 176/169/165 367/168/164 372/170/166
f 176/169/165 372/170/166 175/171/167
f 175/171/167 372/170/166 377/172/168
f 175/171/167 377/172/168 174/173/169
f 174/173/169 377/172/168 382/174/170
f 174/173/169 382/174/170 173/175/171
f 173/175/171 382/174/170 387/176/172
f 173/175/171 387/176/172 172/177/173
f 172/177/173 387/176/172 392/178/174
f 172/177/173 392/178/174 171/179/175
f 171/179/175 392/178/174 397/180/176
f 171/179/175 397/180/176 170/181/177
f 170/181/177 397/180/176 402/182/178
f 170/181/177 402/182/178 169/183/179
f 169/183/179 402/182/178 407/184/180
f 169/183/179 407/184/180 168/185/181
f 168/185/181 407/184/180 413/186/182
f 168/185/181 413/186/182 167/187/183
f 167/187/183 413/186/182 412/188/184
f 167/187/183 412/188/184 166/189/185
f 166/189/185 412/188/184 422/190/186
f 166/189/185 422/190/186 165/191/187
f 165/191/187 422/190/186 427/192/188
f 165/191/187 427/192/188 164/193/189
f 164/193/189 427/192/188 432/194/190
f 164/193/189 432/194/190 163/195/191
f 163/195/191 432/194/190 437/196/192
f 163/195/191 437/196/192 162/197/193
f 162/197/193 437/196/192 442/198/194
f 162/197/193 442/198/194 161/199/195
f 161/199/195 442/198/194 447/200/196
f 161/199/195 447/200/196 160/201/197
f 160/201/197 447/200/196 452/202/198
f 160/201/197 452/202/198 159/203/199
f 159/203/199 452/202/198 457/204/200
f 159/203/199 457/204/200 158/205/201
f 158/205/201 457/204/200 462/206/202
f 158/205/201 462/206/202 157/207/203
f 157/207/203 462/206/202 467/208/204
f 157/207/203 467/208/204 156/209/205
f 156/209/205 467/208/204 472/210/206
f 156/209/205 472/210/206 155/211/207
f 155/211/207 472/210/206 477/212/208
f 155/211/207 477/212/208 154/213/209
f 154/213/209 477/212/208 482/214/210
f 154/213/209 482/214/210 153/215/211
f 153/215/211 482/214/210 487/216/212
f 153/215/211 487/216/212 152/217/213
f 152/217/213 487/216/212 492/218/214
f 152/217/213 492/218/214 151/219/215
f 151/219/215 492/218/214 497/220/216
f 151/219/215 497/220/216 150/221/217
f 150/221/217 497/220/216 502/222/218
f 150/221/217 502/222/218 149/109/105
f 149/109/105 502/222/218 507/107/103
f 110/145/141 111/223/219 308/147/143
f 308/147/143 111/223/219 318/224/220
f 308/147/143 318/224/220 319/149/145
f 319/149/145 318/224/220 324/225/221
f 319/149/145 324/225/221 325/151/147
f 325/151/147 324/225/221 330/226/222
f 325/151/147 330/226/222 331/153/149
f 331/153/149 330/226/222 336/227/223
f 331/153/149 336/227/223 337/155/151
f 337/155/151 336/227/223 342/158/154
f 111/223/219 112/228/224 318/224/220
f 318/224/220 112/228/224 323/229/225
f 318/224/220 323/229/225 324/225/221
f 324/225/221 323/229/225 329/230/226
f 324/225/221 329/230/226 330/226/222
f 330/226/222 329/230/226 335/231/227
f 330/226/222 335/231/227 336/227/223
f 336/227/223 335/231/227 341/232/228
f 336/227/223 341/232/228 342/158/154
f 342/158/154 341/232/228 347/160/156
f 112/228/224 113/233/229 323/229/225
f 323/229/225 113/233/229 328/234/230
f 323/229/225 328/234/230 329/230/226
f 329/230/226 328/234/230 334/235/231
f 329/230/226 334/235/231 335/231/227
f 335/231/227 334/235/231 340/236/232
f 335/231/227 340/236/232 341/232/228
f 341/232/228 340/236/232 346/237/233
f 341/232/228 346/237/233 347/160/156
f 347/160/156 346/237/233 352/162/158
f 113/233/229 114/238/234 328/234/230
f 328/234/230 114/238/234 333/239/235
f 328/234/230 333/239/235 334/235/231
f 334/235/231 333/239/235 339/240/236
f 334/235/231 339/240/236 340/236/232
f 340/236/232 339/240/236 345/241/237
f 340/236/232 345/241/237 346/237/233
f 346/237/233 345/241/237 351/242/238
f 346/237/233 351/242/238 352/162/158
f 352/162/158 351/242/238 357/164/160
f 114/238/234 115/243/239 333/239/235
f 333/239/235 115/243/239 338/244/240
f 333/239/235 338/244/240 339/240/236
f 339/240/236 338/244/240 344/245/241
f 339/240/236 344/245/241 345/241/237
f 345/241/237 344/245/241 350/246/242
f 345/241/237 350/246/242 351/242/238
f 351/242/238 350/246/242 356/247/243
f 351/242/238 356/247/243 357/164/160
f 357/164/160 356/247/243 362/166/162
f 115/243/239 116/248/244 338/244/240
f 338/244/240 116/248/244 343/249/245
f 338/244/240 343/249/245 344/245/241
f 344/245/241 343/249/245 349/250/246
f 344/245/241 349/250/246 350/246/242
f 350/246/242 349/250/246 355/251/247
f 350/246/242 355/251/247 356/247/243
f 356/247/243 355/251/247 361/252/248
f 356/247/243 361/252/248 362/166/162
f 362/166/162 361/252/248 367/168/164
f 116/248/244 117/253/249 343/249/245
f 343/249/245 117/253/249 348/254/250
f 343/249/245 348/254/250 349/250/246
f 349/250/246 348/254/250 354/255/251
f 349/250/246 354/255/251 355/251/247
f 355/251/247 354/255/251 360/256/252
f 355/251/247 360/256/252 361/252/248
f 361/252/248 360/256/252 366/257/253
f 361/252/248 366/257/253 367/168/164
f 367/168/164 366/257/253 372/170/166
f 117/253/249 118/258/254 348/254/250
f 348/254/250 118/258/254 353/259/255
f 348/254/250 353/259/255 354/255/251
f 354/255/251 353/259/255 359/260/256
f 354/255/251 359/260/256 360/256/252
f 360/256/252 359/260/256 365/261/257
f 360/256/252 365/261/257 366/257/253
f 366/257/253 365/261/257 371/262/258
f 366/257/253 371/262/258 372/170/166
f 372/170/166 371/262/258 377/172/168
f 118/258/254 119/263/259 353/259/255
f 353/259/255 119/263/259 358/264/260
f 353/259/255 358/264/260 359/260/256
f 359/260/256 358/264/260 364/265/261
f 359/260/256 364/265/261 365/261/257
f 365/261/257 364/265/261 370/266/262
f 365/261/257 370/266/262 371/262/258
f 371/262/258 370/266/262 376/267/263
f 371/262/258 376/267/263 377/172/168
f 377/172/168 376/267/263 382/174/170
f 119/263/259 120/268/264 358/264/260
f 358/264/260 120/268/264 363/269/265
f 358/264/260 363/269/265 364/265/261
f 364/265/261 363/269/265 369/270/266
f 364/265/261 369/270/266 370/266/262
f 370/266/262 369/270/266 375/271/267
f 370/266/262 375/271/267 376/267/263
f 376/267/263 375/271/267 381/272/268
f 376/267/263 381/272/268 382/174/170
f 382/174/170 381/272/268 387/176/172
f 120/268/264 121/273/269 363/269/265
f 363/269/265 121/273/269 368/274/270
f 363/269/265 368/274/270 369/270/266
f 369/270/266 368/274/270 374/275/271
f 369/270/266 374/275/271 375/271/267
f 375/271/267 374/275/271 380/276/272
f 375/271/267 380/276/272 381/272/268
f 381/272/268 380/276/272 386/277/273
f 381/272/268 386/277/273 387/176/172
f 387/176/172 386/277/273 392/178/174
f 121/273/269 122/278/274 368/274/270
f 368/274/270 122/278/274 373/279/275
f 368/274/270 373/279/275 374/275/271
f 374/275/271 373/279/275 379/280/276
f 374/275/271 379/280/276 380/276/272
f 380/276/272 379/280/276 385/281/277
f 380/276/272 385/281/277 386/277/273
f 386/277/273 385/281/277 391/282/278
f 386/277/273 391/282/278 392/178/174
f 392/178/174 391/282/278 397/180/176
f 122/278/274 123/283/279 373/279/275
f 373/279/275 123/283/279 378/284/280
f 373/279/275 378/284/280 379/280/276
f 379/280/276 378/284/280 384/285/281
f 379/280/276 384/285/281 385/281/277
f 385/281/277 384/285/281 390/286/282
f 385/281/277 390/286/282 391/282/278
f 391/282/278 390/286/282 396/287/283
f 391/282/278 396/287/283 397/180/176
f 397/180/176 396/287/283 402/182/178
f 123/283/279 124/288/284 378/284/280
f 378/284/280 124/288/284 383/289/285
f 378/284/280 383/289/285 384/285/281
f 384/285/281 383/289/285 389/290/286
f 384/285/281 389/290/286 390/286/282
f 390/286/282 389/290/286 395/291/287
f 390/286/282 395/291/287 396/287/283
f 396/287/283 395/291/287 401/292/288
f 396/287/283 401/292/288 402/182/178
f 402/182/178 401/292/288 407/184/180
f 124/288/284 125/293/289 383/289/285
f 383/289/285 125/293/289 388/294/290
f 383/289/285 388/294/290 389/290/286
f 389/290/286 388/294/290 394/295/291
f 389/290/286 394/295/291 395/291/287
f 395/291/287 394/295/291 400/296/292
f 395/291/287 400/296/292 401/292/288
f 401/292/288 400/296/292 406/297/293
f 401/292/288 406/297/293 407/184/180
f 407/184/180 406/297/293 413/186/182
f 125/293/289 126/298/294 388/294/290
f 388/294/290 126/298/294 393/299/295
f 388/294/290 393/299/295 394/295/291
f 394/295/291 393/299/295 399/300/296
f 394/295/291 399/300/296 400/296/292
f 400/296/292 399/300/296 405/301/297
f 400/296/292 405/301/297 406/297/293
f 406/297/293 405/301/297 414/302/298
f 406/297/293 414/302/298 413/186/182
f 413/186/182 414/302/298 412/188/184
f 126/298/294 127/303/299 393/299/295
f 393/299/295 127/303/299 398/304/300
f 393/299/295 398/304/300 399/300/296
f 399/300/296 398/304/300 404/305/301
f 399/300/296 404/305/301 405/301/297
f 405/301/297 404/305/301 415/306/302
f 405/301/297 415/306/302 414/302/298
f 414/302/298 415/306/302 411/307/303
f 414/302/298 411/307/303 412/188/184
f 412/188/184 411/307/303 422/190/186
f 127/303/299 128/308/304 398/304/300
f 398/304/300 128/308/304 403/309/305
f 398/304/300 403/309/305 404/305/301
f 404/305/301 403/309/305 416/310/306
f 404/305/301 416/310/306 415/306/302
f 415/306/302 416/310/306 410/311/307
f 415/306/302 410/311/307 411/307/303
f 411/307/303 410/311/307 421/312/308
f 411/307/303 421/312/308 422/190/186
f 422/190/186 421/312/308 427/192/188
f 128/308/304 129/313/309 403/309/305
f 403/309/305 129/313/309 417/314/310
f 403/309/305 417/314/310 416/310/306
f 416/310/306 417/314/310 409/315/311
f 416/310/306 409/315/311 410/311/307
f 410/311/307 409/315/311 420/316/312
f 410/311/307 420/316/312 421/312/308
f 421/312/308 420/316/312 426/317/313
f 421/312/308 426/317/313 427/192/188
f 427/192/188 426/317/313 432/194/190
f 417/314/310 129/313/309 408/318/314
f 408/318/314 129/313/309 130/319/315
f 408/318/314 130/319/315 418/320/316
f 418/320/316 130/319/315 131/321/317
f 418/320/316 131/321/317 423/322/318
f 423/322/318 131/321/317 132/323/319
f 423/322/318 132/323/319 428/324/320
f 428/324/320 132/323/319 133/325/321
f 428/324/320 133/325/321 433/326/322
f 433/326/322 133/325/321 134/327/323
f 433/326/322 134/327/323 438/328/324
f 438/328/324 134/327/323 135/329/325
f 438/328/324 135/329/325 443/330/326
f 443/330/326 135/329/325 136/331/327
f 443/330/326 136/331/327 448/332/328
f 448/332/328 136/331/327 137/333/329
f 448/332/328 137/333/329 453/334/330
f 453/334/330 137/333/329 138/335/331
f 453/334/330 138/335/331 458/336/332
f 458/336/332 138/335/331 139/337/333
f 458/336/332 139/337/333 463/338/334
f 463/338/334 139/337/333 140/339/335
f 463/338/334 140/339/335 468/340/336
f 468/340/336 140/339/335 141/341/337
f 468/340/336 141/341/337 473/342/338
f 473/342/338 141/341/337 142/343/339
f 473/342/338 142/343/339 478/344/340
f 478/344/340 142/343/339 143/345/341
f 478/344/340 143/345/341 483/346/342
f 483/346/342 143/345/341 144/347/343
f 483/346/342 144/347/343 488/348/344
f 488/348/344 144/347/343 145/349/345
f 488/348/344 145/349/345 493/350/346
f 493/350/346 145/349/345 146/351/347
f 493/350/346 146/351/347 498/352/348
f 498/352/348 146/351/347 147/353/349
f 498/352/348 147/353/349 503/99/95
f 503/99/95 147/353/349 91/97/93
f 183/156/152 184/354/350 332/154/150
f 332/154/150 184/354/350 327/355/351
f 332/154/150 327/355/351 326/152/148
f 326/152/148 327/355/351 321/356/352
f 326/152/148 321/356/352 320/150/146
f 320/150/146 321/356/352 310/357/353
f 320/150/146 310/357/353 309/148/144
f 309/148/144 310/357/353 316/358/354
f 309/148/144 316/358/354 317/146/142
f 317/146/142 316/358/354 303/144/140
f 184/354/350 185/359/355 327/355/351
f 327/355/351 185/359/355 322/360/356
f 327/355/351 322/360/356 321/356/352
f 321/356/352 322/360/356 311/361/357
f 321/356/352 311/361/357 310/357/353
f 310/357/353 311/361/357 315/362/358
f 310/357/353 315/362/358 316/358/354
f 316/358/354 315/362/358 304/363/359
f 316/358/354 304/363/359 303/144/140
f 303/144/140 304/363/359 298/142/138
f 185/359/355 186/364/360 322/360/356
f 322/360/356 186/364/360 312/365/361
f 322/360/356 312/365/361 311/361/357
f 311/361/357 312/365/361 314/366/362
f 311/361/357 314/366/362 315/362/358
f 315/362/358 314/366/362 305/367/363
f 315/362/358 305/367/363 304/363/359
f 304/363/359 305/367/363 299/368/364
f 304/363/359 299/368/364 298/142/138
f 298/142/138 299/368/364 293/140/136
f 186/364/360 187/369/365 312/365/361
f 312/365/361 187/369/365 313/370/366
f 312/365/361 313/370/366 314/366/362
f 314/366/362 313/370/366 306/371/367
f 314/366/362 306/371/367 305/367/363
f 305/367/363 306/371/367 300/372/368
f 305/367/363 300/372/368 299/368/364
f 299/368/364 300/372/368 294/373/369
f 299/368/364 294/373/369 293/140/136
f 293/140/136 294/373/369 288/138/134
f 187/369/365 188/374/370 313/370/366
f 313/370/366 188/374/370 307/375/371
f 313/370/366 307/375/371 306/371/367
f 306/371/367 307/375/371 301/376/372
f 306/371/367 301/376/372 300/372/368
f 300/372/368 301/376/372 295/377/373
f 300/372/368 295/377/373 294/373/369
f 294/373/369 295/377/373 289/378/374
f 294/373/369 289/378/374 288/138/134
f 288/138/134 289/378/374 283/136/132
f 188/374/370 189/379/375 307/375/371
f 307/375/371 189/379/375 302/380/376
f 307/375/371 302/380/376 301/376/372
f 301/376/372 302/380/376 296/381/377
f 301/376/372 296/381/377 295/377/373
f 295/377/373 296/381/377 290/382/378
f 295/377/373 290/382/378 289/378/374
f 289/378/374 290/382/378 284/383/379
f 289/378/374 284/383/379 283/136/132
f 283/136/132 284/383/379 278/134/130
f 189/379/375 190/384/380 302/380/376
f 302/380/376 190/384/380 297/385/381
f 302/380/376 297/385/381 296/381/377
f 296/381/377 297/385/381 291/386/382
f 296/381/377 291/386/382 290/382/378
f 290/382/378 291/386/382 285/387/383
f 290/382/378 285/387/383 284/383/379
f 284/383/379 285/387/383 279/388/384
f 284/383/379 279/388/384 278/134/130
f 278/134/130 279/388/384 273/132/128
f 190/384/380 191/389/385 297/385/381
f 297/385/381 191/389/385 292/390/386
f 297/385/381 292/390/386 291/386/382
f 291/386/382 292/390/386 286/391/387
f 291/386/382 286/391/387 285/387/383
f 285/387/383 286/391/387 280/392/388
f 285/387/383 280/392/388 279/388/384
f 279/388/384 280/392/388 274/393/389
f 279/388/384 274/393/389 273/132/128
f 273/132/128 274/393/389 268/130/126
f 191/389/385 192/394/390 292/390/386
f 292/390/386 192/394/390 287/395/391
f 292/390/386 287/395/391 286/391/387
f 286/391/387 287/395/391 281/396/392
f 286/391/387 281/396/392 280/392/388
f 280/392/388 281/396/392 275/397/393
f 280/392/388 275/397/393 274/393/389
f 274/393/389 275/397/393 269/398/394
f 274/393/389 269/398/394 268/130/126
f 268/130/126 269/398/394 263/128/124
f 192/394/390 193/399/395 287/395/391
f 287/395/391 193/399/395 282/400/396
f 287/395/391 282/400/396 281/396/392
f 281/396/392 282/400/396 276/401/397
f 281/396/392 276/401/397 275/397/393
f 275/397/393 276/401/397 270/402/398
f 275/397/393 270/402/398 269/398/394
f 269/398/394 270/402/398 264/403/399
f 269/398/394 264/403/399 263/128/124
f 263/128/124 264/403/399 258/126/122
f 193/399/395 194/404/400 282/400/396
f 282/400/396 194/404/400 277/405/401
f 282/400/396 277/405/401 276/401/397
f 276/401/397 277/405/401 271/406/402
f 276/401/397 271/406/402 270/402/398
f 270/402/398 271/406/402 265/407/403
f 270/402/398 265/407/403 264/403/399
f 264/403/399 265/407/403 259/408/404
f 264/403/399 259/408/404 258/126/122
f 258/126/122 259/408/404 253/124/120
f 194/404/400 195/409/405 277/405/401
f 277/405/401 195/409/405 272/410/406
f 277/405/401 272/410/406 271/406/402
f 271/406/402 272/410/406 266/411/407
f 271/406/402 266/411/407 265/407/403
f 265/407/403 266/411/407 260/412/408
f 265/407/403 260/412/408 259/408/404
f 259/408/404 260/412/408 254/413/409
f 259/408/404 254/413/409 253/124/120
f 253/124/120 254/413/409 248/122/118
f 195/409/405 196/414/410 272/410/406
f 272/410/406 196/414/410 267/415/411
f 272/410/406 267/415/411 266/411/407
f 266/411/407 267/415/411 261/416/412
f 266/411/407 261/416/412 260/412/408
f 260/412/408 261/416/412 255/417/413
f 260/412/408 255/417/413 254/413/409
f 254/413/409 255/417/413 249/418/414
f 254/413/409 249/418/414 248/122/118
f 248/122/118 249/418/414 243/120/116
f 196/414/410 197/419/415 267/415/411
f 267/415/411 197/419/415 262/420/416
f 267/415/411 262/420/416 261/416/412
f 261/416/412 262/420/416 256/421/417
f 261/416/412 256/421/417 255/417/413
f 255/417/413 256/421/417 250/422/418
f 255/417/413 250/422/418 249/418/414
f 249/418/414 250/422/418 244/423/419
f 249/418/414 244/423/419 243/120/116
f 243/120/116 244/423/419 238/118/114
f 197/419/415 198/424/420 262/420/416
f 262/420/416 198/424/420 257/425/421
f 262/420/416 257/425/421 256/421/417
f 256/421/417 257/425/421 251/426/422
f 256/421/417 251/426/422 250/422/418
f 250/422/418 251/426/422 245/427/423
f 250/422/418 245/427/423 244/423/419
f 244/423/419 245/427/423 239/428/424
f 244/423/419 239/428/424 238/118/114
f 238/118/114 239/428/424 233/116/112
f 198/424/420 199/429/425 257/425/421
f 257/425/421 199/429/425 252/430/426
f 257/425/421 252/430/426 251/426/422
f 251/426/422 252/430/426 246/431/427
f 251/426/422 246/431/427 245/427/423
f 245/427/423 246/431/427 240/432/428
f 245/427/423 240/432/428 239/428/424
f 239/428/424 240/432/428 234/433/429
f 239/428/424 234/433/429 233/116/112
f 233/116/112 234/433/429 228/114/110
f 199/429/425 200/434/430 252/430/426
f 252/430/426 200/434/430 247/435/431
f 252/430/426 247/435/431 246/431/427
f 246/431/427 247/435/431 241/436/432
f 246/431/427 241/436/432 240/432/428
f 240/432/428 241/436/432 235/437/433
f 240/432/428 235/437/433 234/433/429
f 234/433/429 235/437/433 229/438/434
f 234/433/429 229/438/434 228/114/110
f 228/114/110 229/438/434 223/112/108
f 200/434/430 201/439/435 247/435/431
f 247/435/431 201/439/435 242/440/436
f 247/435/431 242/440/436 241/436/432
f 241/436/432 242/440/436 236/441/437
f 241/436/432 236/441/437 235/437/433
f 235/437/433 236/441/437 230/442/438
f 235/437/433 230/442/438 229/438/434
f 229/438/434 230/442/438 224/443/439
f 229/438/434 224/443/439 223/112/108
f 223/112/108 224/443/439 218/110/106
f 201/439/435 202/444/440 242/440/436
f 242/440/436 202/444/440 237/445/441
f 242/440/436 237/445/441 236/441/437
f 236/441/437 237/445/441 231/446/442
f 236/441/437 231/446/442 230/442/438
f 230/442/438 231/446/442 225/447/443
f 230/442/438 225/447/443 224/443/439
f 224/443/439 225/447/443 219/448/444
f 224/443/439 219/448/444 218/110/106
f 218/110/106 219/448/444 213/94/92
f 202/444/440 203/449/445 237/445/441
f 237/445/441 203/449/445 232/450/446
f 237/445/441 232/450/446 231/446/442
f 231/446/442 232/450/446 226/451/447
f 231/446/442 226/451/447 225/447/443
f 225/447/443 226/451/447 220/452/448
f 225/447/443 220/452/448 219/448/444
f 219/448/444 220/452/448 214/453/449
f 219/448/444 214/453/449 213/94/92
f 213/94/92 214/453/449 208/96/94
f 203/449/445 204/454/450 232/450/446
f 232/450/446 204/454/450 227/455/451
f 232/450/446 227/455/451 226/451/447
f 226/451/447 227/455/451 221/456/452
f 226/451/447 221/456/452 220/452/448
f 220/452/448 221/456/452 215/457/453
f 220/452/448 215/457/453 214/453/449
f 214/453/449 215/457/453 209/458/96
f 214/453/449 209/458/96 208/96/94
f 204/454/450 205/459/454 227/455/451
f 227/455/451 205/459/454 222/460/455
f 227/455/451 222/460/455 221/456/452
f 221/456/452 222/460/455 216/461/456
f 221/456/452 216/461/456 215/457/453
f 215/457/453 216/461/456 210/462/98
f 215/457/453 210/462/98 209/458/96
f 205/459/454 206/463/457 222/460/455
f 222/460/455 206/463/457 217/464/458
f 222/460/455 217/464/458 216/461/456
f 216/461/456 217/464/458 211/465/100
f 216/461/456 211/465/100 210/462/98
f 206/463/457 207/466/459 217/464/458
f 217/464/458 207/466/459 212/467/102
f 217/464/458 212/467/102 211/465/100
f 207/466/459 148/468/104 212/467/102
f 417/314/310 408/318/314 409/315/311
f 409/315/311 408/318/314 419/469/460
f 409/315/311 419/469/460 420/316/312
f 420/316/312 419/469/460 425/470/461
f 420/316/312 425/470/461 426/317/313
f 426/317/313 425/470/461 431/471/462
f 426/317/313 431/471/462 432/194/190
f 432/194/190 431/471/462 437/196/192
f 408/318/314 418/320/316 419/469/460
f 419/469/460 418/320/316 424/472/463
f 419/469/460 424/472/463 425/470/461
f 425/470/461 424/472/463 430/473/464
f 425/470/461 430/473/464 431/471/462
f 431/471/462 430/473/464 436/474/465
f 431/471/462 436/474/465 437/196/192
f 437/196/192 436/474/465 442/198/194
f 418/320/316 423/322/318 424/472/463
f 424/472/463 423/322/318 429/475/466
f 424/472/463 429/475/466 430/473/464
f 430/473/464 429/475/466 435/476/467
f 430/473/464 435/476/467 436/474/465
f 436/474/465 435/476/467 441/477/468
f 436/474/465 441/477/468 442/198/194
f 442/198/194 441/477/468 447/200/196
f 423/322/318 428/324/320 429/475/466
f 429/475/466 428/324/320 434/478/469
f 429/475/466 434/478/469 435/476/467
f 435/476/467 434/478/469 440/479/470
f 435/476/467 440/479/470 441/477/468
f 441/477/468 440/479/470 446/480/471
f 441/477/468 446/480/471 447/200/196
f 447/200/196 446/480/471 452/202/198
f 428/324/320 433/326/322 434/478/469
f 434/478/469 433/326/322 439/481/472
f 434/478/469 439/481/472 440/479/470
f 440/479/470 439/481/472 445/482/473
f 440/479/470 445/482/473 446/480/471
f 446/480/471 445/482/473 451/483/474
f 446/480/471 451/483/474 452/202/198
f 452/202/198 451/483/474 457/204/200
f 433/326/322 438/328/324 439/481/472
f 439/481/472 438/328/324 444/484/475
f 439/481/472 444/484/475 445/482/473
f 445/482/473 444/484/475 450/485/476
f 445/482/473 450/485/476 451/483/474
f 451/483/474 450/485/476 456/486/477
f 451/483/474 456/486/477 457/204/200
f 457/204/200 456/486/477 462/206/202
f 438/328/324 443/330/326 444/484/475
f 444/484/475 443/330/326 449/487/478
f 444/484/475 449/487/478 450/485/476
f 450/485/476 449/487/478 455/488/479
f 450/485/476 455/488/479 456/486/477
f 456/486/477 455/488/479 461/489/480
f 456/486/477 461/489/480 462/206/202
f 462/206/202 461/489/480 467/208/204
f 443/330/326 448/332/328 449/487/478
f 449/487/478 448/332/328 454/490/481
f 449/487/478 454/490/481 455/488/479
f 455/488/479 454/490/481 460/491/482
f 455/488/479 460/491/482 461/489/480
f 461/489/480 460/491/482 466/492/483
f 461/489/480 466/492/483 467/208/204
f 467/208/204 466/492/483 472/210/206
f 448/332/328 453/334/330 454/490/481
f 454/490/481 453/334/330 459/493/484
f 454/490/481 459/493/484 460/491/482
f 460/491/482 459/493/484 465/494/485
f 460/491/482 465/494/485 466/492/483
f 466/492/483 465/494/485 471/495/486
f 466/492/483 471/495/486 472/210/206
f 472/210/206 471/495/486 477/212/208
f 453/334/330 458/336/332 459/493/484
f 459/493/484 458/336/332 464/496/487
f 459/493/484 464/496/487 465/494/485
f 465/494/485 464/496/487 470/497/488
f 465/494/485 470/497/488 471/495/486
f 471/495/486 470/497/488 476/498/489
f 471/495/486 476/498/489 477/212/208
f 477/212/208 476/498/489 482/214/210
f 458/336/332 463/338/334 464/496/487
f 464/496/487 463/338/334 469/499/490
f 464/496/487 469/499/490 470/497/488
f 470/497/488 469/499/490 475/500/491
f 470/497/488 475/500/491 476/498/489
f 476/498/489 475/500/491 481/501/492
f 476/498/489 481/501/492 482/214/210
f 482/214/210 481/501/492 487/216/212
f 463/338/334 468/340/336 469/499/490
f 469/499/490 468/340/336 474/502/493
f 469/499/490 474/502/493 475/500/491
f 475/500/491 474/502/493 480/503/494
f 475/500/491 480/503/494 481/501/492
f 481/501/492 480/503/494 486/504/495
f 481/501/492 486/504/495 487/216/212
f 487/216/212 486/504/495 492/218/214
f 468/340/336 473/342/338 474/502/493
f 474/502/493 473/342/338 479/505/496
f 474/502/493 479/505/496 480/503/494
f 480/503/494 479/505/496 485/506/497
f 480/503/494 485/506/497 486/504/495
f 486/504/495 485/506/497 491/507/498
f 486/504/495 491/507/498 492/218/214
f 492/218/214 491/507/498 497/220/216
f 473/342/338 478/344/340 479/505/496
f 479/505/496 478/344/340 484/508/499
f 479/505/496 484/508/499 485/506/497
f 485/506/497 484/508/499 490/509/500
f 485/506/497 490/509/500 491/507/498
f 491/507/498 490/509/500 496/510/501
f 491/507/498 496/510/501 497/220/216
f 497/220/216 496/510/501 502/222/218
f 478/344/340 483/346/342 484/508/499
f 484/508/499 483/346/342 489/511/502
f 484/508/499 489/511/502 490/509/500
f 490/509/500 489/511/502 495/512/503
f 490/509/500 495/512/503 496/510/501
f 496/510/501 495/512/503 501/513/504
f 496/510/501 501/513/504 502/222/218
f 502/222/218 501/513/504 507/107/103
f 483/346/342 488/348/344 489/511/502
f 489/511/502 488/348/344 494/514/505
f 489/511/502 494/514/505 495/512/503
f 495/512/503 494/514/505 500/515/506
f 495/512/503 500/515/506 501/513/504
f 501/513/504 500/515/506 506/105/101
f 501/513/504 506/105/101 507/107/103
f 488/348/344 493/350/346 494/514/505
f 494/514/505 493/350/346 499/516/507
f 494/514/505 499/516/507 500/515/506
f 500/515/506 499/516/507 505/103/99
f 500/515/506 505/103/99 506/105/101
f 493/350/346 498/352/348 499/516/507
f 499/516/507 498/352/348 504/101/97
f 499/516/507 504/101/97 505/103/99
f 503/99/95 504/101/97 498/352/348
f 509/517/508 570/518/509 508/519/510
f 508/519/510 570/518/509 568/520/511
f 508/521/510 568/522/511 567/523/512
f 567/523/512 568/522/511 686/524/513
f 567/523/512 686/524/513 566/525/514
f 566/525/514 686/524/513 684/526/515
f 566/525/514 684/526/515 565/527/516
f 565/527/516 684/526/515 682/528/517
f 565/527/516 682/528/517 564/529/518
f 564/529/518 682/528/517 680/530/519
f 564/529/518 680/530/519 563/531/520
f 563/531/520 680/530/519 678/532/521
f 563/531/520 678/532/521 562/533/522
f 562/533/522 678/532/521 676/534/523
f 562/533/522 676/534/523 561/535/524
f 561/535/524 676/534/523 674/536/525
f 561/535/524 674/536/525 560/537/526
f 560/537/526 674/536/525 672/538/527
f 560/537/526 672/538/527 559/539/528
f 559/539/528 672/538/527 670/540/529
f 559/539/528 670/540/529 558/541/530
f 558/541/530 670/540/529 668/542/531
f 558/541/530 668/542/531 557/543/532
f 557/543/532 668/542/531 666/544/533
f 557/543/532 666/544/533 556/545/534
f 556/545/534 666/544/533 664/546/535
f 556/545/534 664/546/535 555/547/536
f 555/547/536 664/546/535 662/548/537
f 555/547/536 662/548/537 554/549/538
f 554/549/538 662/548/537 660/550/539
f 554/549/538 660/550/539 553/551/540
f 553/551/540 660/550/539 658/552/541
f 553/551/540 658/552/541 552/553/542
f 552/553/542 658/552/541 656/554/543
f 552/553/542 656/554/543 551/555/544
f 551/555/544 656/554/543 654/556/545
f 551/555/544 654/556/545 550/557/546
f 550/557/546 654/556/545 652/558/547
f 550/557/546 652/558/547 549/559/548
f 549/559/548 652/558/547 650/560/549
f 549/559/548 650/560/549 548/561/550
f 548/561/550 650/560/549 648/562/551
f 548/561/550 648/562/551 547/563/552
f 547/563/552 648/562/551 646/564/553
f 547/563/552 646/564/553 546/565/554
f 546/565/554 646/564/553 644/566/555
f 546/565/554 644/566/555 545/567/556
f 545/567/556 644/566/555 642/568/557
f 545/567/556 642/568/557 544/569/558
f 544/569/558 642/568/557 640/570/559
f 544/569/558 640/570/559 543/571/560
f 543/571/560 640/570/559 638/572/561
f 543/571/560 638/572/561 542/573/562
f 542/573/562 638/572/561 636/574/563
f 542/573/562 636/574/563 541/575/564
f 541/575/564 636/574/563 634/576/565
f 541/575/564 634/576/565 540/577/566
f 540/577/566 634/576/565 632/578/567
f 540/577/566 632/578/567 539/579/568
f 539/579/568 632/578/567 630/580/569
f 539/579/568 630/580/569 538/581/570
f 538/581/570 630/580/569 628/582/571
f 538/581/570 628/582/571 537/583/572
f 537/583/572 628/582/571 626/584/573
f 537/583/572 626/584/573 536/585/574
f 536/585/574 626/584/573 624/586/575
f 536/585/574 624/586/575 535/587/576
f 535/587/576 624/586/575 622/588/577
f 535/587/576 622/588/577 534/589/578
f 534/589/578 622/588/577 620/590/579
f 534/589/578 620/590/579 533/591/580
f 533/591/580 620/590/579 618/592/581
f 533/591/580 618/592/581 532/593/582
f 532/593/582 618/592/581 616/594/583
f 532/593/582 616/594/583 531/595/584
f 531/595/584 616/594/583 614/596/585
f 531/595/584 614/596/585 530/597/586
f 530/597/586 614/596/585 612/598/587
f 530/597/586 612/598/587 529/599/588
f 529/599/588 612/598/587 610/600/589
f 529/599/588 610/600/589 528/601/590
f 528/601/590 610/600/589 608/602/591
f 528/601/590 608/602/591 527/603/592
f 527/603/592 608/602/591 606/604/593
f 527/603/592 606/604/593 526/605/594
f 526/605/594 606/604/593 604/606/595
f 526/605/594 604/606/595 525/607/596
f 525/607/596 604/606/595 602/608/597
f 525/607/596 602/608/597 524/609/598
f 524/609/598 602/608/597 600/610/599
f 524/609/598 600/610/599 523/611/600
f 523/611/600 600/610/599 598/612/601
f 523/611/600 598/612/601 522/613/602
f 522/613/602 598/612/601 596/614/603
f 522/613/602 596/614/603 521/615/604
f 521/615/604 596/614/603 594/616/605
f 521/615/604 594/616/605 520/617/606
f 520/617/606 594/616/605 592/618/607
f 520/617/606 592/618/607 519/619/608
f 519/619/608 592/618/607 590/620/609
f 519/619/608 590/620/609 518/621/610
f 518/621/610 590/620/609 588/622/611
f 518/621/610 588/622/611 517/623/612
f 517/623/612 588/622/611 586/624/613
f 517/623/612 586/624/613 516/625/614
f 516/625/614 586/624/613 584/626/615
f 516/625/614 584/626/615 515/627/616
f 515/627/616 584/626/615 582/628/617
f 515/627/616 582/628/617 514/629/618
f 514/629/618 582/628/617 580/630/619
f 514/629/618 580/630/619 513/631/620
f 513/631/620 580/630/619 578/632/621
f 513/631/620 578/632/621 512/633/622
f 512/633/622 578/632/621 576/634/623
f 512/633/622 576/634/623 511/635/624
f 511/635/624 576/634/623 574/636/625
f 511/635/624 574/636/625 510/637/626
f 510/637/626 574/636/625 572/638/627
f 510/637/626 572/638/627 509/517/508
f 509/517/508 572/638/627 570/518/509
f 207/639/459 687/640/628 148/641/104
f 148/641/104 687/640/628 569/642/629
f 148/643/104 569/644/629 149/645/105
f 149/645/105 569/644/629 571/646/630
f 149/645/105 571/646/630 150/647/217
f 150/647/217 571/646/630 573/648/631
f 150/647/217 573/648/631 151/649/215
f 151/649/215 573/648/631 575/650/632
f 151/649/215 575/650/632 152/651/213
f 152/651/213 575/650/632 577/652/633
f 152/651/213 577/652/633 153/653/211
f 153/653/211 577/652/633 579/654/634
f 153/653/211 579/654/634 154/655/209
f 154/655/209 579/654/634 581/656/635
f 154/655/209 581/656/635 155/657/207
f 155/657/207 581/656/635 583/658/636
f 155/657/207 583/658/636 156/659/205
f 156/659/205 583/658/636 585/660/637
f 156/659/205 585/660/637 157/661/203
f 157/661/203 585/660/637 587/662/638
f 157/661/203 587/662/638 158/663/201
f 158/663/201 587/662/638 589/664/639
f 158/663/201 589/664/639 159/665/199
f 159/665/199 589/664/639 591/666/640
f 159/665/199 591/666/640 160/667/197
f 160/667/197 591/666/640 593/668/641
f 160/667/197 593/668/641 161/669/195
f 161/669/195 593/668/641 595/670/642
f 161/669/195 595/670/642 162/671/193
f 162/671/193 595/670/642 597/672/643
f 162/671/193 597/672/643 163/673/191
f 163/673/191 597/672/643 599/674/644
f 163/673/191 599/674/644 164/675/189
f 164/675/189 599/674/644 601/676/645
f 164/675/189 601/676/645 165/677/187
f 165/677/187 601/676/645 603/678/646
f 165/677/187 603/678/646 166/679/185
f 166/679/185 603/678/646 605/680/647
f 166/679/185 605/680/647 167/681/183
f 167/681/183 605/680/647 607/682/648
f 167/681/183 607/682/648 168/683/181
f 168/683/181 607/682/648 609/684/649
f 168/683/181 609/684/649 169/685/179
f 169/685/179 609/684/649 611/686/650
f 169/685/179 611/686/650 170/687/177
f 170/687/177 611/686/650 613/688/651
f 170/687/177 613/688/651 171/689/175
f 171/689/175 613/688/651 615/690/652
f 171/689/175 615/690/652 172/691/173
f 172/691/173 615/690/652 617/692/653
f 172/691/173 617/692/653 173/693/171
f 173/693/171 617/692/653 619/694/654
f 173/693/171 619/694/654 174/695/169
f 174/695/169 619/694/654 621/696/655
f 174/695/169 621/696/655 175/697/167
f 175/697/167 621/696/655 623/698/656
f 175/697/167 623/698/656 176/699/165
f 176/699/165 623/698/656 625/700/657
f 176/699/165 625/700/657 177/701/163
f 177/701/163 625/700/657 627/702/658
f 177/701/163 627/702/658 178/703/161
f 178/703/161 627/702/658 629/704/659
f 178/703/161 629/704/659 179/705/159
f 179/705/159 629/704/659 631/706/660
f 179/705/159 631/706/660 180/707/157
f 180/707/157 631/706/660 633/708/661
f 180/707/157 633/708/661 181/709/155
f 181/709/155 633/708/661 635/710/662
f 181/709/155 635/710/662 182/711/153
f 182/711/153 635/710/662 637/712/663
f 182/711/153 637/712/663 183/713/152
f 183/713/152 637/712/663 639/714/664
f 183/713/152 639/714/664 184/715/350
f 184/715/350 639/714/664 641/716/665
f 184/715/350 641/716/665 185/717/355
f 185/717/355 641/716/665 643/718/666
f 185/717/355 643/718/666 186/719/360
f 186/719/360 643/718/666 645/720/667
f 186/719/360 645/720/667 187/721/365
f 187/721/365 645/720/667 647/722/668
f 187/721/365 647/722/668 188/723/370
f 188/723/370 647/722/668 649/724/669
f 188/723/370 649/724/669 189/725/375
f 189/725/375 649/724/669 651/726/670
f 189/725/375 651/726/670 190/727/380
f 190/727/380 651/726/670 653/728/671
f 190/727/380 653/728/671 191/729/385
f 191/729/385 653/728/671 655/730/672
f 191/729/385 655/730/672 192/731/390
f 192/731/390 655/730/672 657/732/673
f 192/731/390 657/732/673 193/733/395
f 193/733/395 657/732/673 659/734/674
f 193/733/395 659/734/674 194/735/400
f 194/735/400 659/734/674 661/736/675
f 194/735/400 661/736/675 195/737/405
f 195/737/405 661/736/675 663/738/676
f 195/737/405 663/738/676 196/739/410
f 196/739/410 663/738/676 665/740/677
f 196/739/410 665/740/677 197/741/415
f 197/741/415 665/740/677 667/742/678
f 197/741/415 667/742/678 198/743/420
f 198/743/420 667/742/678 669/744/679
f 198/743/420 669/744/679 199/745/425
f 199/745/425 669/744/679 671/746/680
f 199/745/425 671/746/680 200/747/430
f 200/747/430 671/746/680 673/748/681
f 200/747/430 673/748/681 201/749/435
f 201/749/435 673/748/681 675/750/682
f 201/749/435 675/750/682 202/751/440
f 202/751/440 675/750/682 677/752/683
f 202/751/440 677/752/683 203/753/445
f 203/753/445 677/752/683 679/754/684
f 203/753/445 679/754/684 204/755/450
f 204/755/450 679/754/684 681/756/685
f 204/755/450 681/756/685 205/757/454
f 205/757/454 681/756/685 683/758/686
f 205/757/454 683/758/686 206/759/457
f 206/759/457 683/758/686 685/760/687
f 206/759/457 685/760/687 207/639/459
f 207/639/459 685/760/687 687/640/628
f 568/522/511 569/642/629 686/524/513
f 686/524/513 569/642/629 687/640/628
f 686/524/513 687/640/628 684/526/515
f 684/526/515 687/640/628 685/760/687
f 684/526/515 685/760/687 682/528/517
f 682/528/517 685/760/687 683/758/686
f 682/528/517 683/758/686 680/530/519
f 680/530/519 683/758/686 681/756/685
f 680/530/519 681/756/685 678/532/521
f 678/532/521 681/756/685 679/754/684
f 678/532/521 679/754/684 676/534/523
f 676/534/523 679/754/684 677/752/683
f 676/534/523 677/752/683 674/536/525
f 674/536/525 677/752/683 675/750/682
f 674/536/525 675/750/682 672/538/527
f 672/538/527 675/750/682 673/748/681
f 672/538/527 673/748/681 670/540/529
f 670/540/529 673/748/681 671/746/680
f 670/540/529 671/746/680 668/542/531
f 668/542/531 671/746/680 669/744/679
f 668/542/531 669/744/679 666/544/533
f 666/544/533 669/744/679 667/742/678
f 666/544/533 667/742/678 664/546/535
f 664/546/535 667/742/678 665/740/677
f 664/546/535 665/740/677 662/548/537
f 662/548/537 665/740/677 663/738/676
f 662/548/537 663/738/676 660/550/539
f 660/550/539 663/738/676 661/736/675
f 660/550/539 661/736/675 658/552/541
f 658/552/541 661/736/675 659/734/674
f 658/552/541 659/734/674 656/554/543
f 656/554/543 659/734/674 657/732/673
f 656/554/543 657/732/673 654/556/545
f 654/556/545 657/732/673 655/730/672
f 654/556/545 655/730/672 652/558/547
f 652/558/547 655/730/672 653/728/671
f 652/558/547 653/728/671 650/560/549
f 650/560/549 653/728/671 651/726/670
f 650/560/549 651/726/670 648/562/551
f 648/562/551 651/726/670 649/724/669
f 648/562/551 649/724/669 646/564/553
f 646/564/553 649/724/669 647/722/668
f 646/564/553 647/722/668 644/566/555
f 644/566/555 647/722/668 645/720/667
f 644/566/555 645/720/667 642/568/557
f 642/568/557 645/720/667 643/718/666
f 642/568/557 643/718/666 640/570/559
f 640/570/559 643/718/666 641/716/665
f 640/570/559 641/716/665 638/572/561
f 638/572/561 641/716/665 639/714/664
f 638/572/561 639/714/664 636/574/563
f 636/574/563 639/714/664 637/712/663
f 636/574/563 637/712/663 634/576/565
f 634/576/565 637/712/663 635/710/662
f 634/576/565 635/710/662 632/578/567
f 632/578/567 635/710/662 633/708/661
f 632/578/567 633/708/661 630/580/569
f 630/580/569 633/708/661 631/706/660
f 630/580/569 631/706/660 628/582/571
f 628/582/571 631/706/660 629/704/659
f 628/582/571 629/704/659 626/584/573
f 626/584/573 629/704/659 627/702/658
f 626/584/573 627/702/658 624/586/575
f 624/586/575 627/702/658 625/700/657
f 624/586/575 625/700/657 622/588/577
f 622/588/577 625/700/657 623/698/656
f 622/588/577 623/698/656 620/590/579
f 620/590/579 623/698/656 621/696/655
f 620/590/579 621/696/655 618/592/581
f 618/592/581 621/696/655 619/694/654
f 618/592/581 619/694/654 616/594/583
f 616/594/583 619/694/654 617/692/653
f 616/594/583 617/692/653 614/596/585
f 614/596/585 617/692/653 615/690/652
f 614/596/585 615/690/652 612/598/587
f 612/598/587 615/690/652 613/688/651
f 612/598/587 613/688/651 610/600/589
f 610/600/589 613/688/651 611/686/650
f 610/600/589 611/686/650 608/602/591
f 608/602/591 611/686/650 609/684/649
f 608/602/591 609/684/649 606/604/593
f 606/604/593 609/684/649 607/682/648
f 606/604/593 607/682/648 604/606/595
f 604/606/595 607/682/648 605/680/647
f 604/606/595 605/680/647 602/608/597
f 602/608/597 605/680/647 603/678/646
f 602/608/597 603/678/646 600/610/599
f 600/610/599 603/678/646 601/676/645
f 600/610/599 601/676/645 598/612/601
f 598/612/601 601/676/645 599/674/644
f 598/612/601 599/674/644 596/614/603
f 596/614/603 599/674/644 597/672/643
f 596/614/603 597/672/643 594/616/605
f 594/616/605 597/672/643 595/670/642
f 594/616/605 595/670/642 592/618/607
f 592/618/607 595/670/642 593/668/641
f 592/618/607 593/668/641 590/620/609
f 590/620/609 593/668/641 591/666/640
f 590/620/609 591/666/640 588/622/611
f 588/622/611 591/666/640 589/664/639
f 588/622/611 589/664/639 586/624/613
f 586/624/613 589/664/639 587/662/638
f 586/624/613 587/662/638 584/626/615
f 584/626/615 587/662/638 585/660/637
f 584/626/615 585/660/637 582/628/617
f 582/628/617 585/660/637 583/658/636
f 582/628/617 583/658/636 580/630/619
f 580/630/619 583/658/636 581/656/635
f 580/630/619 581/656/635 578/632/621
f 578/632/621 581/656/635 579/654/634
f 578/632/621 579/654/634 576/634/623
f 576/634/623 579/654/634 577/652/633
f 576/634/623 577/652/633 574/636/625
f 574/636/625 577/652/633 575/650/632
f 574/636/625 575/650/632 572/638/627
f 572/638/627 575/650/632 573/648/631
f 572/638/627 573/648/631 570/518/509
f 570/518/509 573/648/631 571/646/630
f 570/518/509 571/646/630 568/520/511
f 568/520/511 571/646/630 569/644/629
f 92/761/91 91/762/93 121/763/269
f 121/763/269 91/762/93 147/764/349
f 121/763/269 147/764/349 146/765/347
f 121/763/269 146/765/347 122/766/274
f 122/766/274 146/765/347 145/767/345
f 122/766/274 145/767/345 123/768/279
f 123/768/279 145/767/345 144/769/343
f 123/768/279 144/769/343 124/770/284
f 124/770/284 144/769/343 143/771/341
f 124/770/284 143/771/341 125/772/289
f 125/772/289 143/771/341 142/773/339
f 125/772/289 142/773/339 126/774/294
f 126/774/294 142/773/339 141/775/337
f 126/774/294 141/775/337 127/776/299
f 127/776/299 141/775/337 140/777/335
f 127/776/299 140/777/335 128/778/304
f 128/778/304 140/777/335 139/779/333
f 128/778/304 139/779/333 129/780/309
f 129/780/309 139/779/333 138/781/331
f 129/780/309 138/781/331 130/782/315
f 130/782/315 138/781/331 137/783/329
f 130/782/315 137/783/329 131/784/317
f 131/784/317 137/783/329 136/785/327
f 131/784/317 136/785/327 132/786/319
f 132/786/319 136/785/327 135/787/325
f 132/786/319 135/787/325 133/788/321
f 133/788/321 135/787/325 134/789/323
f 120/790/264 118/791/254 121/763/269
f 121/763/269 118/791/254 117/792/249
f 121/763/269 117/792/249 116/793/244
f 120/790/264 119/794/259 118/791/254
f 116/793/244 115/795/239 121/763/269
f 121/763/269 115/795/239 114/796/234
f 121/763/269 114/796/234 113/797/229
f 113/797/229 112/798/224 121/763/269
f 121/763/269 112/798/224 111/799/219
f 121/763/269 111/799/219 110/800/141
f 110/800/141 109/801/139 121/763/269
f 121/763/269 109/801/139 108/802/137
f 121/763/269 108/802/137 107/803/135
f 107/803/135 106/804/133 121/763/269
f 121/763/269 106/804/133 105/805/131
f 121/763/269 105/805/131 104/806/129
f 104/806/129 103/807/127 121/763/269
f 121/763/269 103/807/127 102/808/125
f 121/763/269 102/808/125 101/809/123
f 101/809/123 100/810/121 121/763/269
f 121/763/269 100/810/121 99/811/119
f 121/763/269 99/811/119 98/812/117
f 98/812/117 97/813/115 121/763/269
f 121/763/269 97/813/115 96/814/113
f 121/763/269 96/814/113 95/815/111
f 95/815/111 94/816/109 121/763/269
f 121/763/269 94/816/109 93/817/107
f 121/763/269 93/817/107 92/761/91
f 567/818/512 750/819/688 508/820/510
f 508/820/510 750/819/688 745/821/689
f 508/822/510 745/823/689 509/824/508
f 509/824/508 745/823/689 1040/825/690
f 509/824/508 1040/825/690 510/826/626
f 510/826/626 1040/825/690 1035/827/691
f 510/826/626 1035/827/691 511/828/624
f 511/828/624 1035/827/691 1030/829/692
f 511/828/624 1030/829/692 512/830/622
f 512/830/622 1030/829/692 1025/831/693
f 512/830/622 1025/831/693 513/832/620
f 513/832/620 1025/831/693 1020/833/694
f 513/832/620 1020/833/694 514/834/618
f 514/834/618 1020/833/694 1015/835/695
f 514/834/618 1015/835/695 515/836/616
f 515/836/616 1015/835/695 1010/837/696
f 515/836/616 1010/837/696 516/838/614
f 516/838/614 1010/837/696 1005/839/697
f 516/838/614 1005/839/697 517/840/612
f 517/840/612 1005/839/697 1000/841/698
f 517/840/612 1000/841/698 518/842/610
f 518/842/610 1000/841/698 995/843/699
f 518/842/610 995/843/699 519/844/608
f 519/844/608 995/843/699 990/845/700
f 519/844/608 990/845/700 520/846/606
f 520/846/606 990/845/700 985/847/701
f 520/846/606 985/847/701 521/848/604
f 521/848/604 985/847/701 980/849/702
f 521/848/604 980/849/702 522/850/602
f 522/850/602 980/849/702 975/851/703
f 522/850/602 975/851/703 523/852/600
f 523/852/600 975/851/703 970/853/704
f 523/852/600 970/853/704 524/854/598
f 524/854/598 970/853/704 965/855/705
f 524/854/598 965/855/705 525/856/596
f 525/856/596 965/855/705 960/857/706
f 525/856/596 960/857/706 526/858/594
f 526/858/594 960/857/706 955/859/707
f 526/858/594 955/859/707 527/860/592
f 527/860/592 955/859/707 950/861/708
f 527/860/592 950/861/708 528/862/590
f 528/862/590 950/861/708 945/863/709
f 528/862/590 945/863/709 529/864/588
f 529/864/588 945/863/709 940/865/710
f 529/864/588 940/865/710 530/866/586
f 530/866/586 940/865/710 935/867/711
f 530/866/586 935/867/711 531/868/584
f 531/868/584 935/867/711 930/869/712
f 531/868/584 930/869/712 532/870/582
f 532/870/582 930/869/712 925/871/713
f 532/870/582 925/871/713 533/872/580
f 533/872/580 925/871/713 920/873/714
f 533/872/580 920/873/714 534/874/578
f 534/874/578 920/873/714 915/875/715
f 534/874/578 915/875/715 535/876/576
f 535/876/576 915/875/715 910/877/716
f 535/876/576 910/877/716 536/878/574
f 536/878/574 910/877/716 905/879/717
f 536/878/574 905/879/717 537/880/572
f 537/880/572 905/879/717 900/881/718
f 537/880/572 900/881/718 538/882/570
f 538/882/570 900/881/718 895/883/719
f 538/882/570 895/883/719 539/884/568
f 539/884/568 895/883/719 890/885/720
f 539/884/568 890/885/720 540/886/566
f 540/886/566 890/885/720 885/887/721
f 540/886/566 885/887/721 541/888/564
f 541/888/564 885/887/721 880/889/722
f 541/888/564 880/889/722 542/890/562
f 542/890/562 880/889/722 875/891/723
f 542/890/562 875/891/723 543/892/560
f 543/892/560 875/891/723 870/893/724
f 543/892/560 870/893/724 544/894/558
f 544/894/558 870/893/724 865/895/725
f 544/894/558 865/895/725 545/896/556
f 545/896/556 865/895/725 860/897/726
f 545/896/556 860/897/726 546/898/554
f 546/898/554 860/897/726 855/899/727
f 546/898/554 855/899/727 547/900/552
f 547/900/552 855/899/727 850/901/728
f 547/900/552 850/901/728 548/902/550
f 548/902/550 850/901/728 845/903/729
f 548/902/550 845/903/729 549/904/548
f 549/904/548 845/903/729 840/905/730
f 549/904/548 840/905/730 550/906/546
f 550/906/546 840/905/730 835/907/731
f 550/906/546 835/907/731 551/908/544
f 551/908/544 835/907/731 830/909/732
f 551/908/544 830/909/732 552/910/542
f 552/910/542 830/909/732 825/911/733
f 552/910/542 825/911/733 553/912/540
f 553/912/540 825/911/733 820/913/734
f 553/912/540 820/913/734 554/914/538
f 554/914/538 820/913/734 815/915/735
f 554/914/538 815/915/735 555/916/536
f 555/916/536 815/915/735 810/917/736
f 555/916/536 810/917/736 556/918/534
f 556/918/534 810/917/736 805/919/737
f 556/918/534 805/919/737 557/920/532
f 557/920/532 805/919/737 800/921/738
f 557/920/532 800/921/738 558/922/530
f 558/922/530 800/921/738 795/923/739
f 558/922/530 795/923/739 559/924/528
f 559/924/528 795/923/739 790/925/740
f 559/924/528 790/925/740 560/926/526
f 560/926/526 790/925/740 785/927/741
f 560/926/526 785/927/741 561/928/524
f 561/928/524 785/927/741 780/929/742
f 561/928/524 780/929/742 562/930/522
f 562/930/522 780/929/742 775/931/743
f 562/930/522 775/931/743 563/932/520
f 563/932/520 775/931/743 770/933/744
f 563/932/520 770/933/744 564/934/518
f 564/934/518 770/933/744 765/935/745
f 564/934/518 765/935/745 565/936/516
f 565/936/516 765/935/745 760/937/746
f 565/936/516 760/937/746 566/938/514
f 566/938/514 760/937/746 755/939/747
f 566/938/514 755/939/747 567/818/512
f 567/818/512 755/939/747 750/819/688
f 689/940/748 1044/941/749 688/942/750
f 688/942/750 1044/941/749 749/943/751
f 688/944/750 749/945/751 754/946/752
f 754/946/752 749/945/751 748/947/753
f 754/946/752 748/947/753 753/948/754
f 753/948/754 748/947/753 747/949/755
f 753/948/754 747/949/755 752/950/756
f 752/950/756 747/949/755 746/951/757
f 752/950/756 746/951/757 751/952/758
f 751/952/758 746/951/757 745/821/689
f 751/952/758 745/821/689 750/819/688
f 1044/941/749 689/940/748 1039/953/759
f 1039/953/759 689/940/748 690/954/760
f 1039/953/759 690/954/760 1034/955/761
f 1034/955/761 690/954/760 691/956/762
f 1034/955/761 691/956/762 1029/957/763
f 1029/957/763 691/956/762 692/958/764
f 1029/957/763 692/958/764 1024/959/765
f 1024/959/765 692/958/764 693/960/766
f 1024/959/765 693/960/766 1019/961/767
f 1019/961/767 693/960/766 694/962/768
f 1019/961/767 694/962/768 1014/963/769
f 1014/963/769 694/962/768 695/964/770
f 1014/963/769 695/964/770 1009/965/771
f 1009/965/771 695/964/770 696/966/772
f 1009/965/771 696/966/772 1004/967/773
f 1004/967/773 696/966/772 697/968/774
f 1004/967/773 697/968/774 999/969/775
f 999/969/775 697/968/774 698/970/776
f 999/969/775 698/970/776 994/971/777
f 994/971/777 698/970/776 699/972/778
f 994/971/777 699/972/778 989/973/779
f 989/973/779 699/972/778 700/974/780
f 989/973/779 700/974/780 984/975/781
f 984/975/781 700/974/780 701/976/782
f 984/975/781 701/976/782 979/977/783
f 979/977/783 701/976/782 702/978/784
f 979/977/783 702/978/784 974/979/785
f 974/979/785 702/978/784 703/980/786
f 974/979/785 703/980/786 969/981/787
f 969/981/787 703/980/786 704/982/788
f 969/981/787 704/982/788 964/983/789
f 964/983/789 704/982/788 705/984/790
f 964/983/789 705/984/790 959/985/791
f 959/985/791 705/984/790 706/986/792
f 959/985/791 706/986/792 954/987/793
f 954/987/793 706/986/792 707/988/794
f 954/987/793 707/988/794 949/989/795
f 949/989/795 707/988/794 944/990/796
f 949/989/795 944/990/796 943/991/797
f 943/991/797 944/990/796 938/992/798
f 943/991/797 938/992/798 937/993/799
f 937/993/799 938/992/798 932/994/800
f 937/993/799 932/994/800 931/995/801
f 931/995/801 932/994/800 926/996/802
f 931/995/801 926/996/802 925/871/713
f 925/871/713 926/996/802 920/873/714
f 707/988/794 708/997/803 944/990/796
f 944/990/796 708/997/803 939/998/804
f 944/990/796 939/998/804 938/992/798
f 938/992/798 939/998/804 933/999/805
f 938/992/798 933/999/805 932/994/800
f 932/994/800 933/999/805 927/1000/806
f 932/994/800 927/1000/806 926/996/802
f 926/996/802 927/1000/806 921/1001/807
f 926/996/802 921/1001/807 920/873/714
f 920/873/714 921/1001/807 915/875/715
f 708/997/803 709/1002/808 939/998/804
f 939/998/804 709/1002/808 934/1003/809
f 939/998/804 934/1003/809 933/999/805
f 933/999/805 934/1003/809 928/1004/810
f 933/999/805 928/1004/810 927/1000/806
f 927/1000/806 928/1004/810 922/1005/811
f 927/1000/806 922/1005/811 921/1001/807
f 921/1001/807 922/1005/811 916/1006/812
f 921/1001/807 916/1006/812 915/875/715
f 915/875/715 916/1006/812 910/877/716
f 709/1002/808 710/1007/813 934/1003/809
f 934/1003/809 710/1007/813 929/1008/814
f 934/1003/809 929/1008/814 928/1004/810
f 928/1004/810 929/1008/814 923/1009/815
f 928/1004/810 923/1009/815 922/1005/811
f 922/1005/811 923/1009/815 917/1010/816
f 922/1005/811 917/1010/816 916/1006/812
f 916/1006/812 917/1010/816 911/1011/817
f 916/1006/812 911/1011/817 910/877/716
f 910/877/716 911/1011/817 905/879/717
f 710/1007/813 711/1012/818 929/1008/814
f 929/1008/814 711/1012/818 924/1013/819
f 929/1008/814 924/1013/819 923/1009/815
f 923/1009/815 924/1013/819 918/1014/820
f 923/1009/815 918/1014/820 917/1010/816
f 917/1010/816 918/1014/820 912/1015/821
f 917/1010/816 912/1015/821 911/1011/817
f 911/1011/817 912/1015/821 906/1016/822
f 911/1011/817 906/1016/822 905/879/717
f 905/879/717 906/1016/822 900/881/718
f 711/1012/818 712/1017/823 924/1013/819
f 924/1013/819 712/1017/823 919/1018/824
f 924/1013/819 919/1018/824 918/1014/820
f 918/1014/820 919/1018/824 913/1019/825
f 918/1014/820 913/1019/825 912/1015/821
f 912/1015/821 913/1019/825 907/1020/826
f 912/1015/821 907/1020/826 906/1016/822
f 906/1016/822 907/1020/826 901/1021/827
f 906/1016/822 901/1021/827 900/881/718
f 900/881/718 901/1021/827 895/883/719
f 712/1017/823 713/1022/828 919/1018/824
f 919/1018/824 713/1022/828 914/1023/829
f 919/1018/824 914/1023/829 913/1019/825
f 913/1019/825 914/1023/829 908/1024/830
f 913/1019/825 908/1024/830 907/1020/826
f 907/1020/826 908/1024/830 902/1025/831
f 907/1020/826 902/1025/831 901/1021/827
f 901/1021/827 902/1025/831 896/1026/832
f 901/1021/827 896/1026/832 895/883/719
f 895/883/719 896/1026/832 890/885/720
f 713/1022/828 714/1027/833 914/1023/829
f 914/1023/829 714/1027/833 909/1028/834
f 914/1023/829 909/1028/834 908/1024/830
f 908/1024/830 909/1028/834 903/1029/835
f 908/1024/830 903/1029/835 902/1025/831
f 902/1025/831 903/1029/835 897/1030/836
f 902/1025/831 897/1030/836 896/1026/832
f 896/1026/832 897/1030/836 891/1031/837
f 896/1026/832 891/1031/837 890/885/720
f 890/885/720 891/1031/837 885/887/721
f 714/1027/833 715/1032/838 909/1028/834
f 909/1028/834 715/1032/838 904/1033/839
f 909/1028/834 904/1033/839 903/1029/835
f 903/1029/835 904/1033/839 898/1034/840
f 903/1029/835 898/1034/840 897/1030/836
f 897/1030/836 898/1034/840 892/1035/841
f 897/1030/836 892/1035/841 891/1031/837
f 891/1031/837 892/1035/841 886/1036/842
f 891/1031/837 886/1036/842 885/887/721
f 885/887/721 886/1036/842 880/889/722
f 715/1032/838 716/1037/843 904/1033/839
f 904/1033/839 716/1037/843 899/1038/844
f 904/1033/839 899/1038/844 898/1034/840
f 898/1034/840 899/1038/844 893/1039/845
f 898/1034/840 893/1039/845 892/1035/841
f 892/1035/841 893/1039/845 887/1040/846
f 892/1035/841 887/1040/846 886/1036/842
f 886/1036/842 887/1040/846 881/1041/847
f 886/1036/842 881/1041/847 880/889/722
f 880/889/722 881/1041/847 875/891/723
f 716/1037/843 717/1042/848 899/1038/844
f 899/1038/844 717/1042/848 894/1043/849
f 899/1038/844 894/1043/849 893/1039/845
f 893/1039/845 894/1043/849 888/1044/850
f 893/1039/845 888/1044/850 887/1040/846
f 887/1040/846 888/1044/850 882/1045/851
f 887/1040/846 882/1045/851 881/1041/847
f 881/1041/847 882/1045/851 876/1046/852
f 881/1041/847 876/1046/852 875/891/723
f 875/891/723 876/1046/852 870/893/724
f 717/1042/848 718/1047/853 894/1043/849
f 894/1043/849 718/1047/853 889/1048/854
f 894/1043/849 889/1048/854 888/1044/850
f 888/1044/850 889/1048/854 883/1049/855
f 888/1044/850 883/1049/855 882/1045/851
f 882/1045/851 883/1049/855 877/1050/856
f 882/1045/851 877/1050/856 876/1046/852
f 876/1046/852 877/1050/856 871/1051/857
f 876/1046/852 871/1051/857 870/893/724
f 870/893/724 871/1051/857 865/895/725
f 718/1047/853 719/1052/858 889/1048/854
f 889/1048/854 719/1052/858 884/1053/859
f 889/1048/854 884/1053/859 883/1049/855
f 883/1049/855 884/1053/859 878/1054/860
f 883/1049/855 878/1054/860 877/1050/856
f 877/1050/856 878/1054/860 872/1055/861
f 877/1050/856 872/1055/861 871/1051/857
f 871/1051/857 872/1055/861 866/1056/862
f 871/1051/857 866/1056/862 865/895/725
f 865/895/725 866/1056/862 860/897/726
f 719/1052/858 720/1057/863 884/1053/859
f 884/1053/859 720/1057/863 879/1058/864
f 884/1053/859 879/1058/864 878/1054/860
f 878/1054/860 879/1058/864 873/1059/865
f 878/1054/860 873/1059/865 872/1055/861
f 872/1055/861 873/1059/865 867/1060/866
f 872/1055/861 867/1060/866 866/1056/862
f 866/1056/862 867/1060/866 861/1061/867
f 866/1056/862 861/1061/867 860/897/726
f 860/897/726 861/1061/867 855/899/727
f 720/1057/863 721/1062/868 879/1058/864
f 879/1058/864 721/1062/868 874/1063/869
f 879/1058/864 874/1063/869 873/1059/865
f 873/1059/865 874/1063/869 868/1064/870
f 873/1059/865 868/1064/870 867/1060/866
f 867/1060/866 868/1064/870 862/1065/871
f 867/1060/866 862/1065/871 861/1061/867
f 861/1061/867 862/1065/871 856/1066/872
f 861/1061/867 856/1066/872 855/899/727
f 855/899/727 856/1066/872 850/901/728
f 721/1062/868 722/1067/873 874/1063/869
f 874/1063/869 722/1067/873 869/1068/874
f 874/1063/869 869/1068/874 868/1064/870
f 868/1064/870 869/1068/874 863/1069/875
f 868/1064/870 863/1069/875 862/1065/871
f 862/1065/871 863/1069/875 857/1070/876
f 862/1065/871 857/1070/876 856/1066/872
f 856/1066/872 857/1070/876 851/1071/877
f 856/1066/872 851/1071/877 850/901/728
f 850/901/728 851/1071/877 845/903/729
f 722/1067/873 723/1072/878 869/1068/874
f 869/1068/874 723/1072/878 864/1073/879
f 869/1068/874 864/1073/879 863/1069/875
f 863/1069/875 864/1073/879 858/1074/880
f 863/1069/875 858/1074/880 857/1070/876
f 857/1070/876 858/1074/880 852/1075/881
f 857/1070/876 852/1075/881 851/1071/877
f 851/1071/877 852/1075/881 846/1076/882
f 851/1071/877 846/1076/882 845/903/729
f 845/903/729 846/1076/882 840/905/730
f 723/1072/878 724/1077/883 864/1073/879
f 864/1073/879 724/1077/883 859/1078/884
f 864/1073/879 859/1078/884 858/1074/880
f 858/1074/880 859/1078/884 853/1079/885
f 858/1074/880 853/1079/885 852/1075/881
f 852/1075/881 853/1079/885 847/1080/886
f 852/1075/881 847/1080/886 846/1076/882
f 846/1076/882 847/1080/886 841/1081/887
f 846/1076/882 841/1081/887 840/905/730
f 840/905/730 841/1081/887 835/907/731
f 724/1077/883 725/1082/888 859/1078/884
f 859/1078/884 725/1082/888 854/1083/889
f 859/1078/884 854/1083/889 853/1079/885
f 853/1079/885 854/1083/889 848/1084/890
f 853/1079/885 848/1084/890 847/1080/886
f 847/1080/886 848/1084/890 842/1085/891
f 847/1080/886 842/1085/891 841/1081/887
f 841/1081/887 842/1085/891 836/1086/892
f 841/1081/887 836/1086/892 835/907/731
f 835/907/731 836/1086/892 830/909/732
f 725/1082/888 726/1087/893 854/1083/889
f 854/1083/889 726/1087/893 849/1088/894
f 854/1083/889 849/1088/894 848/1084/890
f 848/1084/890 849/1088/894 843/1089/895
f 848/1084/890 843/1089/895 842/1085/891
f 842/1085/891 843/1089/895 837/1090/896
f 842/1085/891 837/1090/896 836/1086/892
f 836/1086/892 837/1090/896 831/1091/897
f 836/1086/892 831/1091/897 830/909/732
f 830/909/732 831/1091/897 825/911/733
f 849/1088/894 726/1087/893 844/1092/898
f 844/1092/898 726/1087/893 727/1093/899
f 844/1092/898 727/1093/899 839/1094/900
f 839/1094/900 727/1093/899 728/1095/901
f 839/1094/900 728/1095/901 834/1096/902
f 834/1096/902 728/1095/901 729/1097/903
f 834/1096/902 729/1097/903 829/1098/904
f 829/1098/904 729/1097/903 730/1099/905
f 829/1098/904 730/1099/905 824/1100/906
f 824/1100/906 730/1099/905 731/1101/907
f 824/1100/906 731/1101/907 819/1102/908
f 819/1102/908 731/1101/907 732/1103/909
f 819/1102/908 732/1103/909 814/1104/910
f 814/1104/910 732/1103/909 733/1105/911
f 814/1104/910 733/1105/911 809/1106/912
f 809/1106/912 733/1105/911 734/1107/913
f 809/1106/912 734/1107/913 804/1108/914
f 804/1108/914 734/1107/913 735/1109/915
f 804/1108/914 735/1109/915 799/1110/916
f 799/1110/916 735/1109/915 736/1111/917
f 799/1110/916 736/1111/917 794/1112/918
f 794/1112/918 736/1111/917 737/1113/919
f 794/1112/918 737/1113/919 789/1114/920
f 789/1114/920 737/1113/919 738/1115/921
f 789/1114/920 738/1115/921 784/1116/922
f 784/1116/922 738/1115/921 739/1117/923
f 784/1116/922 739/1117/923 779/1118/924
f 779/1118/924 739/1117/923 740/1119/925
f 779/1118/924 740/1119/925 774/1120/926
f 774/1120/926 740/1119/925 741/1121/927
f 774/1120/926 741/1121/927 769/1122/928
f 769/1122/928 741/1121/927 742/1123/929
f 769/1122/928 742/1123/929 764/1124/930
f 764/1124/930 742/1123/929 743/1125/931
f 764/1124/930 743/1125/931 759/1126/932
f 759/1126/932 743/1125/931 744/1127/933
f 759/1126/932 744/1127/933 754/946/752
f 754/946/752 744/1127/933 688/944/750
f 745/823/689 746/1128/757 1040/825/690
f 1040/825/690 746/1128/757 1041/1129/934
f 1040/825/690 1041/1129/934 1035/827/691
f 1035/827/691 1041/1129/934 1036/1130/935
f 1035/827/691 1036/1130/935 1030/829/692
f 1030/829/692 1036/1130/935 1031/1131/936
f 1030/829/692 1031/1131/936 1025/831/693
f 1025/831/693 1031/1131/936 1026/1132/937
f 1025/831/693 1026/1132/937 1020/833/694
f 1020/833/694 1026/1132/937 1021/1133/938
f 1020/833/694 1021/1133/938 1015/835/695
f 1015/835/695 1021/1133/938 1016/1134/939
f 1015/835/695 1016/1134/939 1010/837/696
f 1010/837/696 1016/1134/939 1011/1135/940
f 1010/837/696 1011/1135/940 1005/839/697
f 1005/839/697 1011/1135/940 1006/1136/941
f 1005/839/697 1006/1136/941 1000/841/698
f 1000/841/698 1006/1136/941 1001/1137/942
f 1000/841/698 1001/1137/942 995/843/699
f 995/843/699 1001/1137/942 996/1138/943
f 995/843/699 996/1138/943 990/845/700
f 990/845/700 996/1138/943 991/1139/944
f 990/845/700 991/1139/944 985/847/701
f 985/847/701 991/1139/944 986/1140/945
f 985/847/701 986/1140/945 980/849/702
f 980/849/702 986/1140/945 981/1141/946
f 980/849/702 981/1141/946 975/851/703
f 975/851/703 981/1141/946 976/1142/947
f 975/851/703 976/1142/947 970/853/704
f 970/853/704 976/1142/947 971/1143/948
f 970/853/704 971/1143/948 965/855/705
f 965/855/705 971/1143/948 966/1144/949
f 965/855/705 966/1144/949 960/857/706
f 960/857/706 966/1144/949 961/1145/950
f 960/857/706 961/1145/950 955/859/707
f 955/859/707 961/1145/950 956/1146/951
f 955/859/707 956/1146/951 950/861/708
f 950/861/708 956/1146/951 951/1147/952
f 950/861/708 951/1147/952 945/863/709
f 945/863/709 951/1147/952 946/1148/953
f 945/863/709 946/1148/953 940/865/710
f 940/865/710 946/1148/953 941/1149/954
f 940/865/710 941/1149/954 935/867/711
f 935/867/711 941/1149/954 936/1150/955
f 935/867/711 936/1150/955 930/869/712
f 930/869/712 936/1150/955 931/995/801
f 930/869/712 931/995/801 925/871/713
f 746/1128/757 747/1151/755 1041/1129/934
f 1041/1129/934 747/1151/755 1042/1152/956
f 1041/1129/934 1042/1152/956 1036/1130/935
f 1036/1130/935 1042/1152/956 1037/1153/957
f 1036/1130/935 1037/1153/957 1031/1131/936
f 1031/1131/936 1037/1153/957 1032/1154/958
f 1031/1131/936 1032/1154/958 1026/1132/937
f 1026/1132/937 1032/1154/958 1027/1155/959
f 1026/1132/937 1027/1155/959 1021/1133/938
f 1021/1133/938 1027/1155/959 1022/1156/960
f 1021/1133/938 1022/1156/960 1016/1134/939
f 1016/1134/939 1022/1156/960 1017/1157/961
f 1016/1134/939 1017/1157/961 1011/1135/940
f 1011/1135/940 1017/1157/961 1012/1158/962
f 1011/1135/940 1012/1158/962 1006/1136/941
f 1006/1136/941 1012/1158/962 1007/1159/963
f 1006/1136/941 1007/1159/963 1001/1137/942
f 1001/1137/942 1007/1159/963 1002/1160/964
f 1001/1137/942 1002/1160/964 996/1138/943
f 996/1138/943 1002/1160/964 997/1161/965
f 996/1138/943 997/1161/965 991/1139/944
f 991/1139/944 997/1161/965 992/1162/966
f 991/1139/944 992/1162/966 986/1140/945
f 986/1140/945 992/1162/966 987/1163/967
f 986/1140/945 987/1163/967 981/1141/946
f 981/1141/946 987/1163/967 982/1164/968
f 981/1141/946 982/1164/968 976/1142/947
f 976/1142/947 982/1164/968 977/1165/969
f 976/1142/947 977/1165/969 971/1143/948
f 971/1143/948 977/1165/969 972/1166/970
f 971/1143/948 972/1166/970 966/1144/949
f 966/1144/949 972/1166/970 967/1167/971
f 966/1144/949 967/1167/971 961/1145/950
f 961/1145/950 967/1167/971 962/1168/972
f 961/1145/950 962/1168/972 956/1146/951
f 956/1146/951 962/1168/972 957/1169/973
f 956/1146/951 957/1169/973 951/1147/952
f 951/1147/952 957/1169/973 952/1170/974
f 951/1147/952 952/1170/974 946/1148/953
f 946/1148/953 952/1170/974 947/1171/975
f 946/1148/953 947/1171/975 941/1149/954
f 941/1149/954 947/1171/975 942/1172/976
f 941/1149/954 942/1172/976 936/1150/955
f 936/1150/955 942/1172/976 937/993/799
f 936/1150/955 937/993/799 931/995/801
f 747/1151/755 748/1173/753 1042/1152/956
f 1042/1152/956 748/1173/753 1043/1174/977
f 1042/1152/956 1043/1174/977 1037/1153/957
f 1037/1153/957 1043/1174/977 1038/1175/978
f 1037/1153/957 1038/1175/978 1032/1154/958
f 1032/1154/958 1038/1175/978 1033/1176/979
f 1032/1154/958 1033/1176/979 1027/1155/959
f 1027/1155/959 1033/1176/979 1028/1177/980
f 1027/1155/959 1028/1177/980 1022/1156/960
f 1022/1156/960 1028/1177/980 1023/1178/981
f 1022/1156/960 1023/1178/981 1017/1157/961
f 1017/1157/961 1023/1178/981 1018/1179/982
f 1017/1157/961 1018/1179/982 1012/1158/962
f 1012/1158/962 1018/1179/982 1013/1180/983
f 1012/1158/962 1013/1180/983 1007/1159/963
f 1007/1159/963 1013/1180/983 1008/1181/984
f 1007/1159/963 1008/1181/984 1002/1160/964
f 1002/1160/964 1008/1181/984 1003/1182/985
f 1002/1160/964 1003/1182/985 997/1161/965
f 997/1161/965 1003/1182/985 998/1183/986
f 997/1161/965 998/1183/986 992/1162/966
f 992/1162/966 998/1183/986 993/1184/987
f 992/1162/966 993/1184/987 987/1163/967
f 987/1163/967 993/1184/987 988/1185/988
f 987/1163/967 988/1185/988 982/1164/968
f 982/1164/968 988/1185/988 983/1186/989
f 982/1164/968 983/1186/989 977/1165/969
f 977/1165/969 983/1186/989 978/1187/990
f 977/1165/969 978/1187/990 972/1166/970
f 972/1166/970 978/1187/990 973/1188/991
f 972/1166/970 973/1188/991 967/1167/971
f 967/1167/971 973/1188/991 968/1189/992
f 967/1167/971 968/1189/992 962/1168/972
f 962/1168/972 968/1189/992 963/1190/993
f 962/1168/972 963/1190/993 957/1169/973
f 957/1169/973 963/1190/993 958/1191/994
f 957/1169/973 958/1191/994 952/1170/974
f 952/1170/974 958/1191/994 953/1192/995
f 952/1170/974 953/1192/995 947/1171/975
f 947/1171/975 953/1192/995 948/1193/996
f 947/1171/975 948/1193/996 942/1172/976
f 942/1172/976 948/1193/996 943/991/797
f 942/1172/976 943/991/797 937/993/799
f 748/1173/753 749/943/751 1043/1174/977
f 1043/1174/977 749/943/751 1044/941/749
f 1043/1174/977 1044/941/749 1038/1175/978
f 1038/1175/978 1044/941/749 1039/953/759
f 1038/1175/978 1039/953/759 1033/1176/979
f 1033/1176/979 1039/953/759 1034/955/761
f 1033/1176/979 1034/955/761 1028/1177/980
f 1028/1177/980 1034/955/761 1029/957/763
f 1028/1177/980 1029/957/763 1023/1178/981
f 1023/1178/981 1029/957/763 1024/959/765
f 1023/1178/981 1024/959/765 1018/1179/982
f 1018/1179/982 1024/959/765 1019/961/767
f 1018/1179/982 1019/961/767 1013/1180/983
f 1013/1180/983 1019/961/767 1014/963/769
f 1013/1180/983 1014/963/769 1008/1181/984
f 1008/1181/984 1014/963/769 1009/965/771
f 1008/1181/984 1009/965/771 1003/1182/985
f 1003/1182/985 1009/965/771 1004/967/773
f 1003/1182/985 1004/967/773 998/1183/986
f 998/1183/986 1004/967/773 999/969/775
f 998/1183/986 999/969/775 993/1184/987
f 993/1184/987 999/969/775 994/971/777
f 993/1184/987 994/971/777 988/1185/988
f 988/1185/988 994/971/777 989/973/779
f 988/1185/988 989/973/779 983/1186/989
f 983/1186/989 989/973/779 984/975/781
f 983/1186/989 984/975/781 978/1187/990
f 978/1187/990 984/975/781 979/977/783
f 978/1187/990 979/977/783 973/1188/991
f 973/1188/991 979/977/783 974/979/785
f 973/1188/991 974/979/785 968/1189/992
f 968/1189/992 974/979/785 969/981/787
f 968/1189/992 969/981/787 963/1190/993
f 963/1190/993 969/981/787 964/983/789
f 963/1190/993 964/983/789 958/1191/994
f 958/1191/994 964/983/789 959/985/791
f 958/1191/994 959/985/791 953/1192/995
f 953/1192/995 959/985/791 954/987/793
f 953/1192/995 954/987/793 948/1193/996
f 948/1193/996 954/987/793 949/989/795
f 948/1193/996 949/989/795 943/991/797
f 751/952/758 750/819/688 756/1194/997
f 756/1194/997 750/819/688 755/939/747
f 756/1194/997 755/939/747 761/1195/998
f 761/1195/998 755/939/747 760/937/746
f 761/1195/998 760/937/746 766/1196/999
f 766/1196/999 760/937/746 765/935/745
f 766/1196/999 765/935/745 771/1197/1000
f 771/1197/1000 765/935/745 770/933/744
f 771/1197/1000 770/933/744 776/1198/1001
f 776/1198/1001 770/933/744 775/931/743
f 776/1198/1001 775/931/743 781/1199/1002
f 781/1199/1002 775/931/743 780/929/742
f 781/1199/1002 780/929/742 786/1200/1003
f 786/1200/1003 780/929/742 785/927/741
f 786/1200/1003 785/927/741 791/1201/1004
f 791/1201/1004 785/927/741 790/925/740
f 791/1201/1004 790/925/740 796/1202/1005
f 796/1202/1005 790/925/740 795/923/739
f 796/1202/1005 795/923/739 801/1203/1006
f 801/1203/1006 795/923/739 800/921/738
f 801/1203/1006 800/921/738 806/1204/1007
f 806/1204/1007 800/921/738 805/919/737
f 806/1204/1007 805/919/737 811/1205/1008
f 811/1205/1008 805/919/737 810/917/736
f 811/1205/1008 810/917/736 816/1206/1009
f 816/1206/1009 810/917/736 815/915/735
f 816/1206/1009 815/915/735 821/1207/1010
f 821/1207/1010 815/915/735 820/913/734
f 821/1207/1010 820/913/734 826/1208/1011
f 826/1208/1011 820/913/734 825/911/733
f 826/1208/1011 825/911/733 831/1091/897
f 752/950/756 751/952/758 757/1209/1012
f 757/1209/1012 751/952/758 756/1194/997
f 757/1209/1012 756/1194/997 762/1210/1013
f 762/1210/1013 756/1194/997 761/1195/998
f 762/1210/1013 761/1195/998 767/1211/1014
f 767/1211/1014 761/1195/998 766/1196/999
f 767/1211/1014 766/1196/999 772/1212/1015
f 772/1212/1015 766/1196/999 771/1197/1000
f 772/1212/1015 771/1197/1000 777/1213/1016
f 777/1213/1016 771/1197/1000 776/1198/1001
f 777/1213/1016 776/1198/1001 782/1214/1017
f 782/1214/1017 776/1198/1001 781/1199/1002
f 782/1214/1017 781/1199/1002 787/1215/1018
f 787/1215/1018 781/1199/1002 786/1200/1003
f 787/1215/1018 786/1200/1003 792/1216/1019
f 792/1216/1019 786/1200/1003 791/1201/1004
f 792/1216/1019 791/1201/1004 797/1217/1020
f 797/1217/1020 791/1201/1004 796/1202/1005
f 797/1217/1020 796/1202/1005 802/1218/1021
f 802/1218/1021 796/1202/1005 801/1203/1006
f 802/1218/1021 801/1203/1006 807/1219/1022
f 807/1219/1022 801/1203/1006 806/1204/1007
f 807/1219/1022 806/1204/1007 812/1220/1023
f 812/1220/1023 806/1204/1007 811/1205/1008
f 812/1220/1023 811/1205/1008 817/1221/1024
f 817/1221/1024 811/1205/1008 816/1206/1009
f 817/1221/1024 816/1206/1009 822/1222/1025
f 822/1222/1025 816/1206/1009 821/1207/1010
f 822/1222/1025 821/1207/1010 827/1223/1026
f 827/1223/1026 821/1207/1010 826/1208/1011
f 827/1223/1026 826/1208/1011 832/1224/1027
f 832/1224/1027 826/1208/1011 831/1091/897
f 832/1224/1027 831/1091/897 837/1090/896
f 759/1126/932 754/946/752 753/948/754
f 753/948/754 752/950/756 758/1225/1028
f 758/1225/1028 752/950/756 757/1209/1012
f 758/1225/1028 757/1209/1012 763/1226/1029
f 763/1226/1029 757/1209/1012 762/1210/1013
f 763/1226/1029 762/1210/1013 768/1227/1030
f 768/1227/1030 762/1210/1013 767/1211/1014
f 768/1227/1030 767/1211/1014 773/1228/1031
f 773/1228/1031 767/1211/1014 772/1212/1015
f 773/1228/1031 772/1212/1015 778/1229/1032
f 778/1229/1032 772/1212/1015 777/1213/1016
f 778/1229/1032 777/1213/1016 783/1230/1033
f 783/1230/1033 777/1213/1016 782/1214/1017
f 783/1230/1033 782/1214/1017 788/1231/1034
f 788/1231/1034 782/1214/1017 787/1215/1018
f 788/1231/1034 787/1215/1018 793/1232/1035
f 793/1232/1035 787/1215/1018 792/1216/1019
f 793/1232/1035 792/1216/1019 798/1233/1036
f 798/1233/1036 792/1216/1019 797/1217/1020
f 798/1233/1036 797/1217/1020 803/1234/1037
f 803/1234/1037 797/1217/1020 802/1218/1021
f 803/1234/1037 802/1218/1021 808/1235/1038
f 808/1235/1038 802/1218/1021 807/1219/1022
f 808/1235/1038 807/1219/1022 813/1236/1039
f 813/1236/1039 807/1219/1022 812/1220/1023
f 813/1236/1039 812/1220/1023 818/1237/1040
f 818/1237/1040 812/1220/1023 817/1221/1024
f 818/1237/1040 817/1221/1024 823/1238/1041
f 823/1238/1041 817/1221/1024 822/1222/1025
f 823/1238/1041 822/1222/1025 828/1239/1042
f 828/1239/1042 822/1222/1025 827/1223/1026
f 828/1239/1042 827/1223/1026 833/1240/1043
f 833/1240/1043 827/1223/1026 832/1224/1027
f 833/1240/1043 832/1224/1027 838/1241/1044
f 838/1241/1044 832/1224/1027 837/1090/896
f 838/1241/1044 837/1090/896 843/1089/895
f 764/1124/930 759/1126/932 758/1225/1028
f 758/1225/1028 759/1126/932 753/948/754
f 764/1124/930 758/1225/1028 763/1226/1029
f 769/1122/928 764/1124/930 763/1226/1029
f 769/1122/928 763/1226/1029 768/1227/1030
f 774/1120/926 769/1122/928 768/1227/1030
f 774/1120/926 768/1227/1030 773/1228/1031
f 779/1118/924 774/1120/926 773/1228/1031
f 779/1118/924 773/1228/1031 778/1229/1032
f 784/1116/922 779/1118/924 778/1229/1032
f 784/1116/922 778/1229/1032 783/1230/1033
f 789/1114/920 784/1116/922 783/1230/1033
f 789/1114/920 783/1230/1033 788/1231/1034
f 794/1112/918 789/1114/920 788/1231/1034
f 794/1112/918 788/1231/1034 793/1232/1035
f 799/1110/916 794/1112/918 793/1232/1035
f 799/1110/916 793/1232/1035 798/1233/1036
f 804/1108/914 799/1110/916 798/1233/1036
f 804/1108/914 798/1233/1036 803/1234/1037
f 809/1106/912 804/1108/914 803/1234/1037
f 809/1106/912 803/1234/1037 808/1235/1038
f 814/1104/910 809/1106/912 808/1235/1038
f 814/1104/910 808/1235/1038 813/1236/1039
f 819/1102/908 814/1104/910 813/1236/1039
f 819/1102/908 813/1236/1039 818/1237/1040
f 824/1100/906 819/1102/908 818/1237/1040
f 824/1100/906 818/1237/1040 823/1238/1041
f 829/1098/904 824/1100/906 823/1238/1041
f 829/1098/904 823/1238/1041 828/1239/1042
f 834/1096/902 829/1098/904 828/1239/1042
f 834/1096/902 828/1239/1042 833/1240/1043
f 839/1094/900 834/1096/902 833/1240/1043
f 839/1094/900 833/1240/1043 838/1241/1044
f 844/1092/898 839/1094/900 838/1241/1044
f 844/1092/898 838/1241/1044 843/1089/895
f 849/1088/894 844/1092/898 843/1089/895
f 90/1242/1045 717/1243/848 46/1244/1046
f 46/1244/1046 717/1243/848 716/1245/843
f 46/1244/1046 716/1245/843 47/1246/1047
f 47/1246/1047 716/1245/843 715/1247/838
f 47/1246/1047 715/1247/838 48/1248/1048
f 48/1248/1048 715/1247/838 714/1249/833
f 48/1248/1048 714/1249/833 713/1250/828
f 717/1243/848 90/1242/1045 718/1251/853
f 718/1251/853 90/1242/1045 89/1252/1049
f 718/1251/853 89/1252/1049 719/1253/858
f 719/1253/858 89/1252/1049 720/1254/863
f 720/1254/863 89/1252/1049 88/1255/1050
f 720/1254/863 88/1255/1050 721/1256/868
f 721/1256/868 88/1255/1050 87/1257/1051
f 721/1256/868 87/1257/1051 722/1258/873
f 722/1258/873 87/1257/1051 86/1259/1052
f 722/1258/873 86/1259/1052 723/1260/878
f 723/1260/878 86/1259/1052 85/1261/1053
f 723/1260/878 85/1261/1053 724/1262/883
f 724/1262/883 85/1261/1053 725/1263/888
f 725/1263/888 85/1261/1053 84/1264/1054
f 725/1263/888 84/1264/1054 726/1265/893
f 726/1265/893 84/1264/1054 83/1266/1055
f 726/1265/893 83/1266/1055 727/1267/899
f 727/1267/899 83/1266/1055 82/1268/1056
f 727/1267/899 82/1268/1056 728/1269/901
f 728/1269/901 82/1268/1056 729/1270/903
f 729/1270/903 82/1268/1056 81/1271/1057
f 729/1270/903 81/1271/1057 730/1272/905
f 730/1272/905 81/1271/1057 80/1273/1058
f 730/1272/905 80/1273/1058 731/1274/907
f 731/1274/907 80/1273/1058 79/1275/1059
f 731/1274/907 79/1275/1059 732/1276/909
f 732/1276/909 79/1275/1059 78/1277/1060
f 732/1276/909 78/1277/1060 733/1278/911
f 733/1278/911 78/1277/1060 734/1279/913
f 734/1279/913 78/1277/1060 77/1280/1061
f 734/1279/913 77/1280/1061 735/1281/915
f 735/1281/915 77/1280/1061 76/1282/1062
f 735/1281/915 76/1282/1062 736/1283/917
f 736/1283/917 76/1282/1062 75/1284/1063
f 736/1283/917 75/1284/1063 737/1285/919
f 737/1285/919 75/1284/1063 74/1286/1064
f 737/1285/919 74/1286/1064 738/1287/921
f 738/1287/921 74/1286/1064 739/1288/923
f 739/1288/923 74/1286/1064 73/1289/1065
f 739/1288/923 73/1289/1065 740/1290/925
f 740/1290/925 73/1289/1065 72/1291/1066
f 740/1290/925 72/1291/1066 741/1292/927
f 741/1292/927 72/1291/1066 71/1293/1067
f 741/1292/927 71/1293/1067 742/1294/929
f 742/1294/929 71/1293/1067 70/1295/1068
f 742/1294/929 70/1295/1068 743/1296/931
f 743/1296/931 70/1295/1068 744/1297/933
f 744/1297/933 70/1295/1068 69/1298/1069
f 744/1297/933 69/1298/1069 688/1299/750
f 688/1299/750 69/1298/1069 68/1300/1070
f 688/1299/750 68/1300/1070 689/1301/748
f 689/1301/748 68/1300/1070 67/1302/1071
f 689/1301/748 67/1302/1071 690/1303/760
f 690/1303/760 67/1302/1071 691/1304/762
f 691/1304/762 67/1302/1071 66/1305/1072
f 691/1304/762 66/1305/1072 692/1306/764
f 692/1306/764 66/1305/1072 65/1307/1073
f 692/1306/764 65/1307/1073 693/1308/766
f 693/1308/766 65/1307/1073 64/1309/1074
f 693/1308/766 64/1309/1074 694/1310/768
f 694/1310/768 64/1309/1074 63/1311/1075
f 694/1310/768 63/1311/1075 695/1312/770
f 695/1312/770 63/1311/1075 696/1313/772
f 696/1313/772 63/1311/1075 62/1314/1076
f 696/1313/772 62/1314/1076 697/1315/774
f 697/1315/774 62/1314/1076 61/1316/1077
f 697/1315/774 61/1316/1077 698/1317/776
f 698/1317/776 61/1316/1077 60/1318/1078
f 698/1317/776 60/1318/1078 699/1319/778
f 699/1319/778 60/1318/1078 59/1320/1079
f 699/1319/778 59/1320/1079 700/1321/780
f 700/1321/780 59/1320/1079 701/1322/782
f 701/1322/782 59/1320/1079 58/1323/1080
f 701/1322/782 58/1323/1080 702/1324/784
f 702/1324/784 58/1323/1080 57/1325/1081
f 702/1324/784 57/1325/1081 703/1326/786
f 703/1326/786 57/1325/1081 56/1327/1082
f 703/1326/786 56/1327/1082 704/1328/788
f 704/1328/788 56/1327/1082 55/1329/1083
f 704/1328/788 55/1329/1083 705/1330/790
f 705/1330/790 55/1329/1083 706/1331/792
f 706/1331/792 55/1329/1083 54/1332/1084
f 706/1331/792 54/1332/1084 707/1333/794
f 707/1333/794 54/1332/1084 53/1334/1085
f 707/1333/794 53/1334/1085 708/1335/803
f 708/1335/803 53/1334/1085 52/1336/1086
f 708/1335/803 52/1336/1086 709/1337/808
f 709/1337/808 52/1336/1086 710/1338/813
f 710/1338/813 52/1336/1086 51/1339/1087
f 710/1338/813 51/1339/1087 711/1340/818
f 711/1340/818 51/1339/1087 50/1341/1088
f 711/1340/818 50/1341/1088 712/1342/823
f 712/1342/823 50/1341/1088 49/1343/1089
f 712/1342/823 49/1343/1089 713/1250/828
f 713/1250/828 49/1343/1089 48/1248/1048
f 1046/1344/1090 1099/1345/1091 1045/1346/1092
f 1045/1346/1092 1099/1345/1091 1108/1347/1093
f 1045/1346/1092 1108/1347/1093 1091/1348/1094
f 1091/1348/1094 1108/1347/1093 1322/1349/1095
f 1091/1348/1094 1322/1349/1095 1090/1350/1096
f 1090/1350/1096 1322/1349/1095 1317/1351/1097
f 1090/1350/1096 1317/1351/1097 1089/1352/1098
f 1089/1352/1098 1317/1351/1097 1312/1353/1099
f 1089/1352/1098 1312/1353/1099 1088/1354/1100
f 1088/1354/1100 1312/1353/1099 1307/1355/1101
f 1088/1354/1100 1307/1355/1101 1087/1356/1102
f 1087/1356/1102 1307/1355/1101 1302/1357/1103
f 1087/1356/1102 1302/1357/1103 1086/1358/1104
f 1086/1358/1104 1302/1357/1103 1297/1359/1105
f 1086/1358/1104 1297/1359/1105 1085/1360/1106
f 1085/1360/1106 1297/1359/1105 1292/1361/1107
f 1085/1360/1106 1292/1361/1107 1084/1362/1108
f 1084/1362/1108 1292/1361/1107 1287/1363/1109
f 1084/1362/1108 1287/1363/1109 1083/1364/1110
f 1083/1364/1110 1287/1363/1109 1282/1365/1111
f 1083/1364/1110 1282/1365/1111 1082/1366/1112
f 1082/1366/1112 1282/1365/1111 1277/1367/1113
f 1082/1366/1112 1277/1367/1113 1081/1368/1114
f 1081/1368/1114 1277/1367/1113 1272/1369/1115
f 1081/1368/1114 1272/1369/1115 1080/1370/1116
f 1080/1370/1116 1272/1369/1115 1268/1371/1117
f 1080/1370/1116 1268/1371/1117 1079/1372/1118
f 1079/1372/1118 1268/1371/1117 1263/1373/1119
f 1079/1372/1118 1263/1373/1119 1078/1374/1120
f 1078/1374/1120 1263/1373/1119 1258/1375/1121
f 1078/1374/1120 1258/1375/1121 1077/1376/1122
f 1077/1376/1122 1258/1375/1121 1253/1377/1123
f 1077/1376/1122 1253/1377/1123 1076/1378/1124
f 1076/1378/1124 1253/1377/1123 1248/1379/1125
f 1076/1378/1124 1248/1379/1125 1075/1380/1126
f 1075/1380/1126 1248/1379/1125 1243/1381/1127
f 1075/1380/1126 1243/1381/1127 1074/1382/1128
f 1074/1382/1128 1243/1381/1127 1238/1383/1129
f 1074/1382/1128 1238/1383/1129 1073/1384/1130
f 1073/1384/1130 1238/1383/1129 1233/1385/1131
f 1073/1384/1130 1233/1385/1131 1072/1386/1132
f 1072/1386/1132 1233/1385/1131 1228/1387/1133
f 1072/1386/1132 1228/1387/1133 1071/1388/1134
f 1071/1388/1134 1228/1387/1133 1223/1389/1135
f 1071/1388/1134 1223/1389/1135 1070/1390/1136
f 1070/1390/1136 1223/1389/1135 1218/1391/1137
f 1070/1390/1136 1218/1391/1137 1069/1392/1138
f 1069/1392/1138 1218/1391/1137 1092/1393/1139
f 1069/1392/1138 1092/1393/1139 1068/1394/1140
f 1068/1395/1140 1092/1396/1139 1213/1397/1141
f 1068/1395/1140 1213/1397/1141 1067/1398/1142
f 1067/1398/1142 1213/1397/1141 1208/1399/1143
f 1067/1398/1142 1208/1399/1143 1066/1400/1144
f 1066/1400/1144 1208/1399/1143 1203/1401/1145
f 1066/1400/1144 1203/1401/1145 1065/1402/1146
f 1065/1402/1146 1203/1401/1145 1198/1403/1147
f 1065/1402/1146 1198/1403/1147 1064/1404/1148
f 1064/1404/1148 1198/1403/1147 1193/1405/1149
f 1064/1404/1148 1193/1405/1149 1063/1406/1150
f 1063/1406/1150 1193/1405/1149 1188/1407/1151
f 1063/1406/1150 1188/1407/1151 1062/1408/1152
f 1062/1408/1152 1188/1407/1151 1183/1409/1153
f 1062/1408/1152 1183/1409/1153 1061/1410/1154
f 1061/1410/1154 1183/1409/1153 1178/1411/1155
f 1061/1410/1154 1178/1411/1155 1060/1412/1156
f 1060/1412/1156 1178/1411/1155 1173/1413/1157
f 1060/1412/1156 1173/1413/1157 1059/1414/1158
f 1059/1414/1158 1173/1413/1157 1168/1415/1159
f 1059/1414/1158 1168/1415/1159 1058/1416/1160
f 1058/1416/1160 1168/1415/1159 1164/1417/1161
f 1058/1416/1160 1164/1417/1161 1057/1418/1162
f 1057/1418/1162 1164/1417/1161 1159/1419/1163
f 1057/1418/1162 1159/1419/1163 1056/1420/1164
f 1056/1420/1164 1159/1419/1163 1154/1421/1165
f 1056/1420/1164 1154/1421/1165 1055/1422/1166
f 1055/1422/1166 1154/1421/1165 1149/1423/1167
f 1055/1422/1166 1149/1423/1167 1054/1424/1168
f 1054/1424/1168 1149/1423/1167 1144/1425/1169
f 1054/1424/1168 1144/1425/1169 1053/1426/1170
f 1053/1426/1170 1144/1425/1169 1139/1427/1171
f 1053/1426/1170 1139/1427/1171 1052/1428/1172
f 1052/1428/1172 1139/1427/1171 1134/1429/1173
f 1052/1428/1172 1134/1429/1173 1051/1430/1174
f 1051/1430/1174 1134/1429/1173 1129/1431/1175
f 1051/1430/1174 1129/1431/1175 1050/1432/1176
f 1050/1432/1176 1129/1431/1175 1124/1433/1177
f 1050/1432/1176 1124/1433/1177 1049/1434/1178
f 1049/1434/1178 1124/1433/1177 1119/1435/1179
f 1049/1434/1178 1119/1435/1179 1048/1436/1180
f 1048/1436/1180 1119/1435/1179 1114/1437/1181
f 1048/1436/1180 1114/1437/1181 1047/1438/1182
f 1047/1438/1182 1114/1437/1181 1109/1439/1183
f 1047/1438/1182 1109/1439/1183 1046/1344/1090
f 1046/1344/1090 1109/1439/1183 1099/1345/1091
f 45/1440/1184 1104/1441/1185 1/1442/1186
f 1/1442/1186 1104/1441/1185 1103/1443/1187
f 1/1442/1186 1103/1443/1187 2/1444/1188
f 2/1444/1188 1103/1443/1187 1113/1445/1189
f 2/1444/1188 1113/1445/1189 3/1446/1190
f 3/1446/1190 1113/1445/1189 1118/1447/1191
f 3/1446/1190 1118/1447/1191 4/1448/1192
f 4/1448/1192 1118/1447/1191 1123/1449/1193
f 4/1448/1192 1123/1449/1193 5/1450/1194
f 5/1450/1194 1123/1449/1193 1128/1451/1195
f 5/1450/1194 1128/1451/1195 6/1452/1196
f 6/1452/1196 1128/1451/1195 1133/1453/1197
f 6/1452/1196 1133/1453/1197 7/1454/1198
f 7/1454/1198 1133/1453/1197 1138/1455/1199
f 7/1454/1198 1138/1455/1199 8/1456/1200
f 8/1456/1200 1138/1455/1199 1143/1457/1201
f 8/1456/1200 1143/1457/1201 9/1458/1202
f 9/1458/1202 1143/1457/1201 1148/1459/1203
f 9/1458/1202 1148/1459/1203 10/1460/1204
f 10/1460/1204 1148/1459/1203 1153/1461/1205
f 10/1460/1204 1153/1461/1205 11/1462/1206
f 11/1462/1206 1153/1461/1205 1158/1463/1207
f 11/1462/1206 1158/1463/1207 12/1464/1208
f 12/1464/1208 1158/1463/1207 1163/1465/1209
f 12/1464/1208 1163/1465/1209 1098/1466/1210
f 1098/1466/1210 1163/1465/1209 1162/1467/1211
f 1098/1466/1210 1162/1467/1211 1167/1468/1212
f 1167/1468/1212 1162/1467/1211 1161/1469/1213
f 1167/1468/1212 1161/1469/1213 1166/1470/1214
f 1166/1470/1214 1161/1469/1213 1160/1471/1215
f 1166/1470/1214 1160/1471/1215 1165/1472/1216
f 1165/1472/1216 1160/1471/1215 1159/1419/1163
f 1165/1472/1216 1159/1419/1163 1164/1417/1161
f 1104/1441/1185 45/1440/1184 1326/1473/1217
f 1326/1473/1217 45/1440/1184 44/1474/1218
f 1326/1473/1217 44/1474/1218 1321/1475/1219
f 1321/1475/1219 44/1474/1218 43/1476/1220
f 1321/1475/1219 43/1476/1220 1316/1477/1221
f 1316/1477/1221 43/1476/1220 42/1478/1222
f 1316/1477/1221 42/1478/1222 1311/1479/1223
f 1311/1479/1223 42/1478/1222 41/1480/1224
f 1311/1479/1223 41/1480/1224 1306/1481/1225
f 1306/1481/1225 41/1480/1224 40/1482/1226
f 1306/1481/1225 40/1482/1226 1301/1483/1227
f 1301/1483/1227 40/1482/1226 39/1484/1228
f 1301/1483/1227 39/1484/1228 1296/1485/1229
f 1296/1485/1229 39/1484/1228 38/1486/1230
f 1296/1485/1229 38/1486/1230 1291/1487/1231
f 1291/1487/1231 38/1486/1230 37/1488/1232
f 1291/1487/1231 37/1488/1232 1286/1489/1233
f 1286/1489/1233 37/1488/1232 36/1490/1234
f 1286/1489/1233 36/1490/1234 1281/1491/1235
f 1281/1491/1235 36/1490/1234 35/1492/1236
f 1281/1491/1235 35/1492/1236 1276/1493/1237
f 1276/1493/1237 35/1492/1236 1097/1494/1238
f 1276/1493/1237 1097/1494/1238 1271/1495/1239
f 1271/1495/1239 1097/1494/1238 1266/1496/1240
f 1271/1495/1239 1266/1496/1240 1265/1497/1241
f 1265/1497/1241 1266/1496/1240 1260/1498/1242
f 1265/1497/1241 1260/1498/1242 1259/1499/1243
f 1259/1499/1243 1260/1498/1242 1254/1500/1244
f 1259/1499/1243 1254/1500/1244 1253/1377/1123
f 1253/1377/1123 1254/1500/1244 1248/1379/1125
f 35/1492/1236 34/1501/1245 1097/1494/1238
f 1097/1494/1238 34/1501/1245 1267/1502/1246
f 1097/1494/1238 1267/1502/1246 1266/1496/1240
f 1266/1496/1240 1267/1502/1246 1261/1503/1247
f 1266/1496/1240 1261/1503/1247 1260/1498/1242
f 1260/1498/1242 1261/1503/1247 1255/1504/1248
f 1260/1498/1242 1255/1504/1248 1254/1500/1244
f 1254/1500/1244 1255/1504/1248 1249/1505/1249
f 1254/1500/1244 1249/1505/1249 1248/1379/1125
f 1248/1379/1125 1249/1505/1249 1243/1381/1127
f 34/1501/1245 33/1506/1250 1267/1502/1246
f 1267/1502/1246 33/1506/1250 1262/1507/1251
f 1267/1502/1246 1262/1507/1251 1261/1503/1247
f 1261/1503/1247 1262/1507/1251 1256/1508/1252
f 1261/1503/1247 1256/1508/1252 1255/1504/1248
f 1255/1504/1248 1256/1508/1252 1250/1509/1253
f 1255/1504/1248 1250/1509/1253 1249/1505/1249
f 1249/1505/1249 1250/1509/1253 1244/1510/1254
f 1249/1505/1249 1244/1510/1254 1243/1381/1127
f 1243/1381/1127 1244/1510/1254 1238/1383/1129
f 33/1506/1250 32/1511/1255 1262/1507/1251
f 1262/1507/1251 32/1511/1255 1257/1512/1256
f 1262/1507/1251 1257/1512/1256 1256/1508/1252
f 1256/1508/1252 1257/1512/1256 1251/1513/1257
f 1256/1508/1252 1251/1513/1257 1250/1509/1253
f 1250/1509/1253 1251/1513/1257 1245/1514/1258
f 1250/1509/1253 1245/1514/1258 1244/1510/1254
f 1244/1510/1254 1245/1514/1258 1239/1515/1259
f 1244/1510/1254 1239/1515/1259 1238/1383/1129
f 1238/1383/1129 1239/1515/1259 1233/1385/1131
f 32/1511/1255 31/1516/1260 1257/1512/1256
f 1257/1512/1256 31/1516/1260 1252/1517/1261
f 1257/1512/1256 1252/1517/1261 1251/1513/1257
f 1251/1513/1257 1252/1517/1261 1246/1518/1262
f 1251/1513/1257 1246/1518/1262 1245/1514/1258
f 1245/1514/1258 1246/1518/1262 1240/1519/1263
f 1245/1514/1258 1240/1519/1263 1239/1515/1259
f 1239/1515/1259 1240/1519/1263 1234/1520/1264
f 1239/1515/1259 1234/1520/1264 1233/1385/1131
f 1233/1385/1131 1234/1520/1264 1228/1387/1133
f 31/1516/1260 30/1521/1265 1252/1517/1261
f 1252/1517/1261 30/1521/1265 1247/1522/1266
f 1252/1517/1261 1247/1522/1266 1246/1518/1262
f 1246/1518/1262 1247/1522/1266 1241/1523/1267
f 1246/1518/1262 1241/1523/1267 1240/1519/1263
f 1240/1519/1263 1241/1523/1267 1235/1524/1268
f 1240/1519/1263 1235/1524/1268 1234/1520/1264
f 1234/1520/1264 1235/1524/1268 1229/1525/1269
f 1234/1520/1264 1229/1525/1269 1228/1387/1133
f 1228/1387/1133 1229/1525/1269 1223/1389/1135
f 30/1521/1265 29/1526/1270 1247/1522/1266
f 1247/1522/1266 29/1526/1270 1242/1527/1271
f 1247/1522/1266 1242/1527/1271 1241/1523/1267
f 1241/1523/1267 1242/1527/1271 1236/1528/1272
f 1241/1523/1267 1236/1528/1272 1235/1524/1268
f 1235/1524/1268 1236/1528/1272 1230/1529/1273
f 1235/1524/1268 1230/1529/1273 1229/1525/1269
f 1229/1525/1269 1230/1529/1273 1224/1530/1274
f 1229/1525/1269 1224/1530/1274 1223/1389/1135
f 1223/1389/1135 1224/1530/1274 1218/1391/1137
f 29/1526/1270 28/1531/1275 1242/1527/1271
f 1242/1527/1271 28/1531/1275 1237/1532/1276
f 1242/1527/1271 1237/1532/1276 1236/1528/1272
f 1236/1528/1272 1237/1532/1276 1231/1533/1277
f 1236/1528/1272 1231/1533/1277 1230/1529/1273
f 1230/1529/1273 1231/1533/1277 1225/1534/1278
f 1230/1529/1273 1225/1534/1278 1224/1530/1274
f 1224/1530/1274 1225/1534/1278 1219/1535/1279
f 1224/1530/1274 1219/1535/1279 1218/1391/1137
f 1218/1391/1137 1219/1535/1279 1092/1393/1139
f 28/1531/1275 27/1536/1280 1237/1532/1276
f 1237/1532/1276 27/1536/1280 1232/1537/1281
f 1237/1532/1276 1232/1537/1281 1231/1533/1277
f 1231/1533/1277 1232/1537/1281 1226/1538/1282
f 1231/1533/1277 1226/1538/1282 1225/1534/1278
f 1225/1534/1278 1226/1538/1282 1220/1539/1283
f 1225/1534/1278 1220/1539/1283 1219/1535/1279
f 1219/1535/1279 1220/1539/1283 1093/1540/1284
f 1219/1535/1279 1093/1540/1284 1092/1393/1139
f 1092/1396/1139 1093/1541/1284 1213/1397/1141
f 27/1536/1280 26/1542/1285 1232/1537/1281
f 1232/1537/1281 26/1542/1285 1227/1543/1286
f 1232/1537/1281 1227/1543/1286 1226/1538/1282
f 1226/1538/1282 1227/1543/1286 1221/1544/1287
f 1226/1538/1282 1221/1544/1287 1220/1539/1283
f 1220/1539/1283 1221/1544/1287 1094/1545/1288
f 1220/1539/1283 1094/1545/1288 1093/1540/1284
f 1093/1541/1284 1094/1546/1288 1214/1547/1289
f 1093/1541/1284 1214/1547/1289 1213/1397/1141
f 1213/1397/1141 1214/1547/1289 1208/1399/1143
f 26/1542/1285 25/1548/1290 1227/1543/1286
f 1227/1543/1286 25/1548/1290 1222/1549/1291
f 1227/1543/1286 1222/1549/1291 1221/1544/1287
f 1221/1544/1287 1222/1549/1291 1095/1550/1292
f 1221/1544/1287 1095/1550/1292 1094/1545/1288
f 1094/1546/1288 1095/1551/1292 1215/1552/1293
f 1094/1546/1288 1215/1552/1293 1214/1547/1289
f 1214/1547/1289 1215/1552/1293 1209/1553/1294
f 1214/1547/1289 1209/1553/1294 1208/1399/1143
f 1208/1399/1143 1209/1553/1294 1203/1401/1145
f 25/1548/1290 24/1554/1295 1222/1549/1291
f 1222/1549/1291 24/1554/1295 1096/1555/1296
f 1222/1549/1291 1096/1555/1296 1095/1550/1292
f 1095/1551/1292 1096/1556/1296 1216/1557/1297
f 1095/1551/1292 1216/1557/1297 1215/1552/1293
f 1215/1552/1293 1216/1557/1297 1210/1558/1298
f 1215/1552/1293 1210/1558/1298 1209/1553/1294
f 1209/1553/1294 1210/1558/1298 1204/1559/1299
f 1209/1553/1294 1204/1559/1299 1203/1401/1145
f 1203/1401/1145 1204/1559/1299 1198/1403/1147
f 24/1560/1295 23/1561/1300 1096/1556/1296
f 1096/1556/1296 23/1561/1300 1217/1562/1301
f 1096/1556/1296 1217/1562/1301 1216/1557/1297
f 1216/1557/1297 1217/1562/1301 1211/1563/1302
f 1216/1557/1297 1211/1563/1302 1210/1558/1298
f 1210/1558/1298 1211/1563/1302 1205/1564/1303
f 1210/1558/1298 1205/1564/1303 1204/1559/1299
f 1204/1559/1299 1205/1564/1303 1199/1565/1304
f 1204/1559/1299 1199/1565/1304 1198/1403/1147
f 1198/1403/1147 1199/1565/1304 1193/1405/1149
f 23/1561/1300 22/1566/1305 1217/1562/1301
f 1217/1562/1301 22/1566/1305 1212/1567/1306
f 1217/1562/1301 1212/1567/1306 1211/1563/1302
f 1211/1563/1302 1212/1567/1306 1206/1568/1307
f 1211/1563/1302 1206/1568/1307 1205/1564/1303
f 1205/1564/1303 1206/1568/1307 1200/1569/1308
f 1205/1564/1303 1200/1569/1308 1199/1565/1304
f 1199/1565/1304 1200/1569/1308 1194/1570/1309
f 1199/1565/1304 1194/1570/1309 1193/1405/1149
f 1193/1405/1149 1194/1570/1309 1188/1407/1151
f 22/1566/1305 21/1571/1310 1212/1567/1306
f 1212/1567/1306 21/1571/1310 1207/1572/1311
f 1212/1567/1306 1207/1572/1311 1206/1568/1307
f 1206/1568/1307 1207/1572/1311 1201/1573/1312
f 1206/1568/1307 1201/1573/1312 1200/1569/1308
f 1200/1569/1308 1201/1573/1312 1195/1574/1313
f 1200/1569/1308 1195/1574/1313 1194/1570/1309
f 1194/1570/1309 1195/1574/1313 1189/1575/1314
f 1194/1570/1309 1189/1575/1314 1188/1407/1151
f 1188/1407/1151 1189/1575/1314 1183/1409/1153
f 21/1571/1310 20/1576/1315 1207/1572/1311
f 1207/1572/1311 20/1576/1315 1202/1577/1316
f 1207/1572/1311 1202/1577/1316 1201/1573/1312
f 1201/1573/1312 1202/1577/1316 1196/1578/1317
f 1201/1573/1312 1196/1578/1317 1195/1574/1313
f 1195/1574/1313 1196/1578/1317 1190/1579/1318
f 1195/1574/1313 1190/1579/1318 1189/1575/1314
f 1189/1575/1314 1190/1579/1318 1184/1580/1319
f 1189/1575/1314 1184/1580/1319 1183/1409/1153
f 1183/1409/1153 1184/1580/1319 1178/1411/1155
f 20/1576/1315 19/1581/1320 1202/1577/1316
f 1202/1577/1316 19/1581/1320 1197/1582/1321
f 1202/1577/1316 1197/1582/1321 1196/1578/1317
f 1196/1578/1317 1197/1582/1321 1191/1583/1322
f 1196/1578/1317 1191/1583/1322 1190/1579/1318
f 1190/1579/1318 1191/1583/1322 1185/1584/1323
f 1190/1579/1318 1185/1584/1323 1184/1580/1319
f 1184/1580/1319 1185/1584/1323 1179/1585/1324
f 1184/1580/1319 1179/1585/1324 1178/1411/1155
f 1178/1411/1155 1179/1585/1324 1173/1413/1157
f 19/1581/1320 18/1586/1325 1197/1582/1321
f 1197/1582/1321 18/1586/1325 1192/1587/1326
f 1197/1582/1321 1192/1587/1326 1191/1583/1322
f 1191/1583/1322 1192/1587/1326 1186/1588/1327
f 1191/1583/1322 1186/1588/1327 1185/1584/1323
f 1185/1584/1323 1186/1588/1327 1180/1589/1328
f 1185/1584/1323 1180/1589/1328 1179/1585/1324
f 1179/1585/1324 1180/1589/1328 1174/1590/1329
f 1179/1585/1324 1174/1590/1329 1173/1413/1157
f 1173/1413/1157 1174/1590/1329 1168/1415/1159
f 18/1586/1325 17/1591/1330 1192/1587/1326
f 1192/1587/1326 17/1591/1330 1187/1592/1331
f 1192/1587/1326 1187/1592/1331 1186/1588/1327
f 1186/1588/1327 1187/1592/1331 1181/1593/1332
f 1186/1588/1327 1181/1593/1332 1180/1589/1328
f 1180/1589/1328 1181/1593/1332 1175/1594/1333
f 1180/1589/1328 1175/1594/1333 1174/1590/1329
f 1174/1590/1329 1175/1594/1333 1169/1595/1334
f 1174/1590/1329 1169/1595/1334 1168/1415/1159
f 1168/1415/1159 1169/1595/1334 1164/1417/1161
f 17/1591/1330 16/1596/1335 1187/1592/1331
f 1187/1592/1331 16/1596/1335 1182/1597/1336
f 1187/1592/1331 1182/1597/1336 1181/1593/1332
f 1181/1593/1332 1182/1597/1336 1176/1598/1337
f 1181/1593/1332 1176/1598/1337 1175/1594/1333
f 1175/1594/1333 1176/1598/1337 1170/1599/1338
f 1175/1594/1333 1170/1599/1338 1169/1595/1334
f 1169/1595/1334 1170/1599/1338 1165/1472/1216
f 1169/1595/1334 1165/1472/1216 1164/1417/1161
f 16/1596/1335 15/1600/1339 1182/1597/1336
f 1182/1597/1336 15/1600/1339 1177/1601/1340
f 1182/1597/1336 1177/1601/1340 1176/1598/1337
f 1176/1598/1337 1177/1601/1340 1171/1602/1341
f 1176/1598/1337 1171/1602/1341 1170/1599/1338
f 1170/1599/1338 1171/1602/1341 1166/1470/1214
f 1170/1599/1338 1166/1470/1214 1165/1472/1216
f 15/1600/1339 14/1603/1342 1177/1601/1340
f 1177/1601/1340 14/1603/1342 1172/1604/1343
f 1177/1601/1340 1172/1604/1343 1171/1602/1341
f 1171/1602/1341 1172/1604/1343 1167/1468/1212
f 1171/1602/1341 1167/1468/1212 1166/1470/1214
f 14/1603/1342 13/1605/1344 1172/1604/1343
f 1172/1604/1343 13/1605/1344 1098/1466/1210
f 1172/1604/1343 1098/1466/1210 1167/1468/1212
f 13/1605/1344 12/1464/1208 1098/1466/1210
f 1099/1345/1091 1100/1606/1345 1108/1347/1093
f 1108/1347/1093 1100/1606/1345 1107/1607/1346
f 1108/1347/1093 1107/1607/1346 1322/1349/1095
f 1322/1349/1095 1107/1607/1346 1323/1608/1347
f 1322/1349/1095 1323/1608/1347 1317/1351/1097
f 1317/1351/1097 1323/1608/1347 1318/1609/1348
f 1317/1351/1097 1318/1609/1348 1312/1353/1099
f 1312/1353/1099 1318/1609/1348 1313/1610/1349
f 1312/1353/1099 1313/1610/1349 1307/1355/1101
f 1307/1355/1101 1313/1610/1349 1308/1611/1350
f 1307/1355/1101 1308/1611/1350 1302/1357/1103
f 1302/1357/1103 1308/1611/1350 1303/1612/1351
f 1302/1357/1103 1303/1612/1351 1297/1359/1105
f 1297/1359/1105 1303/1612/1351 1298/1613/1352
f 1297/1359/1105 1298/1613/1352 1292/1361/1107
f 1292/1361/1107 1298/1613/1352 1293/1614/1353
f 1292/1361/1107 1293/1614/1353 1287/1363/1109
f 1287/1363/1109 1293/1614/1353 1288/1615/1354
f 1287/1363/1109 1288/1615/1354 1282/1365/1111
f 1282/1365/1111 1288/1615/1354 1283/1616/1355
f 1282/1365/1111 1283/1616/1355 1277/1367/1113
f 1277/1367/1113 1283/1616/1355 1278/1617/1356
f 1277/1367/1113 1278/1617/1356 1272/1369/1115
f 1272/1369/1115 1278/1617/1356 1273/1618/1357
f 1272/1369/1115 1273/1618/1357 1268/1371/1117
f 1268/1371/1117 1273/1618/1357 1269/1619/1358
f 1268/1371/1117 1269/1619/1358 1263/1373/1119
f 1263/1373/1119 1269/1619/1358 1264/1620/1359
f 1263/1373/1119 1264/1620/1359 1258/1375/1121
f 1258/1375/1121 1264/1620/1359 1259/1499/1243
f 1258/1375/1121 1259/1499/1243 1253/1377/1123
f 1100/1606/1345 1101/1621/1360 1107/1607/1346
f 1107/1607/1346 1101/1621/1360 1106/1622/1361
f 1107/1607/1346 1106/1622/1361 1323/1608/1347
f 1323/1608/1347 1106/1622/1361 1324/1623/1362
f 1323/1608/1347 1324/1623/1362 1318/1609/1348
f 1318/1609/1348 1324/1623/1362 1319/1624/1363
f 1318/1609/1348 1319/1624/1363 1313/1610/1349
f 1313/1610/1349 1319/1624/1363 1314/1625/1364
f 1313/1610/1349 1314/1625/1364 1308/1611/1350
f 1308/1611/1350 1314/1625/1364 1309/1626/1365
f 1308/1611/1350 1309/1626/1365 1303/1612/1351
f 1303/1612/1351 1309/1626/1365 1304/1627/1366
f 1303/1612/1351 1304/1627/1366 1298/1613/1352
f 1298/1613/1352 1304/1627/1366 1299/1628/1367
f 1298/1613/1352 1299/1628/1367 1293/1614/1353
f 1293/1614/1353 1299/1628/1367 1294/1629/1368
f 1293/1614/1353 1294/1629/1368 1288/1615/1354
f 1288/1615/1354 1294/1629/1368 1289/1630/1369
f 1288/1615/1354 1289/1630/1369 1283/1616/1355
f 1283/1616/1355 1289/1630/1369 1284/1631/1370
f 1283/1616/1355 1284/1631/1370 1278/1617/1356
f 1278/1617/1356 1284/1631/1370 1279/1632/1371
f 1278/1617/1356 1279/1632/1371 1273/1618/1357
f 1273/1618/1357 1279/1632/1371 1274/1633/1372
f 1273/1618/1357 1274/1633/1372 1269/1619/1358
f 1269/1619/1358 1274/1633/1372 1270/1634/1373
f 1269/1619/1358 1270/1634/1373 1264/1620/1359
f 1264/1620/1359 1270/1634/1373 1265/1497/1241
f 1264/1620/1359 1265/1497/1241 1259/1499/1243
f 1100/1606/1345 1099/1345/1091 1110/1635/1374
f 1110/1635/1374 1099/1345/1091 1109/1439/1183
f 1110/1635/1374 1109/1439/1183 1115/1636/1375
f 1115/1636/1375 1109/1439/1183 1114/1437/1181
f 1115/1636/1375 1114/1437/1181 1120/1637/1376
f 1120/1637/1376 1114/1437/1181 1119/1435/1179
f 1120/1637/1376 1119/1435/1179 1125/1638/1377
f 1125/1638/1377 1119/1435/1179 1124/1433/1177
f 1125/1638/1377 1124/1433/1177 1130/1639/1378
f 1130/1639/1378 1124/1433/1177 1129/1431/1175
f 1130/1639/1378 1129/1431/1175 1135/1640/1379
f 1135/1640/1379 1129/1431/1175 1134/1429/1173
f 1135/1640/1379 1134/1429/1173 1140/1641/1380
f 1140/1641/1380 1134/1429/1173 1139/1427/1171
f 1140/1641/1380 1139/1427/1171 1145/1642/1381
f 1145/1642/1381 1139/1427/1171 1144/1425/1169
f 1145/1642/1381 1144/1425/1169 1150/1643/1382
f 1150/1643/1382 1144/1425/1169 1149/1423/1167
f 1150/1643/1382 1149/1423/1167 1155/1644/1383
f 1155/1644/1383 1149/1423/1167 1154/1421/1165
f 1155/1644/1383 1154/1421/1165 1160/1471/1215
f 1160/1471/1215 1154/1421/1165 1159/1419/1163
f 1101/1621/1360 1102/1645/1384 1106/1622/1361
f 1106/1622/1361 1102/1645/1384 1105/1646/1385
f 1106/1622/1361 1105/1646/1385 1324/1623/1362
f 1324/1623/1362 1105/1646/1385 1325/1647/1386
f 1324/1623/1362 1325/1647/1386 1319/1624/1363
f 1319/1624/1363 1325/1647/1386 1320/1648/1387
f 1319/1624/1363 1320/1648/1387 1314/1625/1364
f 1314/1625/1364 1320/1648/1387 1315/1649/1388
f 1314/1625/1364 1315/1649/1388 1309/1626/1365
f 1309/1626/1365 1315/1649/1388 1310/1650/1389
f 1309/1626/1365 1310/1650/1389 1304/1627/1366
f 1304/1627/1366 1310/1650/1389 1305/1651/1390
f 1304/1627/1366 1305/1651/1390 1299/1628/1367
f 1299/1628/1367 1305/1651/1390 1300/1652/1391
f 1299/1628/1367 1300/1652/1391 1294/1629/1368
f 1294/1629/1368 1300/1652/1391 1295/1653/1392
f 1294/1629/1368 1295/1653/1392 1289/1630/1369
f 1289/1630/1369 1295/1653/1392 1290/1654/1393
f 1289/1630/1369 1290/1654/1393 1284/1631/1370
f 1284/1631/1370 1290/1654/1393 1285/1655/1394
f 1284/1631/1370 1285/1655/1394 1279/1632/1371
f 1279/1632/1371 1285/1655/1394 1280/1656/1395
f 1279/1632/1371 1280/1656/1395 1274/1633/1372
f 1274/1633/1372 1280/1656/1395 1275/1657/1396
f 1274/1633/1372 1275/1657/1396 1270/1634/1373
f 1270/1634/1373 1275/1657/1396 1271/1495/1239
f 1270/1634/1373 1271/1495/1239 1265/1497/1241
f 1101/1621/1360 1100/1606/1345 1111/1658/1397
f 1111/1658/1397 1100/1606/1345 1110/1635/1374
f 1111/1658/1397 1110/1635/1374 1116/1659/1398
f 1116/1659/1398 1110/1635/1374 1115/1636/1375
f 1116/1659/1398 1115/1636/1375 1121/1660/1399
f 1121/1660/1399 1115/1636/1375 1120/1637/1376
f 1121/1660/1399 1120/1637/1376 1126/1661/1400
f 1126/1661/1400 1120/1637/1376 1125/1638/1377
f 1126/1661/1400 1125/1638/1377 1131/1662/1401
f 1131/1662/1401 1125/1638/1377 1130/1639/1378
f 1131/1662/1401 1130/1639/1378 1136/1663/1402
f 1136/1663/1402 1130/1639/1378 1135/1640/1379
f 1136/1663/1402 1135/1640/1379 1141/1664/1403
f 1141/1664/1403 1135/1640/1379 1140/1641/1380
f 1141/1664/1403 1140/1641/1380 1146/1665/1404
f 1146/1665/1404 1140/1641/1380 1145/1642/1381
f 1146/1665/1404 1145/1642/1381 1151/1666/1405
f 1151/1666/1405 1145/1642/1381 1150/1643/1382
f 1151/1666/1405 1150/1643/1382 1156/1667/1406
f 1156/1667/1406 1150/1643/1382 1155/1644/1383
f 1156/1667/1406 1155/1644/1383 1161/1469/1213
f 1161/1469/1213 1155/1644/1383 1160/1471/1215
f 1102/1645/1384 1103/1443/1187 1105/1646/1385
f 1105/1646/1385 1103/1443/1187 1104/1441/1185
f 1105/1646/1385 1104/1441/1185 1325/1647/1386
f 1325/1647/1386 1104/1441/1185 1326/1473/1217
f 1325/1647/1386 1326/1473/1217 1320/1648/1387
f 1320/1648/1387 1326/1473/1217 1321/1475/1219
f 1320/1648/1387 1321/1475/1219 1315/1649/1388
f 1315/1649/1388 1321/1475/1219 1316/1477/1221
f 1315/1649/1388 1316/1477/1221 1310/1650/1389
f 1310/1650/1389 1316/1477/1221 1311/1479/1223
f 1310/1650/1389 1311/1479/1223 1305/1651/1390
f 1305/1651/1390 1311/1479/1223 1306/1481/1225
f 1305/1651/1390 1306/1481/1225 1300/1652/1391
f 1300/1652/1391 1306/1481/1225 1301/1483/1227
f 1300/1652/1391 1301/1483/1227 1295/1653/1392
f 1295/1653/1392 1301/1483/1227 1296/1485/1229
f 1295/1653/1392 1296/1485/1229 1290/1654/1393
f 1290/1654/1393 1296/1485/1229 1291/1487/1231
f 1290/1654/1393 1291/1487/1231 1285/1655/1394
f 1285/1655/1394 1291/1487/1231 1286/1489/1233
f 1285/1655/1394 1286/1489/1233 1280/1656/1395
f 1280/1656/1395 1286/1489/1233 1281/1491/1235
f 1280/1656/1395 1281/1491/1235 1275/1657/1396
f 1275/1657/1396 1281/1491/1235 1276/1493/1237
f 1275/1657/1396 1276/1493/1237 1271/1495/1239
f 1102/1645/1384 1101/1621/1360 1112/1668/1407
f 1112/1668/1407 1101/1621/1360 1111/1658/1397
f 1112/1668/1407 1111/1658/1397 1117/1669/1408
f 1117/1669/1408 1111/1658/1397 1116/1659/1398
f 1117/1669/1408 1116/1659/1398 1122/1670/1409
f 1122/1670/1409 1116/1659/1398 1121/1660/1399
f 1122/1670/1409 1121/1660/1399 1127/1671/1410
f 1127/1671/1410 1121/1660/1399 1126/1661/1400
f 1127/1671/1410 1126/1661/1400 1132/1672/1411
f 1132/1672/1411 1126/1661/1400 1131/1662/1401
f 1132/1672/1411 1131/1662/1401 1137/1673/1412
f 1137/1673/1412 1131/1662/1401 1136/1663/1402
f 1137/1673/1412 1136/1663/1402 1142/1674/1413
f 1142/1674/1413 1136/1663/1402 1141/1664/1403
f 1142/1674/1413 1141/1664/1403 1147/1675/1414
f 1147/1675/1414 1141/1664/1403 1146/1665/1404
f 1147/1675/1414 1146/1665/1404 1152/1676/1415
f 1152/1676/1415 1146/1665/1404 1151/1666/1405
f 1152/1676/1415 1151/1666/1405 1157/1677/1416
f 1157/1677/1416 1151/1666/1405 1156/1667/1406
f 1157/1677/1416 1156/1667/1406 1162/1467/1211
f 1162/1467/1211 1156/1667/1406 1161/1469/1213
f 1103/1443/1187 1102/1645/1384 1113/1445/1189
f 1113/1445/1189 1102/1645/1384 1112/1668/1407
f 1113/1445/1189 1112/1668/1407 1118/1447/1191
f 1118/1447/1191 1112/1668/1407 1117/1669/1408
f 1118/1447/1191 1117/1669/1408 1123/1449/1193
f 1123/1449/1193 1117/1669/1408 1122/1670/1409
f 1123/1449/1193 1122/1670/1409 1128/1451/1195
f 1128/1451/1195 1122/1670/1409 1127/1671/1410
f 1128/1451/1195 1127/1671/1410 1133/1453/1197
f 1133/1453/1197 1127/1671/1410 1132/1672/1411
f 1133/1453/1197 1132/1672/1411 1138/1455/1199
f 1138/1455/1199 1132/1672/1411 1137/1673/1412
f 1138/1455/1199 1137/1673/1412 1143/1457/1201
f 1143/1457/1201 1137/1673/1412 1142/1674/1413
f 1143/1457/1201 1142/1674/1413 1148/1459/1203
f 1148/1459/1203 1142/1674/1413 1147/1675/1414
f 1148/1459/1203 1147/1675/1414 1153/1461/1205
f 1153/1461/1205 1147/1675/1414 1152/1676/1415
f 1153/1461/1205 1152/1676/1415 1158/1463/1207
f 1158/1463/1207 1152/1676/1415 1157/1677/1416
f 1158/1463/1207 1157/1677/1416 1163/1465/1209
f 1163/1465/1209 1157/1677/1416 1162/1467/1211
f 1328/1678/1417 1046/1679/1090 1327/1680/1418
f 1327/1680/1418 1046/1679/1090 1045/1681/1092
f 1327/1682/1418 1045/1683/1092 1373/1684/1419
f 1373/1684/1419 1045/1683/1092 1091/1685/1094
f 1373/1684/1419 1091/1685/1094 1372/1686/1420
f 1372/1686/1420 1091/1685/1094 1090/1687/1096
f 1372/1686/1420 1090/1687/1096 1371/1688/1421
f 1371/1688/1421 1090/1687/1096 1089/1689/1098
f 1371/1688/1421 1089/1689/1098 1370/1690/1422
f 1370/1690/1422 1089/1689/1098 1088/1691/1100
f 1370/1690/1422 1088/1691/1100 1369/1692/1423
f 1369/1692/1423 1088/1691/1100 1087/1693/1102
f 1369/1692/1423 1087/1693/1102 1368/1694/1424
f 1368/1694/1424 1087/1693/1102 1086/1695/1104
f 1368/1694/1424 1086/1695/1104 1367/1696/1425
f 1367/1696/1425 1086/1695/1104 1085/1697/1106
f 1367/1696/1425 1085/1697/1106 1366/1698/1426
f 1366/1698/1426 1085/1697/1106 1084/1699/1108
f 1366/1698/1426 1084/1699/1108 1365/1700/1427
f 1365/1700/1427 1084/1699/1108 1083/1701/1110
f 1365/1700/1427 1083/1701/1110 1364/1702/1428
f 1364/1702/1428 1083/1701/1110 1082/1703/1112
f 1364/1702/1428 1082/1703/1112 1363/1704/1429
f 1363/1704/1429 1082/1703/1112 1081/1705/1114
f 1363/1704/1429 1081/1705/1114 1362/1706/1430
f 1362/1706/1430 1081/1705/1114 1080/1707/1116
f 1362/1706/1430 1080/1707/1116 1361/1708/1431
f 1361/1708/1431 1080/1707/1116 1079/1709/1118
f 1361/1708/1431 1079/1709/1118 1360/1710/1432
f 1360/1710/1432 1079/1709/1118 1078/1711/1120
f 1360/1710/1432 1078/1711/1120 1359/1712/1433
f 1359/1712/1433 1078/1711/1120 1077/1713/1122
f 1359/1712/1433 1077/1713/1122 1358/1714/1434
f 1358/1714/1434 1077/1713/1122 1076/1715/1124
f 1358/1714/1434 1076/1715/1124 1357/1716/1435
f 1357/1716/1435 1076/1715/1124 1075/1717/1126
f 1357/1716/1435 1075/1717/1126 1356/1718/1436
f 1356/1718/1436 1075/1717/1126 1074/1719/1128
f 1356/1718/1436 1074/1719/1128 1355/1720/1437
f 1355/1720/1437 1074/1719/1128 1073/1721/1130
f 1355/1720/1437 1073/1721/1130 1354/1722/1438
f 1354/1722/1438 1073/1721/1130 1072/1723/1132
f 1354/1722/1438 1072/1723/1132 1353/1724/1439
f 1353/1724/1439 1072/1723/1132 1071/1725/1134
f 1353/1724/1439 1071/1725/1134 1352/1726/1440
f 1352/1726/1440 1071/1725/1134 1070/1727/1136
f 1352/1726/1440 1070/1727/1136 1351/1728/1441
f 1351/1728/1441 1070/1727/1136 1069/1729/1138
f 1351/1728/1441 1069/1729/1138 1350/1730/1442
f 1350/1730/1442 1069/1729/1138 1068/1731/1140
f 1350/1730/1442 1068/1731/1140 1349/1732/1443
f 1349/1732/1443 1068/1731/1140 1067/1733/1142
f 1349/1732/1443 1067/1733/1142 1348/1734/1444
f 1348/1734/1444 1067/1733/1142 1066/1735/1144
f 1348/1734/1444 1066/1735/1144 1347/1736/1445
f 1347/1736/1445 1066/1735/1144 1065/1737/1146
f 1347/1736/1445 1065/1737/1146 1346/1738/1446
f 1346/1738/1446 1065/1737/1146 1064/1739/1148
f 1346/1738/1446 1064/1739/1148 1345/1740/1447
f 1345/1740/1447 1064/1739/1148 1063/1741/1150
f 1345/1740/1447 1063/1741/1150 1344/1742/1448
f 1344/1742/1448 1063/1741/1150 1062/1743/1152
f 1344/1742/1448 1062/1743/1152 1343/1744/1449
f 1343/1744/1449 1062/1743/1152 1061/1745/1154
f 1343/1744/1449 1061/1745/1154 1342/1746/1450
f 1342/1746/1450 1061/1745/1154 1060/1747/1156
f 1342/1746/1450 1060/1747/1156 1341/1748/1451
f 1341/1748/1451 1060/1747/1156 1059/1749/1158
f 1341/1748/1451 1059/1749/1158 1340/1750/1452
f 1340/1750/1452 1059/1749/1158 1058/1751/1160
f 1340/1750/1452 1058/1751/1160 1339/1752/1453
f 1339/1752/1453 1058/1751/1160 1057/1753/1162
f 1339/1752/1453 1057/1753/1162 1338/1754/1454
f 1338/1754/1454 1057/1753/1162 1056/1755/1164
f 1338/1754/1454 1056/1755/1164 1337/1756/1455
f 1337/1756/1455 1056/1755/1164 1055/1757/1166
f 1337/1756/1455 1055/1757/1166 1336/1758/1456
f 1336/1758/1456 1055/1757/1166 1054/1759/1168
f 1336/1758/1456 1054/1759/1168 1335/1760/1457
f 1335/1760/1457 1054/1759/1168 1053/1761/1170
f 1335/1760/1457 1053/1761/1170 1334/1762/1458
f 1334/1762/1458 1053/1761/1170 1052/1763/1172
f 1334/1762/1458 1052/1763/1172 1333/1764/1459
f 1333/1764/1459 1052/1763/1172 1051/1765/1174
f 1333/1764/1459 1051/1765/1174 1332/1766/1460
f 1332/1766/1460 1051/1765/1174 1050/1767/1176
f 1332/1766/1460 1050/1767/1176 1331/1768/1461
f 1331/1768/1461 1050/1767/1176 1049/1769/1178
f 1331/1768/1461 1049/1769/1178 1330/1770/1462
f 1330/1770/1462 1049/1769/1178 1048/1771/1180
f 1330/1770/1462 1048/1771/1180 1329/1772/1463
f 1329/1772/1463 1048/1771/1180 1047/1773/1182
f 1329/1772/1463 1047/1773/1182 1328/1678/1417
f 1328/1678/1417 1047/1773/1182 1046/1679/1090
f 1375/1774/1464 1502/1775/1465 1374/1776/1466
f 1374/1776/1466 1502/1775/1465 1493/1777/1467
f 1374/1778/1466 1493/1779/1467 1798/1780/1468
f 1798/1780/1468 1493/1779/1467 1494/1781/1469
f 1798/1780/1468 1494/1781/1469 1799/1782/1470
f 1799/1782/1470 1494/1781/1469 1495/1783/1471
f 1799/1782/1470 1495/1783/1471 1800/1784/1472
f 1800/1784/1472 1495/1783/1471 1496/1785/1473
f 1800/1784/1472 1496/1785/1473 1801/1786/1474
f 1801/1786/1474 1496/1785/1473 1497/1787/1475
f 1801/1786/1474 1497/1787/1475 1802/1788/1476
f 1802/1788/1476 1497/1787/1475 1431/1789/1477
f 1802/1788/1476 1431/1789/1477 1432/1790/1478
f 1502/1775/1465 1375/1774/1464 1507/1791/1479
f 1507/1791/1479 1375/1774/1464 1376/1792/1480
f 1507/1791/1479 1376/1792/1480 1512/1793/1481
f 1512/1793/1481 1376/1792/1480 1377/1794/1482
f 1512/1793/1481 1377/1794/1482 1517/1795/1483
f 1517/1795/1483 1377/1794/1482 1378/1796/1484
f 1517/1795/1483 1378/1796/1484 1522/1797/1485
f 1522/1797/1485 1378/1796/1484 1379/1798/1486
f 1522/1797/1485 1379/1798/1486 1527/1799/1487
f 1527/1799/1487 1379/1798/1486 1380/1800/1488
f 1527/1799/1487 1380/1800/1488 1532/1801/1489
f 1532/1801/1489 1380/1800/1488 1381/1802/1490
f 1532/1801/1489 1381/1802/1490 1537/1803/1491
f 1537/1803/1491 1381/1802/1490 1382/1804/1492
f 1537/1803/1491 1382/1804/1492 1542/1805/1493
f 1542/1805/1493 1382/1804/1492 1383/1806/1494
f 1542/1805/1493 1383/1806/1494 1547/1807/1495
f 1547/1807/1495 1383/1806/1494 1384/1808/1496
f 1547/1807/1495 1384/1808/1496 1552/1809/1497
f 1552/1809/1497 1384/1808/1496 1385/1810/1498
f 1552/1809/1497 1385/1810/1498 1557/1811/1499
f 1557/1811/1499 1385/1810/1498 1498/1812/1500
f 1557/1811/1499 1498/1812/1500 1570/1813/1501
f 1570/1813/1501 1498/1812/1500 1563/1814/1502
f 1570/1813/1501 1563/1814/1502 1564/1815/1503
f 1564/1815/1503 1563/1814/1502 1573/1816/1504
f 1564/1815/1503 1573/1816/1504 1574/1817/1505
f 1574/1817/1505 1573/1816/1504 1579/1818/1506
f 1574/1817/1505 1579/1818/1506 1580/1819/1507
f 1580/1819/1507 1579/1818/1506 1585/1820/1508
f 1580/1819/1507 1585/1820/1508 1476/1821/1509
f 1476/1821/1509 1585/1820/1508 1475/1822/1510
f 1475/1822/1510 1585/1820/1508 1590/1823/1511
f 1475/1822/1510 1590/1823/1511 1474/1824/1512
f 1474/1824/1512 1590/1823/1511 1595/1825/1513
f 1474/1824/1512 1595/1825/1513 1473/1826/1514
f 1473/1826/1514 1595/1825/1513 1600/1827/1515
f 1473/1826/1514 1600/1827/1515 1472/1828/1516
f 1472/1828/1516 1600/1827/1515 1605/1829/1517
f 1472/1828/1516 1605/1829/1517 1471/1830/1518
f 1471/1830/1518 1605/1829/1517 1610/1831/1519
f 1471/1830/1518 1610/1831/1519 1470/1832/1520
f 1470/1832/1520 1610/1831/1519 1615/1833/1521
f 1470/1832/1520 1615/1833/1521 1469/1834/1522
f 1469/1834/1522 1615/1833/1521 1619/1835/1523
f 1469/1834/1522 1619/1835/1523 1468/1836/1524
f 1468/1836/1524 1619/1835/1523 1625/1837/1525
f 1468/1836/1524 1625/1837/1525 1467/1838/1526
f 1467/1838/1526 1625/1837/1525 1624/1839/1527
f 1467/1838/1526 1624/1839/1527 1466/1840/1528
f 1466/1840/1528 1624/1839/1527 1634/1841/1529
f 1466/1840/1528 1634/1841/1529 1465/1842/1530
f 1465/1842/1530 1634/1841/1529 1639/1843/1531
f 1465/1842/1530 1639/1843/1531 1464/1844/1532
f 1464/1844/1532 1639/1843/1531 1644/1845/1533
f 1464/1844/1532 1644/1845/1533 1463/1846/1534
f 1463/1846/1534 1644/1845/1533 1649/1847/1535
f 1463/1846/1534 1649/1847/1535 1462/1848/1536
f 1462/1848/1536 1649/1847/1535 1654/1849/1537
f 1462/1848/1536 1654/1849/1537 1461/1850/1538
f 1461/1850/1538 1654/1849/1537 1659/1851/1539
f 1461/1850/1538 1659/1851/1539 1460/1852/1540
f 1460/1852/1540 1659/1851/1539 1664/1853/1541
f 1460/1852/1540 1664/1853/1541 1459/1854/1542
f 1459/1854/1542 1664/1853/1541 1669/1855/1543
f 1459/1854/1542 1669/1855/1543 1458/1856/1544
f 1458/1856/1544 1669/1855/1543 1674/1857/1545
f 1458/1856/1544 1674/1857/1545 1457/1858/1546
f 1457/1858/1546 1674/1857/1545 1679/1859/1547
f 1457/1858/1546 1679/1859/1547 1456/1860/1548
f 1456/1860/1548 1679/1859/1547 1684/1861/1549
f 1456/1860/1548 1684/1861/1549 1455/1862/1550
f 1455/1862/1550 1684/1861/1549 1690/1863/1551
f 1455/1862/1550 1690/1863/1551 1454/1864/1552
f 1454/1864/1552 1690/1863/1551 1689/1865/1553
f 1454/1864/1552 1689/1865/1553 1453/1866/1554
f 1453/1866/1554 1689/1865/1553 1698/1867/1555
f 1453/1866/1554 1698/1867/1555 1452/1868/1556
f 1452/1868/1556 1698/1867/1555 1703/1869/1557
f 1452/1868/1556 1703/1869/1557 1451/1870/1558
f 1451/1870/1558 1703/1869/1557 1708/1871/1559
f 1451/1870/1558 1708/1871/1559 1450/1872/1560
f 1450/1872/1560 1708/1871/1559 1713/1873/1561
f 1450/1872/1560 1713/1873/1561 1449/1874/1562
f 1449/1874/1562 1713/1873/1561 1718/1875/1563
f 1449/1874/1562 1718/1875/1563 1448/1876/1564
f 1448/1876/1564 1718/1875/1563 1723/1877/1565
f 1448/1876/1564 1723/1877/1565 1447/1878/1566
f 1447/1878/1566 1723/1877/1565 1728/1879/1567
f 1447/1878/1566 1728/1879/1567 1446/1880/1568
f 1446/1880/1568 1728/1879/1567 1733/1881/1569
f 1446/1880/1568 1733/1881/1569 1445/1882/1570
f 1445/1882/1570 1733/1881/1569 1738/1883/1571
f 1445/1882/1570 1738/1883/1571 1444/1884/1572
f 1444/1884/1572 1738/1883/1571 1742/1885/1573
f 1444/1884/1572 1742/1885/1573 1443/1886/1574
f 1443/1886/1574 1742/1885/1573 1748/1887/1575
f 1443/1886/1574 1748/1887/1575 1442/1888/1576
f 1442/1888/1576 1748/1887/1575 1747/1889/1577
f 1442/1888/1576 1747/1889/1577 1441/1890/1578
f 1441/1890/1578 1747/1889/1577 1757/1891/1579
f 1441/1890/1578 1757/1891/1579 1440/1892/1580
f 1440/1892/1580 1757/1891/1579 1762/1893/1581
f 1440/1892/1580 1762/1893/1581 1439/1894/1582
f 1439/1894/1582 1762/1893/1581 1767/1895/1583
f 1439/1894/1582 1767/1895/1583 1438/1896/1584
f 1438/1896/1584 1767/1895/1583 1772/1897/1585
f 1438/1896/1584 1772/1897/1585 1437/1898/1586
f 1437/1898/1586 1772/1897/1585 1777/1899/1587
f 1437/1898/1586 1777/1899/1587 1436/1900/1588
f 1436/1900/1588 1777/1899/1587 1782/1901/1589
f 1436/1900/1588 1782/1901/1589 1435/1902/1590
f 1435/1902/1590 1782/1901/1589 1787/1903/1591
f 1435/1902/1590 1787/1903/1591 1434/1904/1592
f 1434/1904/1592 1787/1903/1591 1792/1905/1593
f 1434/1904/1592 1792/1905/1593 1433/1906/1594
f 1433/1906/1594 1792/1905/1593 1797/1907/1595
f 1433/1906/1594 1797/1907/1595 1432/1790/1478
f 1432/1790/1478 1797/1907/1595 1802/1788/1476
f 1385/1810/1498 1386/1908/1596 1498/1812/1500
f 1498/1812/1500 1386/1908/1596 1562/1909/1597
f 1498/1812/1500 1562/1909/1597 1563/1814/1502
f 1563/1814/1502 1562/1909/1597 1572/1910/1598
f 1563/1814/1502 1572/1910/1598 1573/1816/1504
f 1573/1816/1504 1572/1910/1598 1578/1911/1599
f 1573/1816/1504 1578/1911/1599 1579/1818/1506
f 1579/1818/1506 1578/1911/1599 1584/1912/1600
f 1579/1818/1506 1584/1912/1600 1585/1820/1508
f 1585/1820/1508 1584/1912/1600 1590/1823/1511
f 1386/1908/1596 1387/1913/1601 1562/1909/1597
f 1562/1909/1597 1387/1913/1601 1571/1914/1602
f 1562/1909/1597 1571/1914/1602 1572/1910/1598
f 1572/1910/1598 1571/1914/1602 1577/1915/1603
f 1572/1910/1598 1577/1915/1603 1578/1911/1599
f 1578/1911/1599 1577/1915/1603 1583/1916/1604
f 1578/1911/1599 1583/1916/1604 1584/1912/1600
f 1584/1912/1600 1583/1916/1604 1589/1917/1605
f 1584/1912/1600 1589/1917/1605 1590/1823/1511
f 1590/1823/1511 1589/1917/1605 1595/1825/1513
f 1387/1913/1601 1388/1918/1606 1571/1914/1602
f 1571/1914/1602 1388/1918/1606 1576/1919/1607
f 1571/1914/1602 1576/1919/1607 1577/1915/1603
f 1577/1915/1603 1576/1919/1607 1582/1920/1608
f 1577/1915/1603 1582/1920/1608 1583/1916/1604
f 1583/1916/1604 1582/1920/1608 1588/1921/1609
f 1583/1916/1604 1588/1921/1609 1589/1917/1605
f 1589/1917/1605 1588/1921/1609 1594/1922/1610
f 1589/1917/1605 1594/1922/1610 1595/1825/1513
f 1595/1825/1513 1594/1922/1610 1600/1827/1515
f 1388/1918/1606 1389/1923/1611 1576/1919/1607
f 1576/1919/1607 1389/1923/1611 1581/1924/1612
f 1576/1919/1607 1581/1924/1612 1582/1920/1608
f 1582/1920/1608 1581/1924/1612 1587/1925/1613
f 1582/1920/1608 1587/1925/1613 1588/1921/1609
f 1588/1921/1609 1587/1925/1613 1593/1926/1614
f 1588/1921/1609 1593/1926/1614 1594/1922/1610
f 1594/1922/1610 1593/1926/1614 1599/1927/1615
f 1594/1922/1610 1599/1927/1615 1600/1827/1515
f 1600/1827/1515 1599/1927/1615 1605/1829/1517
f 1389/1923/1611 1390/1928/1616 1581/1924/1612
f 1581/1924/1612 1390/1928/1616 1586/1929/1617
f 1581/1924/1612 1586/1929/1617 1587/1925/1613
f 1587/1925/1613 1586/1929/1617 1592/1930/1618
f 1587/1925/1613 1592/1930/1618 1593/1926/1614
f 1593/1926/1614 1592/1930/1618 1598/1931/1619
f 1593/1926/1614 1598/1931/1619 1599/1927/1615
f 1599/1927/1615 1598/1931/1619 1604/1932/1620
f 1599/1927/1615 1604/1932/1620 1605/1829/1517
f 1605/1829/1517 1604/1932/1620 1610/1831/1519
f 1390/1928/1616 1391/1933/1621 1586/1929/1617
f 1586/1929/1617 1391/1933/1621 1591/1934/1622
f 1586/1929/1617 1591/1934/1622 1592/1930/1618
f 1592/1930/1618 1591/1934/1622 1597/1935/1623
f 1592/1930/1618 1597/1935/1623 1598/1931/1619
f 1598/1931/1619 1597/1935/1623 1603/1936/1624
f 1598/1931/1619 1603/1936/1624 1604/1932/1620
f 1604/1932/1620 1603/1936/1624 1609/1937/1625
f 1604/1932/1620 1609/1937/1625 1610/1831/1519
f 1610/1831/1519 1609/1937/1625 1615/1833/1521
f 1391/1933/1621 1392/1938/1626 1591/1934/1622
f 1591/1934/1622 1392/1938/1626 1596/1939/1627
f 1591/1934/1622 1596/1939/1627 1597/1935/1623
f 1597/1935/1623 1596/1939/1627 1602/1940/1628
f 1597/1935/1623 1602/1940/1628 1603/1936/1624
f 1603/1936/1624 1602/1940/1628 1608/1941/1629
f 1603/1936/1624 1608/1941/1629 1609/1937/1625
f 1609/1937/1625 1608/1941/1629 1614/1942/1630
f 1609/1937/1625 1614/1942/1630 1615/1833/1521
f 1615/1833/1521 1614/1942/1630 1619/1835/1523
f 1392/1938/1626 1393/1943/1631 1596/1939/1627
f 1596/1939/1627 1393/1943/1631 1601/1944/1632
f 1596/1939/1627 1601/1944/1632 1602/1940/1628
f 1602/1940/1628 1601/1944/1632 1607/1945/1633
f 1602/1940/1628 1607/1945/1633 1608/1941/1629
f 1608/1941/1629 1607/1945/1633 1613/1946/1634
f 1608/1941/1629 1613/1946/1634 1614/1942/1630
f 1614/1942/1630 1613/1946/1634 1618/1947/1635
f 1614/1942/1630 1618/1947/1635 1619/1835/1523
f 1619/1835/1523 1618/1947/1635 1625/1837/1525
f 1393/1943/1631 1394/1948/1636 1601/1944/1632
f 1601/1944/1632 1394/1948/1636 1606/1949/1637
f 1601/1944/1632 1606/1949/1637 1607/1945/1633
f 1607/1945/1633 1606/1949/1637 1612/1950/1638
f 1607/1945/1633 1612/1950/1638 1613/1946/1634
f 1613/1946/1634 1612/1950/1638 1617/1951/1639
f 1613/1946/1634 1617/1951/1639 1618/1947/1635
f 1618/1947/1635 1617/1951/1639 1626/1952/1640
f 1618/1947/1635 1626/1952/1640 1625/1837/1525
f 1625/1837/1525 1626/1952/1640 1624/1839/1527
f 1394/1948/1636 1395/1953/1641 1606/1949/1637
f 1606/1949/1637 1395/1953/1641 1611/1954/1642
f 1606/1949/1637 1611/1954/1642 1612/1950/1638
f 1612/1950/1638 1611/1954/1642 1616/1955/1643
f 1612/1950/1638 1616/1955/1643 1617/1951/1639
f 1617/1951/1639 1616/1955/1643 1627/1956/1644
f 1617/1951/1639 1627/1956/1644 1626/1952/1640
f 1626/1952/1640 1627/1956/1644 1623/1957/1645
f 1626/1952/1640 1623/1957/1645 1624/1839/1527
f 1624/1839/1527 1623/1957/1645 1634/1841/1529
f 1395/1953/1641 1396/1958/1646 1611/1954/1642
f 1611/1954/1642 1396/1958/1646 1499/1959/1647
f 1611/1954/1642 1499/1959/1647 1616/1955/1643
f 1616/1955/1643 1499/1959/1647 1628/1960/1648
f 1616/1955/1643 1628/1960/1648 1627/1956/1644
f 1627/1956/1644 1628/1960/1648 1622/1961/1649
f 1627/1956/1644 1622/1961/1649 1623/1957/1645
f 1623/1957/1645 1622/1961/1649 1633/1962/1650
f 1623/1957/1645 1633/1962/1650 1634/1841/1529
f 1634/1841/1529 1633/1962/1650 1639/1843/1531
f 1396/1958/1646 1397/1963/1651 1499/1959/1647
f 1499/1959/1647 1397/1963/1651 1629/1964/1652
f 1499/1959/1647 1629/1964/1652 1628/1960/1648
f 1628/1960/1648 1629/1964/1652 1621/1965/1653
f 1628/1960/1648 1621/1965/1653 1622/1961/1649
f 1622/1961/1649 1621/1965/1653 1632/1966/1654
f 1622/1961/1649 1632/1966/1654 1633/1962/1650
f 1633/1962/1650 1632/1966/1654 1638/1967/1655
f 1633/1962/1650 1638/1967/1655 1639/1843/1531
f 1639/1843/1531 1638/1967/1655 1644/1845/1533
f 1629/1964/1652 1397/1963/1651 1620/1968/1656
f 1620/1968/1656 1397/1963/1651 1398/1969/1657
f 1620/1968/1656 1398/1969/1657 1630/1970/1658
f 1630/1970/1658 1398/1969/1657 1399/1971/1659
f 1630/1970/1658 1399/1971/1659 1635/1972/1660
f 1635/1972/1660 1399/1971/1659 1400/1973/1661
f 1635/1972/1660 1400/1973/1661 1640/1974/1662
f 1640/1974/1662 1400/1973/1661 1401/1975/1663
f 1640/1974/1662 1401/1975/1663 1645/1976/1664
f 1645/1976/1664 1401/1975/1663 1402/1977/1665
f 1645/1976/1664 1402/1977/1665 1650/1978/1666
f 1650/1978/1666 1402/1977/1665 1403/1979/1667
f 1650/1978/1666 1403/1979/1667 1655/1980/1668
f 1655/1980/1668 1403/1979/1667 1404/1981/1669
f 1655/1980/1668 1404/1981/1669 1660/1982/1670
f 1660/1982/1670 1404/1981/1669 1405/1983/1671
f 1660/1982/1670 1405/1983/1671 1665/1984/1672
f 1665/1984/1672 1405/1983/1671 1406/1985/1673
f 1665/1984/1672 1406/1985/1673 1670/1986/1674
f 1670/1986/1674 1406/1985/1673 1407/1987/1675
f 1670/1986/1674 1407/1987/1675 1675/1988/1676
f 1675/1988/1676 1407/1987/1675 1408/1989/1677
f 1675/1988/1676 1408/1989/1677 1680/1990/1678
f 1680/1990/1678 1408/1989/1677 1500/1991/1679
f 1680/1990/1678 1500/1991/1679 1693/1992/1680
f 1693/1992/1680 1500/1991/1679 1686/1993/1681
f 1693/1992/1680 1686/1993/1681 1687/1994/1682
f 1687/1994/1682 1686/1993/1681 1696/1995/1683
f 1687/1994/1682 1696/1995/1683 1697/1996/1684
f 1697/1996/1684 1696/1995/1683 1702/1997/1685
f 1697/1996/1684 1702/1997/1685 1703/1869/1557
f 1703/1869/1557 1702/1997/1685 1708/1871/1559
f 1408/1989/1677 1409/1998/1686 1500/1991/1679
f 1500/1991/1679 1409/1998/1686 1685/1999/1687
f 1500/1991/1679 1685/1999/1687 1686/1993/1681
f 1686/1993/1681 1685/1999/1687 1695/2000/1688
f 1686/1993/1681 1695/2000/1688 1696/1995/1683
f 1696/1995/1683 1695/2000/1688 1701/2001/1689
f 1696/1995/1683 1701/2001/1689 1702/1997/1685
f 1702/1997/1685 1701/2001/1689 1707/2002/1690
f 1702/1997/1685 1707/2002/1690 1708/1871/1559
f 1708/1871/1559 1707/2002/1690 1713/1873/1561
f 1409/1998/1686 1410/2003/1691 1685/1999/1687
f 1685/1999/1687 1410/2003/1691 1694/2004/1692
f 1685/1999/1687 1694/2004/1692 1695/2000/1688
f 1695/2000/1688 1694/2004/1692 1700/2005/1693
f 1695/2000/1688 1700/2005/1693 1701/2001/1689
f 1701/2001/1689 1700/2005/1693 1706/2006/1694
f 1701/2001/1689 1706/2006/1694 1707/2002/1690
f 1707/2002/1690 1706/2006/1694 1712/2007/1695
f 1707/2002/1690 1712/2007/1695 1713/1873/1561
f 1713/1873/1561 1712/2007/1695 1718/1875/1563
f 1410/2003/1691 1411/2008/1696 1694/2004/1692
f 1694/2004/1692 1411/2008/1696 1699/2009/1697
f 1694/2004/1692 1699/2009/1697 1700/2005/1693
f 1700/2005/1693 1699/2009/1697 1705/2010/1698
f 1700/2005/1693 1705/2010/1698 1706/2006/1694
f 1706/2006/1694 1705/2010/1698 1711/2011/1699
f 1706/2006/1694 1711/2011/1699 1712/2007/1695
f 1712/2007/1695 1711/2011/1699 1717/2012/1700
f 1712/2007/1695 1717/2012/1700 1718/1875/1563
f 1718/1875/1563 1717/2012/1700 1723/1877/1565
f 1411/2008/1696 1412/2013/1701 1699/2009/1697
f 1699/2009/1697 1412/2013/1701 1704/2014/1702
f 1699/2009/1697 1704/2014/1702 1705/2010/1698
f 1705/2010/1698 1704/2014/1702 1710/2015/1703
f 1705/2010/1698 1710/2015/1703 1711/2011/1699
f 1711/2011/1699 1710/2015/1703 1716/2016/1704
f 1711/2011/1699 1716/2016/1704 1717/2012/1700
f 1717/2012/1700 1716/2016/1704 1722/2017/1705
f 1717/2012/1700 1722/2017/1705 1723/1877/1565
f 1723/1877/1565 1722/2017/1705 1728/1879/1567
f 1412/2013/1701 1413/2018/1706 1704/2014/1702
f 1704/2014/1702 1413/2018/1706 1709/2019/1707
f 1704/2014/1702 1709/2019/1707 1710/2015/1703
f 1710/2015/1703 1709/2019/1707 1715/2020/1708
f 1710/2015/1703 1715/2020/1708 1716/2016/1704
f 1716/2016/1704 1715/2020/1708 1721/2021/1709
f 1716/2016/1704 1721/2021/1709 1722/2017/1705
f 1722/2017/1705 1721/2021/1709 1727/2022/1710
f 1722/2017/1705 1727/2022/1710 1728/1879/1567
f 1728/1879/1567 1727/2022/1710 1733/1881/1569
f 1413/2018/1706 1414/2023/1711 1709/2019/1707
f 1709/2019/1707 1414/2023/1711 1714/2024/1712
f 1709/2019/1707 1714/2024/1712 1715/2020/1708
f 1715/2020/1708 1714/2024/1712 1720/2025/1713
f 1715/2020/1708 1720/2025/1713 1721/2021/1709
f 1721/2021/1709 1720/2025/1713 1726/2026/1714
f 1721/2021/1709 1726/2026/1714 1727/2022/1710
f 1727/2022/1710 1726/2026/1714 1732/2027/1715
f 1727/2022/1710 1732/2027/1715 1733/1881/1569
f 1733/1881/1569 1732/2027/1715 1738/1883/1571
f 1414/2023/1711 1415/2028/1716 1714/2024/1712
f 1714/2024/1712 1415/2028/1716 1719/2029/1717
f 1714/2024/1712 1719/2029/1717 1720/2025/1713
f 1720/2025/1713 1719/2029/1717 1725/2030/1718
f 1720/2025/1713 1725/2030/1718 1726/2026/1714
f 1726/2026/1714 1725/2030/1718 1731/2031/1719
f 1726/2026/1714 1731/2031/1719 1732/2027/1715
f 1732/2027/1715 1731/2031/1719 1737/2032/1720
f 1732/2027/1715 1737/2032/1720 1738/1883/1571
f 1738/1883/1571 1737/2032/1720 1742/1885/1573
f 1415/2028/1716 1416/2033/1721 1719/2029/1717
f 1719/2029/1717 1416/2033/1721 1724/2034/1722
f 1719/2029/1717 1724/2034/1722 1725/2030/1718
f 1725/2030/1718 1724/2034/1722 1730/2035/1723
f 1725/2030/1718 1730/2035/1723 1731/2031/1719
f 1731/2031/1719 1730/2035/1723 1736/2036/1724
f 1731/2031/1719 1736/2036/1724 1737/2032/1720
f 1737/2032/1720 1736/2036/1724 1741/2037/1725
f 1737/2032/1720 1741/2037/1725 1742/1885/1573
f 1742/1885/1573 1741/2037/1725 1748/1887/1575
f 1416/2033/1721 1417/2038/1726 1724/2034/1722
f 1724/2034/1722 1417/2038/1726 1729/2039/1727
f 1724/2034/1722 1729/2039/1727 1730/2035/1723
f 1730/2035/1723 1729/2039/1727 1735/2040/1728
f 1730/2035/1723 1735/2040/1728 1736/2036/1724
f 1736/2036/1724 1735/2040/1728 1740/2041/1729
f 1736/2036/1724 1740/2041/1729 1741/2037/1725
f 1741/2037/1725 1740/2041/1729 1749/2042/1730
f 1741/2037/1725 1749/2042/1730 1748/1887/1575
f 1748/1887/1575 1749/2042/1730 1747/1889/1577
f 1417/2038/1726 1418/2043/1731 1729/2039/1727
f 1729/2039/1727 1418/2043/1731 1734/2044/1732
f 1729/2039/1727 1734/2044/1732 1735/2040/1728
f 1735/2040/1728 1734/2044/1732 1739/2045/1733
f 1735/2040/1728 1739/2045/1733 1740/2041/1729
f 1740/2041/1729 1739/2045/1733 1750/2046/1734
f 1740/2041/1729 1750/2046/1734 1749/2042/1730
f 1749/2042/1730 1750/2046/1734 1746/2047/1735
f 1749/2042/1730 1746/2047/1735 1747/1889/1577
f 1747/1889/1577 1746/2047/1735 1757/1891/1579
f 1418/2043/1731 1419/2048/1736 1734/2044/1732
f 1734/2044/1732 1419/2048/1736 1501/2049/1737
f 1734/2044/1732 1501/2049/1737 1739/2045/1733
f 1739/2045/1733 1501/2049/1737 1751/2050/1738
f 1739/2045/1733 1751/2050/1738 1750/2046/1734
f 1750/2046/1734 1751/2050/1738 1745/2051/1739
f 1750/2046/1734 1745/2051/1739 1746/2047/1735
f 1746/2047/1735 1745/2051/1739 1756/2052/1740
f 1746/2047/1735 1756/2052/1740 1757/1891/1579
f 1757/1891/1579 1756/2052/1740 1762/1893/1581
f 1419/2048/1736 1420/2053/1741 1501/2049/1737
f 1501/2049/1737 1420/2053/1741 1752/2054/1742
f 1501/2049/1737 1752/2054/1742 1751/2050/1738
f 1751/2050/1738 1752/2054/1742 1744/2055/1743
f 1751/2050/1738 1744/2055/1743 1745/2051/1739
f 1745/2051/1739 1744/2055/1743 1755/2056/1744
f 1745/2051/1739 1755/2056/1744 1756/2052/1740
f 1756/2052/1740 1755/2056/1744 1761/2057/1745
f 1756/2052/1740 1761/2057/1745 1762/1893/1581
f 1762/1893/1581 1761/2057/1745 1767/1895/1583
f 1752/2054/1742 1420/2053/1741 1743/2058/1746
f 1743/2058/1746 1420/2053/1741 1421/2059/1747
f 1743/2058/1746 1421/2059/1747 1753/2060/1748
f 1753/2060/1748 1421/2059/1747 1422/2061/1749
f 1753/2060/1748 1422/2061/1749 1758/2062/1750
f 1758/2062/1750 1422/2061/1749 1423/2063/1751
f 1758/2062/1750 1423/2063/1751 1763/2064/1752
f 1763/2064/1752 1423/2063/1751 1424/2065/1753
f 1763/2064/1752 1424/2065/1753 1768/2066/1754
f 1768/2066/1754 1424/2065/1753 1425/2067/1755
f 1768/2066/1754 1425/2067/1755 1773/2068/1756
f 1773/2068/1756 1425/2067/1755 1426/2069/1757
f 1773/2068/1756 1426/2069/1757 1778/2070/1758
f 1778/2070/1758 1426/2069/1757 1427/2071/1759
f 1778/2070/1758 1427/2071/1759 1783/2072/1760
f 1783/2072/1760 1427/2071/1759 1428/2073/1761
f 1783/2072/1760 1428/2073/1761 1788/2074/1762
f 1788/2074/1762 1428/2073/1761 1429/2075/1763
f 1788/2074/1762 1429/2075/1763 1793/2076/1764
f 1793/2076/1764 1429/2075/1763 1430/2077/1765
f 1793/2076/1764 1430/2077/1765 1798/1780/1468
f 1798/1780/1468 1430/2077/1765 1374/1778/1466
f 1476/1821/1509 1477/2078/1766 1580/1819/1507
f 1580/1819/1507 1477/2078/1766 1575/2079/1767
f 1580/1819/1507 1575/2079/1767 1574/1817/1505
f 1574/1817/1505 1575/2079/1767 1565/2080/1768
f 1574/1817/1505 1565/2080/1768 1564/1815/1503
f 1564/1815/1503 1565/2080/1768 1569/2081/1769
f 1564/1815/1503 1569/2081/1769 1570/1813/1501
f 1570/1813/1501 1569/2081/1769 1558/2082/1770
f 1570/1813/1501 1558/2082/1770 1557/1811/1499
f 1557/1811/1499 1558/2082/1770 1552/1809/1497
f 1477/2078/1766 1478/2083/1771 1575/2079/1767
f 1575/2079/1767 1478/2083/1771 1566/2084/1772
f 1575/2079/1767 1566/2084/1772 1565/2080/1768
f 1565/2080/1768 1566/2084/1772 1568/2085/1773
f 1565/2080/1768 1568/2085/1773 1569/2081/1769
f 1569/2081/1769 1568/2085/1773 1559/2086/1774
f 1569/2081/1769 1559/2086/1774 1558/2082/1770
f 1558/2082/1770 1559/2086/1774 1553/2087/1775
f 1558/2082/1770 1553/2087/1775 1552/1809/1497
f 1552/1809/1497 1553/2087/1775 1547/1807/1495
f 1478/2083/1771 1479/2088/1776 1566/2084/1772
f 1566/2084/1772 1479/2088/1776 1567/2089/1777
f 1566/2084/1772 1567/2089/1777 1568/2085/1773
f 1568/2085/1773 1567/2089/1777 1560/2090/1778
f 1568/2085/1773 1560/2090/1778 1559/2086/1774
f 1559/2086/1774 1560/2090/1778 1554/2091/1779
f 1559/2086/1774 1554/2091/1779 1553/2087/1775
f 1553/2087/1775 1554/2091/1779 1548/2092/1780
f 1553/2087/1775 1548/2092/1780 1547/1807/1495
f 1547/1807/1495 1548/2092/1780 1542/1805/1493
f 1479/2088/1776 1480/2093/1781 1567/2089/1777
f 1567/2089/1777 1480/2093/1781 1561/2094/1782
f 1567/2089/1777 1561/2094/1782 1560/2090/1778
f 1560/2090/1778 1561/2094/1782 1555/2095/1783
f 1560/2090/1778 1555/2095/1783 1554/2091/1779
f 1554/2091/1779 1555/2095/1783 1549/2096/1784
f 1554/2091/1779 1549/2096/1784 1548/2092/1780
f 1548/2092/1780 1549/2096/1784 1543/2097/1785
f 1548/2092/1780 1543/2097/1785 1542/1805/1493
f 1542/1805/1493 1543/2097/1785 1537/1803/1491
f 1480/2093/1781 1481/2098/1786 1561/2094/1782
f 1561/2094/1782 1481/2098/1786 1556/2099/1787
f 1561/2094/1782 1556/2099/1787 1555/2095/1783
f 1555/2095/1783 1556/2099/1787 1550/2100/1788
f 1555/2095/1783 1550/2100/1788 1549/2096/1784
f 1549/2096/1784 1550/2100/1788 1544/2101/1789
f 1549/2096/1784 1544/2101/1789 1543/2097/1785
f 1543/2097/1785 1544/2101/1789 1538/2102/1790
f 1543/2097/1785 1538/2102/1790 1537/1803/1491
f 1537/1803/1491 1538/2102/1790 1532/1801/1489
f 1481/2098/1786 1482/2103/1791 1556/2099/1787
f 1556/2099/1787 1482/2103/1791 1551/2104/1792
f 1556/2099/1787 1551/2104/1792 1550/2100/1788
f 1550/2100/1788 1551/2104/1792 1545/2105/1793
f 1550/2100/1788 1545/2105/1793 1544/2101/1789
f 1544/2101/1789 1545/2105/1793 1539/2106/1794
f 1544/2101/1789 1539/2106/1794 1538/2102/1790
f 1538/2102/1790 1539/2106/1794 1533/2107/1795
f 1538/2102/1790 1533/2107/1795 1532/1801/1489
f 1532/1801/1489 1533/2107/1795 1527/1799/1487
f 1482/2103/1791 1483/2108/1796 1551/2104/1792
f 1551/2104/1792 1483/2108/1796 1546/2109/1797
f 1551/2104/1792 1546/2109/1797 1545/2105/1793
f 1545/2105/1793 1546/2109/1797 1540/2110/1798
f 1545/2105/1793 1540/2110/1798 1539/2106/1794
f 1539/2106/1794 1540/2110/1798 1534/2111/1799
f 1539/2106/1794 1534/2111/1799 1533/2107/1795
f 1533/2107/1795 1534/2111/1799 1528/2112/1800
f 1533/2107/1795 1528/2112/1800 1527/1799/1487
f 1527/1799/1487 1528/2112/1800 1522/1797/1485
f 1483/2108/1796 1484/2113/1801 1546/2109/1797
f 1546/2109/1797 1484/2113/1801 1541/2114/1802
f 1546/2109/1797 1541/2114/1802 1540/2110/1798
f 1540/2110/1798 1541/2114/1802 1535/2115/1803
f 1540/2110/1798 1535/2115/1803 1534/2111/1799
f 1534/2111/1799 1535/2115/1803 1529/2116/1804
f 1534/2111/1799 1529/2116/1804 1528/2112/1800
f 1528/2112/1800 1529/2116/1804 1523/2117/1805
f 1528/2112/1800 1523/2117/1805 1522/1797/1485
f 1522/1797/1485 1523/2117/1805 1517/1795/1483
f 1484/2113/1801 1485/2118/1806 1541/2114/1802
f 1541/2114/1802 1485/2118/1806 1536/2119/1807
f 1541/2114/1802 1536/2119/1807 1535/2115/1803
f 1535/2115/1803 1536/2119/1807 1530/2120/1808
f 1535/2115/1803 1530/2120/1808 1529/2116/1804
f 1529/2116/1804 1530/2120/1808 1524/2121/1809
f 1529/2116/1804 1524/2121/1809 1523/2117/1805
f 1523/2117/1805 1524/2121/1809 1518/2122/1810
f 1523/2117/1805 1518/2122/1810 1517/1795/1483
f 1517/1795/1483 1518/2122/1810 1512/1793/1481
f 1485/2118/1806 1486/2123/1811 1536/2119/1807
f 1536/2119/1807 1486/2123/1811 1531/2124/1812
f 1536/2119/1807 1531/2124/1812 1530/2120/1808
f 1530/2120/1808 1531/2124/1812 1525/2125/1813
f 1530/2120/1808 1525/2125/1813 1524/2121/1809
f 1524/2121/1809 1525/2125/1813 1519/2126/1814
f 1524/2121/1809 1519/2126/1814 1518/2122/1810
f 1518/2122/1810 1519/2126/1814 1513/2127/1815
f 1518/2122/1810 1513/2127/1815 1512/1793/1481
f 1512/1793/1481 1513/2127/1815 1507/1791/1479
f 1486/2123/1811 1487/2128/1816 1531/2124/1812
f 1531/2124/1812 1487/2128/1816 1526/2129/1817
f 1531/2124/1812 1526/2129/1817 1525/2125/1813
f 1525/2125/1813 1526/2129/1817 1520/2130/1818
f 1525/2125/1813 1520/2130/1818 1519/2126/1814
f 1519/2126/1814 1520/2130/1818 1514/2131/1819
f 1519/2126/1814 1514/2131/1819 1513/2127/1815
f 1513/2127/1815 1514/2131/1819 1508/2132/1820
f 1513/2127/1815 1508/2132/1820 1507/1791/1479
f 1507/1791/1479 1508/2132/1820 1502/1775/1465
f 1487/2128/1816 1488/2133/1821 1526/2129/1817
f 1526/2129/1817 1488/2133/1821 1521/2134/1822
f 1526/2129/1817 1521/2134/1822 1520/2130/1818
f 1520/2130/1818 1521/2134/1822 1515/2135/1823
f 1520/2130/1818 1515/2135/1823 1514/2131/1819
f 1514/2131/1819 1515/2135/1823 1509/2136/1824
f 1514/2131/1819 1509/2136/1824 1508/2132/1820
f 1508/2132/1820 1509/2136/1824 1503/2137/1825
f 1508/2132/1820 1503/2137/1825 1502/1775/1465
f 1502/1775/1465 1503/2137/1825 1493/1777/1467
f 1488/2133/1821 1489/2138/1826 1521/2134/1822
f 1521/2134/1822 1489/2138/1826 1516/2139/1827
f 1521/2134/1822 1516/2139/1827 1515/2135/1823
f 1515/2135/1823 1516/2139/1827 1510/2140/1828
f 1515/2135/1823 1510/2140/1828 1509/2136/1824
f 1509/2136/1824 1510/2140/1828 1504/2141/1829
f 1509/2136/1824 1504/2141/1829 1503/2137/1825
f 1503/2137/1825 1504/2141/1829 1494/2142/1469
f 1503/2137/1825 1494/2142/1469 1493/1777/1467
f 1489/2138/1826 1490/2143/1830 1516/2139/1827
f 1516/2139/1827 1490/2143/1830 1511/2144/1831
f 1516/2139/1827 1511/2144/1831 1510/2140/1828
f 1510/2140/1828 1511/2144/1831 1505/2145/1832
f 1510/2140/1828 1505/2145/1832 1504/2141/1829
f 1504/2141/1829 1505/2145/1832 1495/2146/1471
f 1504/2141/1829 1495/2146/1471 1494/2142/1469
f 1490/2143/1830 1491/2147/1833 1511/2144/1831
f 1511/2144/1831 1491/2147/1833 1506/2148/1834
f 1511/2144/1831 1506/2148/1834 1505/2145/1832
f 1505/2145/1832 1506/2148/1834 1496/2149/1473
f 1505/2145/1832 1496/2149/1473 1495/2146/1471
f 1491/2147/1833 1492/2150/1835 1506/2148/1834
f 1506/2148/1834 1492/2150/1835 1497/2151/1475
f 1506/2148/1834 1497/2151/1475 1496/2149/1473
f 1492/2150/1835 1431/2152/1477 1497/2151/1475
f 1629/1964/1652 1620/1968/1656 1621/1965/1653
f 1621/1965/1653 1620/1968/1656 1631/2153/1836
f 1621/1965/1653 1631/2153/1836 1632/1966/1654
f 1632/1966/1654 1631/2153/1836 1637/2154/1837
f 1632/1966/1654 1637/2154/1837 1638/1967/1655
f 1638/1967/1655 1637/2154/1837 1643/2155/1838
f 1638/1967/1655 1643/2155/1838 1644/1845/1533
f 1644/1845/1533 1643/2155/1838 1649/1847/1535
f 1620/1968/1656 1630/1970/1658 1631/2153/1836
f 1631/2153/1836 1630/1970/1658 1636/2156/1839
f 1631/2153/1836 1636/2156/1839 1637/2154/1837
f 1637/2154/1837 1636/2156/1839 1642/2157/1840
f 1637/2154/1837 1642/2157/1840 1643/2155/1838
f 1643/2155/1838 1642/2157/1840 1648/2158/1841
f 1643/2155/1838 1648/2158/1841 1649/1847/1535
f 1649/1847/1535 1648/2158/1841 1654/1849/1537
f 1630/1970/1658 1635/1972/1660 1636/2156/1839
f 1636/2156/1839 1635/1972/1660 1641/2159/1842
f 1636/2156/1839 1641/2159/1842 1642/2157/1840
f 1642/2157/1840 1641/2159/1842 1647/2160/1843
f 1642/2157/1840 1647/2160/1843 1648/2158/1841
f 1648/2158/1841 1647/2160/1843 1653/2161/1844
f 1648/2158/1841 1653/2161/1844 1654/1849/1537
f 1654/1849/1537 1653/2161/1844 1659/1851/1539
f 1635/1972/1660 1640/1974/1662 1641/2159/1842
f 1641/2159/1842 1640/1974/1662 1646/2162/1845
f 1641/2159/1842 1646/2162/1845 1647/2160/1843
f 1647/2160/1843 1646/2162/1845 1652/2163/1846
f 1647/2160/1843 1652/2163/1846 1653/2161/1844
f 1653/2161/1844 1652/2163/1846 1658/2164/1847
f 1653/2161/1844 1658/2164/1847 1659/1851/1539
f 1659/1851/1539 1658/2164/1847 1664/1853/1541
f 1640/1974/1662 1645/1976/1664 1646/2162/1845
f 1646/2162/1845 1645/1976/1664 1651/2165/1848
f 1646/2162/1845 1651/2165/1848 1652/2163/1846
f 1652/2163/1846 1651/2165/1848 1657/2166/1849
f 1652/2163/1846 1657/2166/1849 1658/2164/1847
f 1658/2164/1847 1657/2166/1849 1663/2167/1850
f 1658/2164/1847 1663/2167/1850 1664/1853/1541
f 1664/1853/1541 1663/2167/1850 1669/1855/1543
f 1645/1976/1664 1650/1978/1666 1651/2165/1848
f 1651/2165/1848 1650/1978/1666 1656/2168/1851
f 1651/2165/1848 1656/2168/1851 1657/2166/1849
f 1657/2166/1849 1656/2168/1851 1662/2169/1852
f 1657/2166/1849 1662/2169/1852 1663/2167/1850
f 1663/2167/1850 1662/2169/1852 1668/2170/1853
f 1663/2167/1850 1668/2170/1853 1669/1855/1543
f 1669/1855/1543 1668/2170/1853 1674/1857/1545
f 1650/1978/1666 1655/1980/1668 1656/2168/1851
f 1656/2168/1851 1655/1980/1668 1661/2171/1854
f 1656/2168/1851 1661/2171/1854 1662/2169/1852
f 1662/2169/1852 1661/2171/1854 1667/2172/1855
f 1662/2169/1852 1667/2172/1855 1668/2170/1853
f 1668/2170/1853 1667/2172/1855 1673/2173/1856
f 1668/2170/1853 1673/2173/1856 1674/1857/1545
f 1674/1857/1545 1673/2173/1856 1679/1859/1547
f 1655/1980/1668 1660/1982/1670 1661/2171/1854
f 1661/2171/1854 1660/1982/1670 1666/2174/1857
f 1661/2171/1854 1666/2174/1857 1667/2172/1855
f 1667/2172/1855 1666/2174/1857 1672/2175/1858
f 1667/2172/1855 1672/2175/1858 1673/2173/1856
f 1673/2173/1856 1672/2175/1858 1678/2176/1859
f 1673/2173/1856 1678/2176/1859 1679/1859/1547
f 1679/1859/1547 1678/2176/1859 1684/1861/1549
f 1660/1982/1670 1665/1984/1672 1666/2174/1857
f 1666/2174/1857 1665/1984/1672 1671/2177/1860
f 1666/2174/1857 1671/2177/1860 1672/2175/1858
f 1672/2175/1858 1671/2177/1860 1677/2178/1861
f 1672/2175/1858 1677/2178/1861 1678/2176/1859
f 1678/2176/1859 1677/2178/1861 1683/2179/1862
f 1678/2176/1859 1683/2179/1862 1684/1861/1549
f 1684/1861/1549 1683/2179/1862 1690/1863/1551
f 1665/1984/1672 1670/1986/1674 1671/2177/1860
f 1671/2177/1860 1670/1986/1674 1676/2180/1863
f 1671/2177/1860 1676/2180/1863 1677/2178/1861
f 1677/2178/1861 1676/2180/1863 1682/2181/1864
f 1677/2178/1861 1682/2181/1864 1683/2179/1862
f 1683/2179/1862 1682/2181/1864 1691/2182/1865
f 1683/2179/1862 1691/2182/1865 1690/1863/1551
f 1690/1863/1551 1691/2182/1865 1689/1865/1553
f 1670/1986/1674 1675/1988/1676 1676/2180/1863
f 1676/2180/1863 1675/1988/1676 1681/2183/1866
f 1676/2180/1863 1681/2183/1866 1682/2181/1864
f 1682/2181/1864 1681/2183/1866 1692/2184/1867
f 1682/2181/1864 1692/2184/1867 1691/2182/1865
f 1691/2182/1865 1692/2184/1867 1688/2185/1868
f 1691/2182/1865 1688/2185/1868 1689/1865/1553
f 1689/1865/1553 1688/2185/1868 1698/1867/1555
f 1675/1988/1676 1680/1990/1678 1681/2183/1866
f 1681/2183/1866 1680/1990/1678 1693/1992/1680
f 1681/2183/1866 1693/1992/1680 1692/2184/1867
f 1692/2184/1867 1693/1992/1680 1687/1994/1682
f 1692/2184/1867 1687/1994/1682 1688/2185/1868
f 1688/2185/1868 1687/1994/1682 1697/1996/1684
f 1688/2185/1868 1697/1996/1684 1698/1867/1555
f 1698/1867/1555 1697/1996/1684 1703/1869/1557
f 1752/2054/1742 1743/2058/1746 1744/2055/1743
f 1744/2055/1743 1743/2058/1746 1754/2186/1869
f 1744/2055/1743 1754/2186/1869 1755/2056/1744
f 1755/2056/1744 1754/2186/1869 1760/2187/1870
f 1755/2056/1744 1760/2187/1870 1761/2057/1745
f 1761/2057/1745 1760/2187/1870 1766/2188/1871
f 1761/2057/1745 1766/2188/1871 1767/1895/1583
f 1767/1895/1583 1766/2188/1871 1772/1897/1585
f 1743/2058/1746 1753/2060/1748 1754/2186/1869
f 1754/2186/1869 1753/2060/1748 1759/2189/1872
f 1754/2186/1869 1759/2189/1872 1760/2187/1870
f 1760/2187/1870 1759/2189/1872 1765/2190/1873
f 1760/2187/1870 1765/2190/1873 1766/2188/1871
f 1766/2188/1871 1765/2190/1873 1771/2191/1874
f 1766/2188/1871 1771/2191/1874 1772/1897/1585
f 1772/1897/1585 1771/2191/1874 1777/1899/1587
f 1753/2060/1748 1758/2062/1750 1759/2189/1872
f 1759/2189/1872 1758/2062/1750 1764/2192/1875
f 1759/2189/1872 1764/2192/1875 1765/2190/1873
f 1765/2190/1873 1764/2192/1875 1770/2193/1876
f 1765/2190/1873 1770/2193/1876 1771/2191/1874
f 1771/2191/1874 1770/2193/1876 1776/2194/1877
f 1771/2191/1874 1776/2194/1877 1777/1899/1587
f 1777/1899/1587 1776/2194/1877 1782/1901/1589
f 1758/2062/1750 1763/2064/1752 1764/2192/1875
f 1764/2192/1875 1763/2064/1752 1769/2195/1878
f 1764/2192/1875 1769/2195/1878 1770/2193/1876
f 1770/2193/1876 1769/2195/1878 1775/2196/1879
f 1770/2193/1876 1775/2196/1879 1776/2194/1877
f 1776/2194/1877 1775/2196/1879 1781/2197/1880
f 1776/2194/1877 1781/2197/1880 1782/1901/1589
f 1782/1901/1589 1781/2197/1880 1787/1903/1591
f 1763/2064/1752 1768/2066/1754 1769/2195/1878
f 1769/2195/1878 1768/2066/1754 1774/2198/1881
f 1769/2195/1878 1774/2198/1881 1775/2196/1879
f 1775/2196/1879 1774/2198/1881 1780/2199/1882
f 1775/2196/1879 1780/2199/1882 1781/2197/1880
f 1781/2197/1880 1780/2199/1882 1786/2200/1883
f 1781/2197/1880 1786/2200/1883 1787/1903/1591
f 1787/1903/1591 1786/2200/1883 1792/1905/1593
f 1768/2066/1754 1773/2068/1756 1774/2198/1881
f 1774/2198/1881 1773/2068/1756 1779/2201/1884
f 1774/2198/1881 1779/2201/1884 1780/2199/1882
f 1780/2199/1882 1779/2201/1884 1785/2202/1885
f 1780/2199/1882 1785/2202/1885 1786/2200/1883
f 1786/2200/1883 1785/2202/1885 1791/2203/1886
f 1786/2200/1883 1791/2203/1886 1792/1905/1593
f 1792/1905/1593 1791/2203/1886 1797/1907/1595
f 1773/2068/1756 1778/2070/1758 1779/2201/1884
f 1779/2201/1884 1778/2070/1758 1784/2204/1887
f 1779/2201/1884 1784/2204/1887 1785/2202/1885
f 1785/2202/1885 1784/2204/1887 1790/2205/1888
f 1785/2202/1885 1790/2205/1888 1791/2203/1886
f 1791/2203/1886 1790/2205/1888 1796/2206/1889
f 1791/2203/1886 1796/2206/1889 1797/1907/1595
f 1797/1907/1595 1796/2206/1889 1802/1788/1476
f 1778/2070/1758 1783/2072/1760 1784/2204/1887
f 1784/2204/1887 1783/2072/1760 1789/2207/1890
f 1784/2204/1887 1789/2207/1890 1790/2205/1888
f 1790/2205/1888 1789/2207/1890 1795/2208/1891
f 1790/2205/1888 1795/2208/1891 1796/2206/1889
f 1796/2206/1889 1795/2208/1891 1801/1786/1474
f 1796/2206/1889 1801/1786/1474 1802/1788/1476
f 1783/2072/1760 1788/2074/1762 1789/2207/1890
f 1789/2207/1890 1788/2074/1762 1794/2209/1892
f 1789/2207/1890 1794/2209/1892 1795/2208/1891
f 1795/2208/1891 1794/2209/1892 1800/1784/1472
f 1795/2208/1891 1800/1784/1472 1801/1786/1474
f 1788/2074/1762 1793/2076/1764 1794/2209/1892
f 1794/2209/1892 1793/2076/1764 1799/1782/1470
f 1794/2209/1892 1799/1782/1470 1800/1784/1472
f 1798/1780/1468 1799/1782/1470 1793/2076/1764
f 1804/2210/1893 1867/2211/1894 1803/2212/1895
f 1803/2212/1895 1867/2211/1894 1865/2213/1896
f 1803/2214/1895 1865/2215/1896 1864/2216/1897
f 1864/2216/1897 1865/2215/1896 1987/2217/1898
f 1864/2216/1897 1987/2217/1898 1863/2218/1899
f 1863/2218/1899 1987/2217/1898 1985/2219/1900
f 1863/2218/1899 1985/2219/1900 1862/2220/1901
f 1862/2220/1901 1985/2219/1900 1983/2221/1902
f 1862/2220/1901 1983/2221/1902 1861/2222/1903
f 1861/2222/1903 1983/2221/1902 1981/2223/1904
f 1861/2222/1903 1981/2223/1904 1860/2224/1905
f 1860/2224/1905 1981/2223/1904 1979/2225/1906
f 1860/2224/1905 1979/2225/1906 1859/2226/1907
f 1859/2226/1907 1979/2225/1906 1977/2227/1908
f 1859/2226/1907 1977/2227/1908 1858/2228/1909
f 1858/2228/1909 1977/2227/1908 1975/2229/1910
f 1858/2228/1909 1975/2229/1910 1857/2230/1911
f 1857/2230/1911 1975/2229/1910 1973/2231/1912
f 1857/2230/1911 1973/2231/1912 1856/2232/1913
f 1856/2232/1913 1973/2231/1912 1971/2233/1914
f 1856/2232/1913 1971/2233/1914 1855/2234/1915
f 1855/2234/1915 1971/2233/1914 1969/2235/1916
f 1855/2234/1915 1969/2235/1916 1854/2236/1917
f 1854/2236/1917 1969/2235/1916 1967/2237/1918
f 1854/2236/1917 1967/2237/1918 1853/2238/1919
f 1853/2238/1919 1967/2237/1918 1965/2239/1920
f 1853/2238/1919 1965/2239/1920 1852/2240/1921
f 1852/2240/1921 1965/2239/1920 1963/2241/1922
f 1852/2240/1921 1963/2241/1922 1851/2242/1923
f 1851/2242/1923 1963/2241/1922 1961/2243/1924
f 1851/2242/1923 1961/2243/1924 1850/2244/1925
f 1850/2244/1925 1961/2243/1924 1959/2245/1926
f 1850/2244/1925 1959/2245/1926 1849/2246/1927
f 1849/2246/1927 1959/2245/1926 1957/2247/1928
f 1849/2246/1927 1957/2247/1928 1848/2248/1929
f 1848/2248/1929 1957/2247/1928 1955/2249/1930
f 1848/2248/1929 1955/2249/1930 1847/2250/1931
f 1847/2250/1931 1955/2249/1930 1953/2251/1932
f 1847/2250/1931 1953/2251/1932 1846/2252/1933
f 1846/2252/1933 1953/2251/1932 1951/2253/1934
f 1846/2252/1933 1951/2253/1934 1845/2254/1935
f 1845/2254/1935 1951/2253/1934 1949/2255/1936
f 1845/2254/1935 1949/2255/1936 1844/2256/1937
f 1844/2256/1937 1949/2255/1936 1947/2257/1938
f 1844/2256/1937 1947/2257/1938 1843/2258/1939
f 1843/2258/1939 1947/2257/1938 1945/2259/1940
f 1843/2258/1939 1945/2259/1940 1842/2260/1941
f 1842/2260/1941 1945/2259/1940 1943/2261/1942
f 1842/2260/1941 1943/2261/1942 1841/2262/1943
f 1841/2262/1943 1943/2261/1942 1941/2263/1944
f 1841/2262/1943 1941/2263/1944 1840/2264/1945
f 1840/2264/1945 1941/2263/1944 1939/2265/1946
f 1840/2264/1945 1939/2265/1946 1839/2266/1947
f 1839/2266/1947 1939/2265/1946 1937/2267/1948
f 1839/2266/1947 1937/2267/1948 1838/2268/1949
f 1838/2268/1949 1937/2267/1948 1935/2269/1950
f 1838/2268/1949 1935/2269/1950 1837/2270/1951
f 1837/2270/1951 1935/2269/1950 1933/2271/1952
f 1837/2270/1951 1933/2271/1952 1836/2272/1953
f 1836/2272/1953 1933/2271/1952 1931/2273/1954
f 1836/2272/1953 1931/2273/1954 1835/2274/1955
f 1835/2274/1955 1931/2273/1954 1929/2275/1956
f 1835/2274/1955 1929/2275/1956 1834/2276/1957
f 1834/2276/1957 1929/2275/1956 1927/2277/1958
f 1834/2276/1957 1927/2277/1958 1833/2278/1959
f 1833/2278/1959 1927/2277/1958 1925/2279/1960
f 1833/2278/1959 1925/2279/1960 1832/2280/1961
f 1832/2280/1961 1925/2279/1960 1923/2281/1962
f 1832/2280/1961 1923/2281/1962 1831/2282/1963
f 1831/2282/1963 1923/2281/1962 1921/2283/1964
f 1831/2282/1963 1921/2283/1964 1830/2284/1965
f 1830/2284/1965 1921/2283/1964 1919/2285/1966
f 1830/2284/1965 1919/2285/1966 1829/2286/1967
f 1829/2286/1967 1919/2285/1966 1917/2287/1968
f 1829/2286/1967 1917/2287/1968 1828/2288/1969
f 1828/2288/1969 1917/2287/1968 1915/2289/1970
f 1828/2288/1969 1915/2289/1970 1827/2290/1971
f 1827/2290/1971 1915/2289/1970 1913/2291/1972
f 1827/2290/1971 1913/2291/1972 1826/2292/1973
f 1826/2292/1973 1913/2291/1972 1911/2293/1974
f 1826/2292/1973 1911/2293/1974 1825/2294/1975
f 1825/2294/1975 1911/2293/1974 1909/2295/1976
f 1825/2294/1975 1909/2295/1976 1824/2296/1977
f 1824/2296/1977 1909/2295/1976 1907/2297/1978
f 1824/2296/1977 1907/2297/1978 1823/2298/1979
f 1823/2298/1979 1907/2297/1978 1905/2299/1980
f 1823/2298/1979 1905/2299/1980 1822/2300/1981
f 1822/2300/1981 1905/2299/1980 1903/2301/1982
f 1822/2300/1981 1903/2301/1982 1821/2302/1983
f 1821/2302/1983 1903/2301/1982 1901/2303/1984
f 1821/2302/1983 1901/2303/1984 1820/2304/1985
f 1820/2304/1985 1901/2303/1984 1899/2305/1986
f 1820/2304/1985 1899/2305/1986 1819/2306/1987
f 1819/2306/1987 1899/2305/1986 1897/2307/1988
f 1819/2306/1987 1897/2307/1988 1818/2308/1989
f 1818/2308/1989 1897/2307/1988 1895/2309/1990
f 1818/2308/1989 1895/2309/1990 1817/2310/1991
f 1817/2310/1991 1895/2309/1990 1893/2311/1992
f 1817/2310/1991 1893/2311/1992 1816/2312/1993
f 1816/2312/1993 1893/2311/1992 1891/2313/1994
f 1816/2312/1993 1891/2313/1994 1815/2314/1995
f 1815/2314/1995 1891/2313/1994 1889/2315/1996
f 1815/2314/1995 1889/2315/1996 1814/2316/1997
f 1814/2316/1997 1889/2315/1996 1887/2317/1998
f 1814/2316/1997 1887/2317/1998 1813/2318/1999
f 1813/2318/1999 1887/2317/1998 1885/2319/2000
f 1813/2318/1999 1885/2319/2000 1812/2320/2001
f 1812/2320/2001 1885/2319/2000 1883/2321/2002
f 1812/2320/2001 1883/2321/2002 1811/2322/2003
f 1811/2322/2003 1883/2321/2002 1881/2323/2004
f 1811/2322/2003 1881/2323/2004 1810/2324/2005
f 1810/2324/2005 1881/2323/2004 1879/2325/2006
f 1810/2324/2005 1879/2325/2006 1809/2326/2007
f 1809/2326/2007 1879/2325/2006 1877/2327/2008
f 1809/2326/2007 1877/2327/2008 1808/2328/2009
f 1808/2328/2009 1877/2327/2008 1875/2329/2010
f 1808/2328/2009 1875/2329/2010 1807/2330/2011
f 1807/2330/2011 1875/2329/2010 1873/2331/2012
f 1807/2330/2011 1873/2331/2012 1806/2332/2013
f 1806/2332/2013 1873/2331/2012 1871/2333/2014
f 1806/2332/2013 1871/2333/2014 1805/2334/2015
f 1805/2334/2015 1871/2333/2014 1869/2335/2016
f 1805/2334/2015 1869/2335/2016 1804/2210/1893
f 1804/2210/1893 1869/2335/2016 1867/2211/1894
f 1492/2336/1835 1988/2337/2017 1431/2338/1477
f 1431/2338/1477 1988/2337/2017 1866/2339/2018
f 1431/2340/1477 1866/2341/2018 1432/2342/1478
f 1432/2342/1478 1866/2341/2018 1868/2343/2019
f 1432/2342/1478 1868/2343/2019 1433/2344/1594
f 1433/2344/1594 1868/2343/2019 1870/2345/2020
f 1433/2344/1594 1870/2345/2020 1434/2346/1592
f 1434/2346/1592 1870/2345/2020 1872/2347/2021
f 1434/2346/1592 1872/2347/2021 1435/2348/1590
f 1435/2348/1590 1872/2347/2021 1874/2349/2022
f 1435/2348/1590 1874/2349/2022 1436/2350/1588
f 1436/2350/1588 1874/2349/2022 1876/2351/2023
f 1436/2350/1588 1876/2351/2023 1437/2352/1586
f 1437/2352/1586 1876/2351/2023 1878/2353/2024
f 1437/2352/1586 1878/2353/2024 1438/2354/1584
f 1438/2354/1584 1878/2353/2024 1880/2355/2025
f 1438/2354/1584 1880/2355/2025 1439/2356/1582
f 1439/2356/1582 1880/2355/2025 1882/2357/2026
f 1439/2356/1582 1882/2357/2026 1440/2358/1580
f 1440/2358/1580 1882/2357/2026 1884/2359/2027
f 1440/2358/1580 1884/2359/2027 1441/2360/1578
f 1441/2360/1578 1884/2359/2027 1886/2361/2028
f 1441/2360/1578 1886/2361/2028 1442/2362/1576
f 1442/2362/1576 1886/2361/2028 1888/2363/2029
f 1442/2362/1576 1888/2363/2029 1443/2364/1574
f 1443/2364/1574 1888/2363/2029 1890/2365/2030
f 1443/2364/1574 1890/2365/2030 1444/2366/1572
f 1444/2366/1572 1890/2365/2030 1892/2367/2031
f 1444/2366/1572 1892/2367/2031 1445/2368/1570
f 1445/2368/1570 1892/2367/2031 1894/2369/2032
f 1445/2368/1570 1894/2369/2032 1446/2370/1568
f 1446/2370/1568 1894/2369/2032 1896/2371/2033
f 1446/2370/1568 1896/2371/2033 1447/2372/1566
f 1447/2372/1566 1896/2371/2033 1898/2373/2034
f 1447/2372/1566 1898/2373/2034 1448/2374/1564
f 1448/2374/1564 1898/2373/2034 1900/2375/2035
f 1448/2374/1564 1900/2375/2035 1449/2376/1562
f 1449/2376/1562 1900/2375/2035 1902/2377/2036
f 1449/2376/1562 1902/2377/2036 1450/2378/1560
f 1450/2378/1560 1902/2377/2036 1904/2379/2037
f 1450/2378/1560 1904/2379/2037 1451/2380/1558
f 1451/2380/1558 1904/2379/2037 1906/2381/2038
f 1451/2380/1558 1906/2381/2038 1452/2382/1556
f 1452/2382/1556 1906/2381/2038 1908/2383/2039
f 1452/2382/1556 1908/2383/2039 1453/2384/1554
f 1453/2384/1554 1908/2383/2039 1910/2385/2040
f 1453/2384/1554 1910/2385/2040 1454/2386/1552
f 1454/2386/1552 1910/2385/2040 1912/2387/2041
f 1454/2386/1552 1912/2387/2041 1455/2388/1550
f 1455/2388/1550 1912/2387/2041 1914/2389/2042
f 1455/2388/1550 1914/2389/2042 1456/2390/1548
f 1456/2390/1548 1914/2389/2042 1916/2391/2043
f 1456/2390/1548 1916/2391/2043 1457/2392/1546
f 1457/2392/1546 1916/2391/2043 1918/2393/2044
f 1457/2392/1546 1918/2393/2044 1458/2394/1544
f 1458/2394/1544 1918/2393/2044 1920/2395/2045
f 1458/2394/1544 1920/2395/2045 1459/2396/1542
f 1459/2396/1542 1920/2395/2045 1922/2397/2046
f 1459/2396/1542 1922/2397/2046 1460/2398/1540
f 1460/2398/1540 1922/2397/2046 1924/2399/2047
f 1460/2398/1540 1924/2399/2047 1461/2400/1538
f 1461/2400/1538 1924/2399/2047 1926/2401/2048
f 1461/2400/1538 1926/2401/2048 1462/2402/1536
f 1462/2402/1536 1926/2401/2048 1928/2403/2049
f 1462/2402/1536 1928/2403/2049 1463/2404/1534
f 1463/2404/1534 1928/2403/2049 1930/2405/2050
f 1463/2404/1534 1930/2405/2050 1464/2406/1532
f 1464/2406/1532 1930/2405/2050 1932/2407/2051
f 1464/2406/1532 1932/2407/2051 1465/2408/1530
f 1465/2408/1530 1932/2407/2051 1934/2409/2052
f 1465/2408/1530 1934/2409/2052 1466/2410/1528
f 1466/2410/1528 1934/2409/2052 1936/2411/2053
f 1466/2410/1528 1936/2411/2053 1467/2412/1526
f 1467/2412/1526 1936/2411/2053 1938/2413/2054
f 1467/2412/1526 1938/2413/2054 1468/2414/1524
f 1468/2414/1524 1938/2413/2054 1940/2415/2055
f 1468/2414/1524 1940/2415/2055 1469/2416/1522
f 1469/2416/1522 1940/2415/2055 1942/2417/2056
f 1469/2416/1522 1942/2417/2056 1470/2418/1520
f 1470/2418/1520 1942/2417/2056 1944/2419/2057
f 1470/2418/1520 1944/2419/2057 1471/2420/1518
f 1471/2420/1518 1944/2419/2057 1946/2421/2058
f 1471/2420/1518 1946/2421/2058 1472/2422/1516
f 1472/2422/1516 1946/2421/2058 1948/2423/2059
f 1472/2422/1516 1948/2423/2059 1473/2424/1514
f 1473/2424/1514 1948/2423/2059 1950/2425/2060
f 1473/2424/1514 1950/2425/2060 1474/2426/1512
f 1474/2426/1512 1950/2425/2060 1952/2427/2061
f 1474/2426/1512 1952/2427/2061 1475/2428/1510
f 1475/2428/1510 1952/2427/2061 1954/2429/2062
f 1475/2428/1510 1954/2429/2062 1476/2430/1509
f 1476/2430/1509 1954/2429/2062 1956/2431/2063
f 1476/2430/1509 1956/2431/2063 1477/2432/1766
f 1477/2432/1766 1956/2431/2063 1958/2433/2064
f 1477/2432/1766 1958/2433/2064 1478/2434/1771
f 1478/2434/1771 1958/2433/2064 1960/2435/2065
f 1478/2434/1771 1960/2435/2065 1479/2436/1776
f 1479/2436/1776 1960/2435/2065 1962/2437/2066
f 1479/2436/1776 1962/2437/2066 1480/2438/1781
f 1480/2438/1781 1962/2437/2066 1964/2439/2067
f 1480/2438/1781 1964/2439/2067 1481/2440/1786
f 1481/2440/1786 1964/2439/2067 1966/2441/2068
f 1481/2440/1786 1966/2441/2068 1482/2442/1791
f 1482/2442/1791 1966/2441/2068 1968/2443/2069
f 1482/2442/1791 1968/2443/2069 1483/2444/1796
f 1483/2444/1796 1968/2443/2069 1970/2445/2070
f 1483/2444/1796 1970/2445/2070 1484/2446/1801
f 1484/2446/1801 1970/2445/2070 1972/2447/2071
f 1484/2446/1801 1972/2447/2071 1485/2448/1806
f 1485/2448/1806 1972/2447/2071 1974/2449/2072
f 1485/2448/1806 1974/2449/2072 1486/2450/1811
f 1486/2450/1811 1974/2449/2072 1976/2451/2073
f 1486/2450/1811 1976/2451/2073 1487/2452/1816
f 1487/2452/1816 1976/2451/2073 1978/2453/2074
f 1487/2452/1816 1978/2453/2074 1488/2454/1821
f 1488/2454/1821 1978/2453/2074 1980/2455/2075
f 1488/2454/1821 1980/2455/2075 1489/2456/1826
f 1489/2456/1826 1980/2455/2075 1982/2457/2076
f 1489/2456/1826 1982/2457/2076 1490/2458/1830
f 1490/2458/1830 1982/2457/2076 1984/2459/2077
f 1490/2458/1830 1984/2459/2077 1491/2460/1833
f 1491/2460/1833 1984/2459/2077 1986/2461/2078
f 1491/2460/1833 1986/2461/2078 1492/2336/1835
f 1492/2336/1835 1986/2461/2078 1988/2337/2017
f 1865/2215/1896 1866/2339/2018 1987/2217/1898
f 1987/2217/1898 1866/2339/2018 1988/2337/2017
f 1987/2217/1898 1988/2337/2017 1985/2219/1900
f 1985/2219/1900 1988/2337/2017 1986/2461/2078
f 1985/2219/1900 1986/2461/2078 1983/2221/1902
f 1983/2221/1902 1986/2461/2078 1984/2459/2077
f 1983/2221/1902 1984/2459/2077 1981/2223/1904
f 1981/2223/1904 1984/2459/2077 1982/2457/2076
f 1981/2223/1904 1982/2457/2076 1979/2225/1906
f 1979/2225/1906 1982/2457/2076 1980/2455/2075
f 1979/2225/1906 1980/2455/2075 1977/2227/1908
f 1977/2227/1908 1980/2455/2075 1978/2453/2074
f 1977/2227/1908 1978/2453/2074 1975/2229/1910
f 1975/2229/1910 1978/2453/2074 1976/2451/2073
f 1975/2229/1910 1976/2451/2073 1973/2231/1912
f 1973/2231/1912 1976/2451/2073 1974/2449/2072
f 1973/2231/1912 1974/2449/2072 1971/2233/1914
f 1971/2233/1914 1974/2449/2072 1972/2447/2071
f 1971/2233/1914 1972/2447/2071 1969/2235/1916
f 1969/2235/1916 1972/2447/2071 1970/2445/2070
f 1969/2235/1916 1970/2445/2070 1967/2237/1918
f 1967/2237/1918 1970/2445/2070 1968/2443/2069
f 1967/2237/1918 1968/2443/2069 1965/2239/1920
f 1965/2239/1920 1968/2443/2069 1966/2441/2068
f 1965/2239/1920 1966/2441/2068 1963/2241/1922
f 1963/2241/1922 1966/2441/2068 1964/2439/2067
f 1963/2241/1922 1964/2439/2067 1961/2243/1924
f 1961/2243/1924 1964/2439/2067 1962/2437/2066
f 1961/2243/1924 1962/2437/2066 1959/2245/1926
f 1959/2245/1926 1962/2437/2066 1960/2435/2065
f 1959/2245/1926 1960/2435/2065 1957/2247/1928
f 1957/2247/1928 1960/2435/2065 1958/2433/2064
f 1957/2247/1928 1958/2433/2064 1955/2249/1930
f 1955/2249/1930 1958/2433/2064 1956/2431/2063
f 1955/2249/1930 1956/2431/2063 1953/2251/1932
f 1953/2251/1932 1956/2431/2063 1954/2429/2062
f 1953/2251/1932 1954/2429/2062 1951/2253/1934
f 1951/2253/1934 1954/2429/2062 1952/2427/2061
f 1951/2253/1934 1952/2427/2061 1949/2255/1936
f 1949/2255/1936 1952/2427/2061 1950/2425/2060
f 1949/2255/1936 1950/2425/2060 1947/2257/1938
f 1947/2257/1938 1950/2425/2060 1948/2423/2059
f 1947/2257/1938 1948/2423/2059 1945/2259/1940
f 1945/2259/1940 1948/2423/2059 1946/2421/2058
f 1945/2259/1940 1946/2421/2058 1943/2261/1942
f 1943/2261/1942 1946/2421/2058 1944/2419/2057
f 1943/2261/1942 1944/2419/2057 1941/2263/1944
f 1941/2263/1944 1944/2419/2057 1942/2417/2056
f 1941/2263/1944 1942/2417/2056 1939/2265/1946
f 1939/2265/1946 1942/2417/2056 1940/2415/2055
f 1939/2265/1946 1940/2415/2055 1937/2267/1948
f 1937/2267/1948 1940/2415/2055 1938/2413/2054
f 1937/2267/1948 1938/2413/2054 1935/2269/1950
f 1935/2269/1950 1938/2413/2054 1936/2411/2053
f 1935/2269/1950 1936/2411/2053 1933/2271/1952
f 1933/2271/1952 1936/2411/2053 1934/2409/2052
f 1933/2271/1952 1934/2409/2052 1931/2273/1954
f 1931/2273/1954 1934/2409/2052 1932/2407/2051
f 1931/2273/1954 1932/2407/2051 1929/2275/1956
f 1929/2275/1956 1932/2407/2051 1930/2405/2050
f 1929/2275/1956 1930/2405/2050 1927/2277/1958
f 1927/2277/1958 1930/2405/2050 1928/2403/2049
f 1927/2277/1958 1928/2403/2049 1925/2279/1960
f 1925/2279/1960 1928/2403/2049 1926/2401/2048
f 1925/2279/1960 1926/2401/2048 1923/2281/1962
f 1923/2281/1962 1926/2401/2048 1924/2399/2047
f 1923/2281/1962 1924/2399/2047 1921/2283/1964
f 1921/2283/1964 1924/2399/2047 1922/2397/2046
f 1921/2283/1964 1922/2397/2046 1919/2285/1966
f 1919/2285/1966 1922/2397/2046 1920/2395/2045
f 1919/2285/1966 1920/2395/2045 1917/2287/1968
f 1917/2287/1968 1920/2395/2045 1918/2393/2044
f 1917/2287/1968 1918/2393/2044 1915/2289/1970
f 1915/2289/1970 1918/2393/2044 1916/2391/2043
f 1915/2289/1970 1916/2391/2043 1913/2291/1972
f 1913/2291/1972 1916/2391/2043 1914/2389/2042
f 1913/2291/1972 1914/2389/2042 1911/2293/1974
f 1911/2293/1974 1914/2389/2042 1912/2387/2041
f 1911/2293/1974 1912/2387/2041 1909/2295/1976
f 1909/2295/1976 1912/2387/2041 1910/2385/2040
f 1909/2295/1976 1910/2385/2040 1907/2297/1978
f 1907/2297/1978 1910/2385/2040 1908/2383/2039
f 1907/2297/1978 1908/2383/2039 1905/2299/1980
f 1905/2299/1980 1908/2383/2039 1906/2381/2038
f 1905/2299/1980 1906/2381/2038 1903/2301/1982
f 1903/2301/1982 1906/2381/2038 1904/2379/2037
f 1903/2301/1982 1904/2379/2037 1901/2303/1984
f 1901/2303/1984 1904/2379/2037 1902/2377/2036
f 1901/2303/1984 1902/2377/2036 1899/2305/1986
f 1899/2305/1986 1902/2377/2036 1900/2375/2035
f 1899/2305/1986 1900/2375/2035 1897/2307/1988
f 1897/2307/1988 1900/2375/2035 1898/2373/2034
f 1897/2307/1988 1898/2373/2034 1895/2309/1990
f 1895/2309/1990 1898/2373/2034 1896/2371/2033
f 1895/2309/1990 1896/2371/2033 1893/2311/1992
f 1893/2311/1992 1896/2371/2033 1894/2369/2032
f 1893/2311/1992 1894/2369/2032 1891/2313/1994
f 1891/2313/1994 1894/2369/2032 1892/2367/2031
f 1891/2313/1994 1892/2367/2031 1889/2315/1996
f 1889/2315/1996 1892/2367/2031 1890/2365/2030
f 1889/2315/1996 1890/2365/2030 1887/2317/1998
f 1887/2317/1998 1890/2365/2030 1888/2363/2029
f 1887/2317/1998 1888/2363/2029 1885/2319/2000
f 1885/2319/2000 1888/2363/2029 1886/2361/2028
f 1885/2319/2000 1886/2361/2028 1883/2321/2002
f 1883/2321/2002 1886/2361/2028 1884/2359/2027
f 1883/2321/2002 1884/2359/2027 1881/2323/2004
f 1881/2323/2004 1884/2359/2027 1882/2357/2026
f 1881/2323/2004 1882/2357/2026 1879/2325/2006
f 1879/2325/2006 1882/2357/2026 1880/2355/2025
f 1879/2325/2006 1880/2355/2025 1877/2327/2008
f 1877/2327/2008 1880/2355/2025 1878/2353/2024
f 1877/2327/2008 1878/2353/2024 1875/2329/2010
f 1875/2329/2010 1878/2353/2024 1876/2351/2023
f 1875/2329/2010 1876/2351/2023 1873/2331/2012
f 1873/2331/2012 1876/2351/2023 1874/2349/2022
f 1873/2331/2012 1874/2349/2022 1871/2333/2014
f 1871/2333/2014 1874/2349/2022 1872/2347/2021
f 1871/2333/2014 1872/2347/2021 1869/2335/2016
f 1869/2335/2016 1872/2347/2021 1870/2345/2020
f 1869/2335/2016 1870/2345/2020 1867/2211/1894
f 1867/2211/1894 1870/2345/2020 1868/2343/2019
f 1867/2211/1894 1868/2343/2019 1865/2213/1896
f 1865/2213/1896 1868/2343/2019 1866/2341/2018
f 1375/2462/1464 1374/2463/1466 1401/2464/1663
f 1401/2464/1663 1374/2463/1466 1430/2465/1765
f 1401/2464/1663 1430/2465/1765 1429/2466/1763
f 1429/2466/1763 1428/2467/1761 1401/2464/1663
f 1401/2464/1663 1428/2467/1761 1427/2468/1759
f 1401/2464/1663 1427/2468/1759 1426/2469/1757
f 1426/2469/1757 1425/2470/1755 1401/2464/1663
f 1401/2464/1663 1425/2470/1755 1424/2471/1753
f 1401/2464/1663 1424/2471/1753 1423/2472/1751
f 1423/2472/1751 1422/2473/1749 1401/2464/1663
f 1401/2464/1663 1422/2473/1749 1421/2474/1747
f 1401/2464/1663 1421/2474/1747 1420/2475/1741
f 1420/2475/1741 1419/2476/1736 1401/2464/1663
f 1401/2464/1663 1419/2476/1736 1418/2477/1731
f 1401/2464/1663 1418/2477/1731 1417/2478/1726
f 1417/2478/1726 1416/2479/1721 1401/2464/1663
f 1401/2464/1663 1416/2479/1721 1415/2480/1716
f 1401/2464/1663 1415/2480/1716 1414/2481/1711
f 1414/2481/1711 1413/2482/1706 1401/2464/1663
f 1401/2464/1663 1413/2482/1706 1412/2483/1701
f 1401/2464/1663 1412/2483/1701 1411/2484/1696
f 1411/2484/1696 1410/2485/1691 1401/2464/1663
f 1401/2464/1663 1410/2485/1691 1409/2486/1686
f 1401/2464/1663 1409/2486/1686 1408/2487/1677
f 1408/2487/1677 1407/2488/1675 1401/2464/1663
f 1401/2464/1663 1407/2488/1675 1406/2489/1673
f 1401/2464/1663 1406/2489/1673 1405/2490/1671
f 1405/2490/1671 1404/2491/1669 1401/2464/1663
f 1401/2464/1663 1404/2491/1669 1402/2492/1665
f 1402/2492/1665 1404/2491/1669 1403/2493/1667
f 1375/2462/1464 1401/2464/1663 1376/2494/1480
f 1376/2494/1480 1401/2464/1663 1400/2495/1661
f 1376/2494/1480 1400/2495/1661 1377/2496/1482
f 1377/2496/1482 1400/2495/1661 1399/2497/1659
f 1377/2496/1482 1399/2497/1659 1378/2498/1484
f 1378/2498/1484 1399/2497/1659 1398/2499/1657
f 1378/2498/1484 1398/2499/1657 1379/2500/1486
f 1379/2500/1486 1398/2499/1657 1397/2501/1651
f 1379/2500/1486 1397/2501/1651 1380/2502/1488
f 1380/2502/1488 1397/2501/1651 1396/2503/1646
f 1380/2502/1488 1396/2503/1646 1381/2504/1490
f 1381/2504/1490 1396/2503/1646 1395/2505/1641
f 1381/2504/1490 1395/2505/1641 1382/2506/1492
f 1382/2506/1492 1395/2505/1641 1394/2507/1636
f 1382/2506/1492 1394/2507/1636 1383/2508/1494
f 1383/2508/1494 1394/2507/1636 1393/2509/1631
f 1383/2508/1494 1393/2509/1631 1384/2510/1496
f 1384/2510/1496 1393/2509/1631 1392/2511/1626
f 1384/2510/1496 1392/2511/1626 1385/2512/1498
f 1385/2512/1498 1392/2511/1626 1391/2513/1621
f 1385/2512/1498 1391/2513/1621 1386/2514/1596
f 1386/2514/1596 1391/2513/1621 1390/2515/1616
f 1386/2514/1596 1390/2515/1616 1387/2516/1601
f 1387/2516/1601 1390/2515/1616 1389/2517/1611
f 1387/2516/1601 1389/2517/1611 1388/2518/1606
f 1864/2519/1897 2055/2520/2079 1803/2521/1895
f 1803/2521/1895 2055/2520/2079 2046/2522/2080
f 1803/2523/1895 2046/2524/2080 1804/2525/1893
f 1804/2525/1893 2046/2524/2080 2351/2526/2081
f 1804/2525/1893 2351/2526/2081 1805/2527/2015
f 1805/2527/2015 2351/2526/2081 2346/2528/2082
f 1805/2527/2015 2346/2528/2082 1806/2529/2013
f 1806/2529/2013 2346/2528/2082 2341/2530/2083
f 1806/2529/2013 2341/2530/2083 1807/2531/2011
f 1807/2531/2011 2341/2530/2083 2336/2532/2084
f 1807/2531/2011 2336/2532/2084 1808/2533/2009
f 1808/2533/2009 2336/2532/2084 2331/2534/2085
f 1808/2533/2009 2331/2534/2085 1809/2535/2007
f 1809/2535/2007 2331/2534/2085 2326/2536/2086
f 1809/2535/2007 2326/2536/2086 1810/2537/2005
f 1810/2537/2005 2326/2536/2086 2321/2538/2087
f 1810/2537/2005 2321/2538/2087 1811/2539/2003
f 1811/2539/2003 2321/2538/2087 2316/2540/2088
f 1811/2539/2003 2316/2540/2088 1812/2541/2001
f 1812/2541/2001 2316/2540/2088 2311/2542/2089
f 1812/2541/2001 2311/2542/2089 1813/2543/1999
f 1813/2543/1999 2311/2542/2089 2306/2544/2090
f 1813/2543/1999 2306/2544/2090 1814/2545/1997
f 1814/2545/1997 2306/2544/2090 2301/2546/2091
f 1814/2545/1997 2301/2546/2091 1815/2547/1995
f 1815/2547/1995 2301/2546/2091 2296/2548/2092
f 1815/2547/1995 2296/2548/2092 1816/2549/1993
f 1816/2549/1993 2296/2548/2092 2292/2550/2093
f 1816/2549/1993 2292/2550/2093 1817/2551/1991
f 1817/2551/1991 2292/2550/2093 2287/2552/2094
f 1817/2551/1991 2287/2552/2094 1818/2553/1989
f 1818/2553/1989 2287/2552/2094 2282/2554/2095
f 1818/2553/1989 2282/2554/2095 1819/2555/1987
f 1819/2555/1987 2282/2554/2095 2277/2556/2096
f 1819/2555/1987 2277/2556/2096 1820/2557/1985
f 1820/2557/1985 2277/2556/2096 2272/2558/2097
f 1820/2557/1985 2272/2558/2097 1821/2559/1983
f 1821/2559/1983 2272/2558/2097 2267/2560/2098
f 1821/2559/1983 2267/2560/2098 1822/2561/1981
f 1822/2561/1981 2267/2560/2098 2262/2562/2099
f 1822/2561/1981 2262/2562/2099 1823/2563/1979
f 1823/2563/1979 2262/2562/2099 2257/2564/2100
f 1823/2563/1979 2257/2564/2100 1824/2565/1977
f 1824/2565/1977 2257/2564/2100 2252/2566/2101
f 1824/2565/1977 2252/2566/2101 1825/2567/1975
f 1825/2567/1975 2252/2566/2101 2247/2568/2102
f 1825/2567/1975 2247/2568/2102 1826/2569/1973
f 1826/2569/1973 2247/2568/2102 2242/2570/2103
f 1826/2569/1973 2242/2570/2103 1827/2571/1971
f 1827/2571/1971 2242/2570/2103 2238/2572/2104
f 1827/2571/1971 2238/2572/2104 1828/2573/1969
f 1828/2573/1969 2238/2572/2104 2233/2574/2105
f 1828/2573/1969 2233/2574/2105 1829/2575/1967
f 1829/2575/1967 2233/2574/2105 2228/2576/2106
f 1829/2575/1967 2228/2576/2106 1830/2577/1965
f 1830/2577/1965 2228/2576/2106 2223/2578/2107
f 1830/2577/1965 2223/2578/2107 1831/2579/1963
f 1831/2579/1963 2223/2578/2107 2218/2580/2108
f 1831/2579/1963 2218/2580/2108 1832/2581/1961
f 1832/2581/1961 2218/2580/2108 2213/2582/2109
f 1832/2581/1961 2213/2582/2109 1833/2583/1959
f 1833/2583/1959 2213/2582/2109 2208/2584/2110
f 1833/2583/1959 2208/2584/2110 1834/2585/1957
f 1834/2585/1957 2208/2584/2110 2203/2586/2111
f 1834/2585/1957 2203/2586/2111 1835/2587/1955
f 1835/2587/1955 2203/2586/2111 2198/2588/2112
f 1835/2587/1955 2198/2588/2112 1836/2589/1953
f 1836/2589/1953 2198/2588/2112 2193/2590/2113
f 1836/2589/1953 2193/2590/2113 1837/2591/1951
f 1837/2591/1951 2193/2590/2113 2188/2592/2114
f 1837/2591/1951 2188/2592/2114 1838/2593/1949
f 1838/2593/1949 2188/2592/2114 2183/2594/2115
f 1838/2593/1949 2183/2594/2115 1839/2595/1947
f 1839/2595/1947 2183/2594/2115 2178/2596/2116
f 1839/2595/1947 2178/2596/2116 1840/2597/1945
f 1840/2597/1945 2178/2596/2116 2173/2598/2117
f 1840/2597/1945 2173/2598/2117 1841/2599/1943
f 1841/2599/1943 2173/2598/2117 2169/2600/2118
f 1841/2599/1943 2169/2600/2118 1842/2601/1941
f 1842/2601/1941 2169/2600/2118 2164/2602/2119
f 1842/2601/1941 2164/2602/2119 1843/2603/1939
f 1843/2603/1939 2164/2602/2119 2159/2604/2120
f 1843/2603/1939 2159/2604/2120 1844/2605/1937
f 1844/2605/1937 2159/2604/2120 2154/2606/2121
f 1844/2605/1937 2154/2606/2121 1845/2607/1935
f 1845/2607/1935 2154/2606/2121 2149/2608/2122
f 1845/2607/1935 2149/2608/2122 1846/2609/1933
f 1846/2609/1933 2149/2608/2122 2144/2610/2123
f 1846/2609/1933 2144/2610/2123 1847/2611/1931
f 1847/2611/1931 2144/2610/2123 2139/2612/2124
f 1847/2611/1931 2139/2612/2124 1848/2613/1929
f 1848/2613/1929 2139/2612/2124 2134/2614/2125
f 1848/2613/1929 2134/2614/2125 1849/2615/1927
f 1849/2615/1927 2134/2614/2125 2129/2616/2126
f 1849/2615/1927 2129/2616/2126 1850/2617/1925
f 1850/2617/1925 2129/2616/2126 2124/2618/2127
f 1850/2617/1925 2124/2618/2127 1851/2619/1923
f 1851/2619/1923 2124/2618/2127 2119/2620/2128
f 1851/2619/1923 2119/2620/2128 1852/2621/1921
f 1852/2621/1921 2119/2620/2128 2115/2622/2129
f 1852/2621/1921 2115/2622/2129 1853/2623/1919
f 1853/2623/1919 2115/2622/2129 2110/2624/2130
f 1853/2623/1919 2110/2624/2130 1854/2625/1917
f 1854/2625/1917 2110/2624/2130 2105/2626/2131
f 1854/2625/1917 2105/2626/2131 1855/2627/1915
f 1855/2627/1915 2105/2626/2131 2100/2628/2132
f 1855/2627/1915 2100/2628/2132 1856/2629/1913
f 1856/2629/1913 2100/2628/2132 2095/2630/2133
f 1856/2629/1913 2095/2630/2133 1857/2631/1911
f 1857/2631/1911 2095/2630/2133 2090/2632/2134
f 1857/2631/1911 2090/2632/2134 1858/2633/1909
f 1858/2633/1909 2090/2632/2134 2085/2634/2135
f 1858/2633/1909 2085/2634/2135 1859/2635/1907
f 1859/2635/1907 2085/2634/2135 2080/2636/2136
f 1859/2635/1907 2080/2636/2136 1860/2637/1905
f 1860/2637/1905 2080/2636/2136 2075/2638/2137
f 1860/2637/1905 2075/2638/2137 1861/2639/1903
f 1861/2639/1903 2075/2638/2137 2070/2640/2138
f 1861/2639/1903 2070/2640/2138 1862/2641/1901
f 1862/2641/1901 2070/2640/2138 2065/2642/2139
f 1862/2641/1901 2065/2642/2139 1863/2643/1899
f 1863/2643/1899 2065/2642/2139 2060/2644/2140
f 1863/2643/1899 2060/2644/2140 1864/2519/1897
f 1864/2519/1897 2060/2644/2140 2055/2520/2079
f 1990/2645/2141 2355/2646/2142 1989/2647/2143
f 1989/2647/2143 2355/2646/2142 2050/2648/2144
f 1989/2649/2143 2050/2650/2144 2059/2651/2145
f 2059/2651/2145 2050/2650/2144 2049/2652/2146
f 2059/2651/2145 2049/2652/2146 2058/2653/2147
f 2058/2653/2147 2049/2652/2146 2048/2654/2148
f 2058/2653/2147 2048/2654/2148 2057/2655/2149
f 2057/2655/2149 2048/2654/2148 2047/2656/2150
f 2057/2655/2149 2047/2656/2150 2056/2657/2151
f 2056/2657/2151 2047/2656/2150 2046/2522/2080
f 2056/2657/2151 2046/2522/2080 2055/2520/2079
f 2355/2646/2142 1990/2645/2141 2350/2658/2152
f 2350/2658/2152 1990/2645/2141 1991/2659/2153
f 2350/2658/2152 1991/2659/2153 2345/2660/2154
f 2345/2660/2154 1991/2659/2153 1992/2661/2155
f 2345/2660/2154 1992/2661/2155 2340/2662/2156
f 2340/2662/2156 1992/2661/2155 1993/2663/2157
f 2340/2662/2156 1993/2663/2157 2335/2664/2158
f 2335/2664/2158 1993/2663/2157 1994/2665/2159
f 2335/2664/2158 1994/2665/2159 2330/2666/2160
f 2330/2666/2160 1994/2665/2159 1995/2667/2161
f 2330/2666/2160 1995/2667/2161 2325/2668/2162
f 2325/2668/2162 1995/2667/2161 1996/2669/2163
f 2325/2668/2162 1996/2669/2163 2320/2670/2164
f 2320/2670/2164 1996/2669/2163 1997/2671/2165
f 2320/2670/2164 1997/2671/2165 2315/2672/2166
f 2315/2672/2166 1997/2671/2165 1998/2673/2167
f 2315/2672/2166 1998/2673/2167 2310/2674/2168
f 2310/2674/2168 1998/2673/2167 1999/2675/2169
f 2310/2674/2168 1999/2675/2169 2305/2676/2170
f 2305/2676/2170 1999/2675/2169 2000/2677/2171
f 2305/2676/2170 2000/2677/2171 2300/2678/2172
f 2300/2678/2172 2000/2677/2171 2054/2679/2173
f 2300/2678/2172 2054/2679/2173 2295/2680/2174
f 2295/2680/2174 2054/2679/2173 2290/2681/2175
f 2295/2680/2174 2290/2681/2175 2289/2682/2176
f 2289/2682/2176 2290/2681/2175 2284/2683/2177
f 2289/2682/2176 2284/2683/2177 2283/2684/2178
f 2283/2684/2178 2284/2683/2177 2278/2685/2179
f 2283/2684/2178 2278/2685/2179 2277/2556/2096
f 2277/2556/2096 2278/2685/2179 2272/2558/2097
f 2000/2677/2171 2001/2686/2180 2054/2679/2173
f 2054/2679/2173 2001/2686/2180 2291/2687/2181
f 2054/2679/2173 2291/2687/2181 2290/2681/2175
f 2290/2681/2175 2291/2687/2181 2285/2688/2182
f 2290/2681/2175 2285/2688/2182 2284/2683/2177
f 2284/2683/2177 2285/2688/2182 2279/2689/2183
f 2284/2683/2177 2279/2689/2183 2278/2685/2179
f 2278/2685/2179 2279/2689/2183 2273/2690/2184
f 2278/2685/2179 2273/2690/2184 2272/2558/2097
f 2272/2558/2097 2273/2690/2184 2267/2560/2098
f 2001/2686/2180 2002/2691/2185 2291/2687/2181
f 2291/2687/2181 2002/2691/2185 2286/2692/2186
f 2291/2687/2181 2286/2692/2186 2285/2688/2182
f 2285/2688/2182 2286/2692/2186 2280/2693/2187
f 2285/2688/2182 2280/2693/2187 2279/2689/2183
f 2279/2689/2183 2280/2693/2187 2274/2694/2188
f 2279/2689/2183 2274/2694/2188 2273/2690/2184
f 2273/2690/2184 2274/2694/2188 2268/2695/2189
f 2273/2690/2184 2268/2695/2189 2267/2560/2098
f 2267/2560/2098 2268/2695/2189 2262/2562/2099
f 2002/2691/2185 2003/2696/2190 2286/2692/2186
f 2286/2692/2186 2003/2696/2190 2281/2697/2191
f 2286/2692/2186 2281/2697/2191 2280/2693/2187
f 2280/2693/2187 2281/2697/2191 2275/2698/2192
f 2280/2693/2187 2275/2698/2192 2274/2694/2188
f 2274/2694/2188 2275/2698/2192 2269/2699/2193
f 2274/2694/2188 2269/2699/2193 2268/2695/2189
f 2268/2695/2189 2269/2699/2193 2263/2700/2194
f 2268/2695/2189 2263/2700/2194 2262/2562/2099
f 2262/2562/2099 2263/2700/2194 2257/2564/2100
f 2003/2696/2190 2004/2701/2195 2281/2697/2191
f 2281/2697/2191 2004/2701/2195 2276/2702/2196
f 2281/2697/2191 2276/2702/2196 2275/2698/2192
f 2275/2698/2192 2276/2702/2196 2270/2703/2197
f 2275/2698/2192 2270/2703/2197 2269/2699/2193
f 2269/2699/2193 2270/2703/2197 2264/2704/2198
f 2269/2699/2193 2264/2704/2198 2263/2700/2194
f 2263/2700/2194 2264/2704/2198 2258/2705/2199
f 2263/2700/2194 2258/2705/2199 2257/2564/2100
f 2257/2564/2100 2258/2705/2199 2252/2566/2101
f 2004/2701/2195 2005/2706/2200 2276/2702/2196
f 2276/2702/2196 2005/2706/2200 2271/2707/2201
f 2276/2702/2196 2271/2707/2201 2270/2703/2197
f 2270/2703/2197 2271/2707/2201 2265/2708/2202
f 2270/2703/2197 2265/2708/2202 2264/2704/2198
f 2264/2704/2198 2265/2708/2202 2259/2709/2203
f 2264/2704/2198 2259/2709/2203 2258/2705/2199
f 2258/2705/2199 2259/2709/2203 2253/2710/2204
f 2258/2705/2199 2253/2710/2204 2252/2566/2101
f 2252/2566/2101 2253/2710/2204 2247/2568/2102
f 2005/2706/2200 2006/2711/2205 2271/2707/2201
f 2271/2707/2201 2006/2711/2205 2266/2712/2206
f 2271/2707/2201 2266/2712/2206 2265/2708/2202
f 2265/2708/2202 2266/2712/2206 2260/2713/2207
f 2265/2708/2202 2260/2713/2207 2259/2709/2203
f 2259/2709/2203 2260/2713/2207 2254/2714/2208
f 2259/2709/2203 2254/2714/2208 2253/2710/2204
f 2253/2710/2204 2254/2714/2208 2248/2715/2209
f 2253/2710/2204 2248/2715/2209 2247/2568/2102
f 2247/2568/2102 2248/2715/2209 2242/2570/2103
f 2006/2711/2205 2007/2716/2210 2266/2712/2206
f 2266/2712/2206 2007/2716/2210 2261/2717/2211
f 2266/2712/2206 2261/2717/2211 2260/2713/2207
f 2260/2713/2207 2261/2717/2211 2255/2718/2212
f 2260/2713/2207 2255/2718/2212 2254/2714/2208
f 2254/2714/2208 2255/2718/2212 2249/2719/2213
f 2254/2714/2208 2249/2719/2213 2248/2715/2209
f 2248/2715/2209 2249/2719/2213 2243/2720/2214
f 2248/2715/2209 2243/2720/2214 2242/2570/2103
f 2242/2570/2103 2243/2720/2214 2238/2572/2104
f 2007/2716/2210 2008/2721/2215 2261/2717/2211
f 2261/2717/2211 2008/2721/2215 2256/2722/2216
f 2261/2717/2211 2256/2722/2216 2255/2718/2212
f 2255/2718/2212 2256/2722/2216 2250/2723/2217
f 2255/2718/2212 2250/2723/2217 2249/2719/2213
f 2249/2719/2213 2250/2723/2217 2244/2724/2218
f 2249/2719/2213 2244/2724/2218 2243/2720/2214
f 2243/2720/2214 2244/2724/2218 2239/2725/2219
f 2243/2720/2214 2239/2725/2219 2238/2572/2104
f 2238/2572/2104 2239/2725/2219 2233/2574/2105
f 2008/2721/2215 2009/2726/2220 2256/2722/2216
f 2256/2722/2216 2009/2726/2220 2251/2727/2221
f 2256/2722/2216 2251/2727/2221 2250/2723/2217
f 2250/2723/2217 2251/2727/2221 2245/2728/2222
f 2250/2723/2217 2245/2728/2222 2244/2724/2218
f 2244/2724/2218 2245/2728/2222 2240/2729/2223
f 2244/2724/2218 2240/2729/2223 2239/2725/2219
f 2239/2725/2219 2240/2729/2223 2234/2730/2224
f 2239/2725/2219 2234/2730/2224 2233/2574/2105
f 2233/2574/2105 2234/2730/2224 2228/2576/2106
f 2009/2726/2220 2010/2731/2225 2251/2727/2221
f 2251/2727/2221 2010/2731/2225 2246/2732/2226
f 2251/2727/2221 2246/2732/2226 2245/2728/2222
f 2245/2728/2222 2246/2732/2226 2241/2733/2227
f 2245/2728/2222 2241/2733/2227 2240/2729/2223
f 2240/2729/2223 2241/2733/2227 2235/2734/2228
f 2240/2729/2223 2235/2734/2228 2234/2730/2224
f 2234/2730/2224 2235/2734/2228 2229/2735/2229
f 2234/2730/2224 2229/2735/2229 2228/2576/2106
f 2228/2576/2106 2229/2735/2229 2223/2578/2107
f 2010/2731/2225 2011/2736/2230 2246/2732/2226
f 2246/2732/2226 2011/2736/2230 2053/2737/2231
f 2246/2732/2226 2053/2737/2231 2241/2733/2227
f 2241/2733/2227 2053/2737/2231 2236/2738/2232
f 2241/2733/2227 2236/2738/2232 2235/2734/2228
f 2235/2734/2228 2236/2738/2232 2230/2739/2233
f 2235/2734/2228 2230/2739/2233 2229/2735/2229
f 2229/2735/2229 2230/2739/2233 2224/2740/2234
f 2229/2735/2229 2224/2740/2234 2223/2578/2107
f 2223/2578/2107 2224/2740/2234 2218/2580/2108
f 2011/2736/2230 2012/2741/2235 2053/2737/2231
f 2053/2737/2231 2012/2741/2235 2237/2742/2236
f 2053/2737/2231 2237/2742/2236 2236/2738/2232
f 2236/2738/2232 2237/2742/2236 2231/2743/2237
f 2236/2738/2232 2231/2743/2237 2230/2739/2233
f 2230/2739/2233 2231/2743/2237 2225/2744/2238
f 2230/2739/2233 2225/2744/2238 2224/2740/2234
f 2224/2740/2234 2225/2744/2238 2219/2745/2239
f 2224/2740/2234 2219/2745/2239 2218/2580/2108
f 2218/2580/2108 2219/2745/2239 2213/2582/2109
f 2237/2742/2236 2012/2741/2235 2232/2746/2240
f 2232/2746/2240 2012/2741/2235 2013/2747/2241
f 2232/2746/2240 2013/2747/2241 2227/2748/2242
f 2227/2748/2242 2013/2747/2241 2014/2749/2243
f 2227/2748/2242 2014/2749/2243 2222/2750/2244
f 2222/2750/2244 2014/2749/2243 2015/2751/2245
f 2222/2750/2244 2015/2751/2245 2217/2752/2246
f 2217/2752/2246 2015/2751/2245 2016/2753/2247
f 2217/2752/2246 2016/2753/2247 2212/2754/2248
f 2212/2754/2248 2016/2753/2247 2017/2755/2249
f 2212/2754/2248 2017/2755/2249 2207/2756/2250
f 2207/2756/2250 2017/2755/2249 2018/2757/2251
f 2207/2756/2250 2018/2757/2251 2202/2758/2252
f 2202/2758/2252 2018/2757/2251 2019/2759/2253
f 2202/2758/2252 2019/2759/2253 2197/2760/2254
f 2197/2760/2254 2019/2759/2253 2020/2761/2255
f 2197/2760/2254 2020/2761/2255 2192/2762/2256
f 2192/2762/2256 2020/2761/2255 2021/2763/2257
f 2192/2762/2256 2021/2763/2257 2187/2764/2258
f 2187/2764/2258 2021/2763/2257 2022/2765/2259
f 2187/2764/2258 2022/2765/2259 2182/2766/2260
f 2182/2766/2260 2022/2765/2259 2023/2767/2261
f 2182/2766/2260 2023/2767/2261 2177/2768/2262
f 2177/2768/2262 2023/2767/2261 2052/2769/2263
f 2177/2768/2262 2052/2769/2263 2172/2770/2264
f 2172/2770/2264 2052/2769/2263 2167/2771/2265
f 2172/2770/2264 2167/2771/2265 2166/2772/2266
f 2166/2772/2266 2167/2771/2265 2161/2773/2267
f 2166/2772/2266 2161/2773/2267 2160/2774/2268
f 2160/2774/2268 2161/2773/2267 2155/2775/2269
f 2160/2774/2268 2155/2775/2269 2154/2606/2121
f 2154/2606/2121 2155/2775/2269 2149/2608/2122
f 2023/2767/2261 2024/2776/2270 2052/2769/2263
f 2052/2769/2263 2024/2776/2270 2168/2777/2271
f 2052/2769/2263 2168/2777/2271 2167/2771/2265
f 2167/2771/2265 2168/2777/2271 2162/2778/2272
f 2167/2771/2265 2162/2778/2272 2161/2773/2267
f 2161/2773/2267 2162/2778/2272 2156/2779/2273
f 2161/2773/2267 2156/2779/2273 2155/2775/2269
f 2155/2775/2269 2156/2779/2273 2150/2780/2274
f 2155/2775/2269 2150/2780/2274 2149/2608/2122
f 2149/2608/2122 2150/2780/2274 2144/2610/2123
f 2024/2776/2270 2025/2781/2275 2168/2777/2271
f 2168/2777/2271 2025/2781/2275 2163/2782/2276
f 2168/2777/2271 2163/2782/2276 2162/2778/2272
f 2162/2778/2272 2163/2782/2276 2157/2783/2277
f 2162/2778/2272 2157/2783/2277 2156/2779/2273
f 2156/2779/2273 2157/2783/2277 2151/2784/2278
f 2156/2779/2273 2151/2784/2278 2150/2780/2274
f 2150/2780/2274 2151/2784/2278 2145/2785/2279
f 2150/2780/2274 2145/2785/2279 2144/2610/2123
f 2144/2610/2123 2145/2785/2279 2139/2612/2124
f 2025/2781/2275 2026/2786/2280 2163/2782/2276
f 2163/2782/2276 2026/2786/2280 2158/2787/2281
f 2163/2782/2276 2158/2787/2281 2157/2783/2277
f 2157/2783/2277 2158/2787/2281 2152/2788/2282
f 2157/2783/2277 2152/2788/2282 2151/2784/2278
f 2151/2784/2278 2152/2788/2282 2146/2789/2283
f 2151/2784/2278 2146/2789/2283 2145/2785/2279
f 2145/2785/2279 2146/2789/2283 2140/2790/2284
f 2145/2785/2279 2140/2790/2284 2139/2612/2124
f 2139/2612/2124 2140/2790/2284 2134/2614/2125
f 2026/2786/2280 2027/2791/2285 2158/2787/2281
f 2158/2787/2281 2027/2791/2285 2153/2792/2286
f 2158/2787/2281 2153/2792/2286 2152/2788/2282
f 2152/2788/2282 2153/2792/2286 2147/2793/2287
f 2152/2788/2282 2147/2793/2287 2146/2789/2283
f 2146/2789/2283 2147/2793/2287 2141/2794/2288
f 2146/2789/2283 2141/2794/2288 2140/2790/2284
f 2140/2790/2284 2141/2794/2288 2135/2795/2289
f 2140/2790/2284 2135/2795/2289 2134/2614/2125
f 2134/2614/2125 2135/2795/2289 2129/2616/2126
f 2027/2791/2285 2028/2796/2290 2153/2792/2286
f 2153/2792/2286 2028/2796/2290 2148/2797/2291
f 2153/2792/2286 2148/2797/2291 2147/2793/2287
f 2147/2793/2287 2148/2797/2291 2142/2798/2292
f 2147/2793/2287 2142/2798/2292 2141/2794/2288
f 2141/2794/2288 2142/2798/2292 2136/2799/2293
f 2141/2794/2288 2136/2799/2293 2135/2795/2289
f 2135/2795/2289 2136/2799/2293 2130/2800/2294
f 2135/2795/2289 2130/2800/2294 2129/2616/2126
f 2129/2616/2126 2130/2800/2294 2124/2618/2127
f 2028/2796/2290 2029/2801/2295 2148/2797/2291
f 2148/2797/2291 2029/2801/2295 2143/2802/2296
f 2148/2797/2291 2143/2802/2296 2142/2798/2292
f 2142/2798/2292 2143/2802/2296 2137/2803/2297
f 2142/2798/2292 2137/2803/2297 2136/2799/2293
f 2136/2799/2293 2137/2803/2297 2131/2804/2298
f 2136/2799/2293 2131/2804/2298 2130/2800/2294
f 2130/2800/2294 2131/2804/2298 2125/2805/2299
f 2130/2800/2294 2125/2805/2299 2124/2618/2127
f 2124/2618/2127 2125/2805/2299 2119/2620/2128
f 2029/2801/2295 2030/2806/2300 2143/2802/2296
f 2143/2802/2296 2030/2806/2300 2138/2807/2301
f 2143/2802/2296 2138/2807/2301 2137/2803/2297
f 2137/2803/2297 2138/2807/2301 2132/2808/2302
f 2137/2803/2297 2132/2808/2302 2131/2804/2298
f 2131/2804/2298 2132/2808/2302 2126/2809/2303
f 2131/2804/2298 2126/2809/2303 2125/2805/2299
f 2125/2805/2299 2126/2809/2303 2120/2810/2304
f 2125/2805/2299 2120/2810/2304 2119/2620/2128
f 2119/2620/2128 2120/2810/2304 2115/2622/2129
f 2030/2806/2300 2031/2811/2305 2138/2807/2301
f 2138/2807/2301 2031/2811/2305 2133/2812/2306
f 2138/2807/2301 2133/2812/2306 2132/2808/2302
f 2132/2808/2302 2133/2812/2306 2127/2813/2307
f 2132/2808/2302 2127/2813/2307 2126/2809/2303
f 2126/2809/2303 2127/2813/2307 2121/2814/2308
f 2126/2809/2303 2121/2814/2308 2120/2810/2304
f 2120/2810/2304 2121/2814/2308 2116/2815/2309
f 2120/2810/2304 2116/2815/2309 2115/2622/2129
f 2115/2622/2129 2116/2815/2309 2110/2624/2130
f 2031/2811/2305 2032/2816/2310 2133/2812/2306
f 2133/2812/2306 2032/2816/2310 2128/2817/2311
f 2133/2812/2306 2128/2817/2311 2127/2813/2307
f 2127/2813/2307 2128/2817/2311 2122/2818/2312
f 2127/2813/2307 2122/2818/2312 2121/2814/2308
f 2121/2814/2308 2122/2818/2312 2117/2819/2313
f 2121/2814/2308 2117/2819/2313 2116/2815/2309
f 2116/2815/2309 2117/2819/2313 2111/2820/2314
f 2116/2815/2309 2111/2820/2314 2110/2624/2130
f 2110/2624/2130 2111/2820/2314 2105/2626/2131
f 2032/2816/2310 2033/2821/2315 2128/2817/2311
f 2128/2817/2311 2033/2821/2315 2123/2822/2316
f 2128/2817/2311 2123/2822/2316 2122/2818/2312
f 2122/2818/2312 2123/2822/2316 2118/2823/2317
f 2122/2818/2312 2118/2823/2317 2117/2819/2313
f 2117/2819/2313 2118/2823/2317 2112/2824/2318
f 2117/2819/2313 2112/2824/2318 2111/2820/2314
f 2111/2820/2314 2112/2824/2318 2106/2825/2319
f 2111/2820/2314 2106/2825/2319 2105/2626/2131
f 2105/2626/2131 2106/2825/2319 2100/2628/2132
f 2033/2821/2315 2034/2826/2320 2123/2822/2316
f 2123/2822/2316 2034/2826/2320 2051/2827/2321
f 2123/2822/2316 2051/2827/2321 2118/2823/2317
f 2118/2823/2317 2051/2827/2321 2113/2828/2322
f 2118/2823/2317 2113/2828/2322 2112/2824/2318
f 2112/2824/2318 2113/2828/2322 2107/2829/2323
f 2112/2824/2318 2107/2829/2323 2106/2825/2319
f 2106/2825/2319 2107/2829/2323 2101/2830/2324
f 2106/2825/2319 2101/2830/2324 2100/2628/2132
f 2100/2628/2132 2101/2830/2324 2095/2630/2133
f 2034/2826/2320 2035/2831/2325 2051/2827/2321
f 2051/2827/2321 2035/2831/2325 2114/2832/2326
f 2051/2827/2321 2114/2832/2326 2113/2828/2322
f 2113/2828/2322 2114/2832/2326 2108/2833/2327
f 2113/2828/2322 2108/2833/2327 2107/2829/2323
f 2107/2829/2323 2108/2833/2327 2102/2834/2328
f 2107/2829/2323 2102/2834/2328 2101/2830/2324
f 2101/2830/2324 2102/2834/2328 2096/2835/2329
f 2101/2830/2324 2096/2835/2329 2095/2630/2133
f 2095/2630/2133 2096/2835/2329 2090/2632/2134
f 2114/2832/2326 2035/2831/2325 2109/2836/2330
f 2109/2836/2330 2035/2831/2325 2036/2837/2331
f 2109/2836/2330 2036/2837/2331 2104/2838/2332
f 2104/2838/2332 2036/2837/2331 2037/2839/2333
f 2104/2838/2332 2037/2839/2333 2099/2840/2334
f 2099/2840/2334 2037/2839/2333 2038/2841/2335
f 2099/2840/2334 2038/2841/2335 2094/2842/2336
f 2094/2842/2336 2038/2841/2335 2039/2843/2337
f 2094/2842/2336 2039/2843/2337 2089/2844/2338
f 2089/2844/2338 2039/2843/2337 2040/2845/2339
f 2089/2844/2338 2040/2845/2339 2084/2846/2340
f 2084/2846/2340 2040/2845/2339 2041/2847/2341
f 2084/2846/2340 2041/2847/2341 2079/2848/2342
f 2079/2848/2342 2041/2847/2341 2042/2849/2343
f 2079/2848/2342 2042/2849/2343 2074/2850/2344
f 2074/2850/2344 2042/2849/2343 2043/2851/2345
f 2074/2850/2344 2043/2851/2345 2069/2852/2346
f 2069/2852/2346 2043/2851/2345 2044/2853/2347
f 2069/2852/2346 2044/2853/2347 2064/2854/2348
f 2064/2854/2348 2044/2853/2347 2045/2855/2349
f 2064/2854/2348 2045/2855/2349 2059/2651/2145
f 2059/2651/2145 2045/2855/2349 1989/2649/2143
f 2046/2524/2080 2047/2856/2150 2351/2526/2081
f 2351/2526/2081 2047/2856/2150 2352/2857/2350
f 2351/2526/2081 2352/2857/2350 2346/2528/2082
f 2346/2528/2082 2352/2857/2350 2347/2858/2351
f 2346/2528/2082 2347/2858/2351 2341/2530/2083
f 2341/2530/2083 2347/2858/2351 2342/2859/2352
f 2341/2530/2083 2342/2859/2352 2336/2532/2084
f 2336/2532/2084 2342/2859/2352 2337/2860/2353
f 2336/2532/2084 2337/2860/2353 2331/2534/2085
f 2331/2534/2085 2337/2860/2353 2332/2861/2354
f 2331/2534/2085 2332/2861/2354 2326/2536/2086
f 2326/2536/2086 2332/2861/2354 2327/2862/2355
f 2326/2536/2086 2327/2862/2355 2321/2538/2087
f 2321/2538/2087 2327/2862/2355 2322/2863/2356
f 2321/2538/2087 2322/2863/2356 2316/2540/2088
f 2316/2540/2088 2322/2863/2356 2317/2864/2357
f 2316/2540/2088 2317/2864/2357 2311/2542/2089
f 2311/2542/2089 2317/2864/2357 2312/2865/2358
f 2311/2542/2089 2312/2865/2358 2306/2544/2090
f 2306/2544/2090 2312/2865/2358 2307/2866/2359
f 2306/2544/2090 2307/2866/2359 2301/2546/2091
f 2301/2546/2091 2307/2866/2359 2302/2867/2360
f 2301/2546/2091 2302/2867/2360 2296/2548/2092
f 2296/2548/2092 2302/2867/2360 2297/2868/2361
f 2296/2548/2092 2297/2868/2361 2292/2550/2093
f 2292/2550/2093 2297/2868/2361 2293/2869/2362
f 2292/2550/2093 2293/2869/2362 2287/2552/2094
f 2287/2552/2094 2293/2869/2362 2288/2870/2363
f 2287/2552/2094 2288/2870/2363 2282/2554/2095
f 2282/2554/2095 2288/2870/2363 2283/2684/2178
f 2282/2554/2095 2283/2684/2178 2277/2556/2096
f 2047/2856/2150 2048/2871/2148 2352/2857/2350
f 2352/2857/2350 2048/2871/2148 2353/2872/2364
f 2352/2857/2350 2353/2872/2364 2347/2858/2351
f 2347/2858/2351 2353/2872/2364 2348/2873/2365
f 2347/2858/2351 2348/2873/2365 2342/2859/2352
f 2342/2859/2352 2348/2873/2365 2343/2874/2366
f 2342/2859/2352 2343/2874/2366 2337/2860/2353
f 2337/2860/2353 2343/2874/2366 2338/2875/2367
f 2337/2860/2353 2338/2875/2367 2332/2861/2354
f 2332/2861/2354 2338/2875/2367 2333/2876/2368
f 2332/2861/2354 2333/2876/2368 2327/2862/2355
f 2327/2862/2355 2333/2876/2368 2328/2877/2369
f 2327/2862/2355 2328/2877/2369 2322/2863/2356
f 2322/2863/2356 2328/2877/2369 2323/2878/2370
f 2322/2863/2356 2323/2878/2370 2317/2864/2357
f 2317/2864/2357 2323/2878/2370 2318/2879/2371
f 2317/2864/2357 2318/2879/2371 2312/2865/2358
f 2312/2865/2358 2318/2879/2371 2313/2880/2372
f 2312/2865/2358 2313/2880/2372 2307/2866/2359
f 2307/2866/2359 2313/2880/2372 2308/2881/2373
f 2307/2866/2359 2308/2881/2373 2302/2867/2360
f 2302/2867/2360 2308/2881/2373 2303/2882/2374
f 2302/2867/2360 2303/2882/2374 2297/2868/2361
f 2297/2868/2361 2303/2882/2374 2298/2883/2375
f 2297/2868/2361 2298/2883/2375 2293/2869/2362
f 2293/2869/2362 2298/2883/2375 2294/2884/2376
f 2293/2869/2362 2294/2884/2376 2288/2870/2363
f 2288/2870/2363 2294/2884/2376 2289/2682/2176
f 2288/2870/2363 2289/2682/2176 2283/2684/2178
f 2048/2871/2148 2049/2885/2146 2353/2872/2364
f 2353/2872/2364 2049/2885/2146 2354/2886/2377
f 2353/2872/2364 2354/2886/2377 2348/2873/2365
f 2348/2873/2365 2354/2886/2377 2349/2887/2378
f 2348/2873/2365 2349/2887/2378 2343/2874/2366
f 2343/2874/2366 2349/2887/2378 2344/2888/2379
f 2343/2874/2366 2344/2888/2379 2338/2875/2367
f 2338/2875/2367 2344/2888/2379 2339/2889/2380
f 2338/2875/2367 2339/2889/2380 2333/2876/2368
f 2333/2876/2368 2339/2889/2380 2334/2890/2381
f 2333/2876/2368 2334/2890/2381 2328/2877/2369
f 2328/2877/2369 2334/2890/2381 2329/2891/2382
f 2328/2877/2369 2329/2891/2382 2323/2878/2370
f 2323/2878/2370 2329/2891/2382 2324/2892/2383
f 2323/2878/2370 2324/2892/2383 2318/2879/2371
f 2318/2879/2371 2324/2892/2383 2319/2893/2384
f 2318/2879/2371 2319/2893/2384 2313/2880/2372
f 2313/2880/2372 2319/2893/2384 2314/2894/2385
f 2313/2880/2372 2314/2894/2385 2308/2881/2373
f 2308/2881/2373 2314/2894/2385 2309/2895/2386
f 2308/2881/2373 2309/2895/2386 2303/2882/2374
f 2303/2882/2374 2309/2895/2386 2304/2896/2387
f 2303/2882/2374 2304/2896/2387 2298/2883/2375
f 2298/2883/2375 2304/2896/2387 2299/2897/2388
f 2298/2883/2375 2299/2897/2388 2294/2884/2376
f 2294/2884/2376 2299/2897/2388 2295/2680/2174
f 2294/2884/2376 2295/2680/2174 2289/2682/2176
f 2049/2885/2146 2050/2648/2144 2354/2886/2377
f 2354/2886/2377 2050/2648/2144 2355/2646/2142
f 2354/2886/2377 2355/2646/2142 2349/2887/2378
f 2349/2887/2378 2355/2646/2142 2350/2658/2152
f 2349/2887/2378 2350/2658/2152 2344/2888/2379
f 2344/2888/2379 2350/2658/2152 2345/2660/2154
f 2344/2888/2379 2345/2660/2154 2339/2889/2380
f 2339/2889/2380 2345/2660/2154 2340/2662/2156
f 2339/2889/2380 2340/2662/2156 2334/2890/2381
f 2334/2890/2381 2340/2662/2156 2335/2664/2158
f 2334/2890/2381 2335/2664/2158 2329/2891/2382
f 2329/2891/2382 2335/2664/2158 2330/2666/2160
f 2329/2891/2382 2330/2666/2160 2324/2892/2383
f 2324/2892/2383 2330/2666/2160 2325/2668/2162
f 2324/2892/2383 2325/2668/2162 2319/2893/2384
f 2319/2893/2384 2325/2668/2162 2320/2670/2164
f 2319/2893/2384 2320/2670/2164 2314/2894/2385
f 2314/2894/2385 2320/2670/2164 2315/2672/2166
f 2314/2894/2385 2315/2672/2166 2309/2895/2386
f 2309/2895/2386 2315/2672/2166 2310/2674/2168
f 2309/2895/2386 2310/2674/2168 2304/2896/2387
f 2304/2896/2387 2310/2674/2168 2305/2676/2170
f 2304/2896/2387 2305/2676/2170 2299/2897/2388
f 2299/2897/2388 2305/2676/2170 2300/2678/2172
f 2299/2897/2388 2300/2678/2172 2295/2680/2174
f 2056/2657/2151 2055/2520/2079 2061/2898/2389
f 2061/2898/2389 2055/2520/2079 2060/2644/2140
f 2061/2898/2389 2060/2644/2140 2066/2899/2390
f 2066/2899/2390 2060/2644/2140 2065/2642/2139
f 2066/2899/2390 2065/2642/2139 2071/2900/2391
f 2071/2900/2391 2065/2642/2139 2070/2640/2138
f 2071/2900/2391 2070/2640/2138 2076/2901/2392
f 2076/2901/2392 2070/2640/2138 2075/2638/2137
f 2076/2901/2392 2075/2638/2137 2081/2902/2393
f 2081/2902/2393 2075/2638/2137 2080/2636/2136
f 2081/2902/2393 2080/2636/2136 2086/2903/2394
f 2086/2903/2394 2080/2636/2136 2085/2634/2135
f 2086/2903/2394 2085/2634/2135 2091/2904/2395
f 2091/2904/2395 2085/2634/2135 2090/2632/2134
f 2091/2904/2395 2090/2632/2134 2096/2835/2329
f 2057/2655/2149 2056/2657/2151 2062/2905/2396
f 2062/2905/2396 2056/2657/2151 2061/2898/2389
f 2062/2905/2396 2061/2898/2389 2067/2906/2397
f 2067/2906/2397 2061/2898/2389 2066/2899/2390
f 2067/2906/2397 2066/2899/2390 2072/2907/2398
f 2072/2907/2398 2066/2899/2390 2071/2900/2391
f 2072/2907/2398 2071/2900/2391 2077/2908/2399
f 2077/2908/2399 2071/2900/2391 2076/2901/2392
f 2077/2908/2399 2076/2901/2392 2082/2909/2400
f 2082/2909/2400 2076/2901/2392 2081/2902/2393
f 2082/2909/2400 2081/2902/2393 2087/2910/2401
f 2087/2910/2401 2081/2902/2393 2086/2903/2394
f 2087/2910/2401 2086/2903/2394 2092/2911/2402
f 2092/2911/2402 2086/2903/2394 2091/2904/2395
f 2092/2911/2402 2091/2904/2395 2097/2912/2403
f 2097/2912/2403 2091/2904/2395 2096/2835/2329
f 2097/2912/2403 2096/2835/2329 2102/2834/2328
f 2064/2854/2348 2059/2651/2145 2058/2653/2147
f 2058/2653/2147 2057/2655/2149 2063/2913/2404
f 2063/2913/2404 2057/2655/2149 2062/2905/2396
f 2063/2913/2404 2062/2905/2396 2068/2914/2405
f 2068/2914/2405 2062/2905/2396 2067/2906/2397
f 2068/2914/2405 2067/2906/2397 2073/2915/2406
f 2073/2915/2406 2067/2906/2397 2072/2907/2398
f 2073/2915/2406 2072/2907/2398 2078/2916/2407
f 2078/2916/2407 2072/2907/2398 2077/2908/2399
f 2078/2916/2407 2077/2908/2399 2083/2917/2408
f 2083/2917/2408 2077/2908/2399 2082/2909/2400
f 2083/2917/2408 2082/2909/2400 2088/2918/2409
f 2088/2918/2409 2082/2909/2400 2087/2910/2401
f 2088/2918/2409 2087/2910/2401 2093/2919/2410
f 2093/2919/2410 2087/2910/2401 2092/2911/2402
f 2093/2919/2410 2092/2911/2402 2098/2920/2411
f 2098/2920/2411 2092/2911/2402 2097/2912/2403
f 2098/2920/2411 2097/2912/2403 2103/2921/2412
f 2103/2921/2412 2097/2912/2403 2102/2834/2328
f 2103/2921/2412 2102/2834/2328 2108/2833/2327
f 2069/2852/2346 2064/2854/2348 2063/2913/2404
f 2063/2913/2404 2064/2854/2348 2058/2653/2147
f 2069/2852/2346 2063/2913/2404 2068/2914/2405
f 2074/2850/2344 2069/2852/2346 2068/2914/2405
f 2074/2850/2344 2068/2914/2405 2073/2915/2406
f 2079/2848/2342 2074/2850/2344 2073/2915/2406
f 2079/2848/2342 2073/2915/2406 2078/2916/2407
f 2084/2846/2340 2079/2848/2342 2078/2916/2407
f 2084/2846/2340 2078/2916/2407 2083/2917/2408
f 2089/2844/2338 2084/2846/2340 2083/2917/2408
f 2089/2844/2338 2083/2917/2408 2088/2918/2409
f 2094/2842/2336 2089/2844/2338 2088/2918/2409
f 2094/2842/2336 2088/2918/2409 2093/2919/2410
f 2099/2840/2334 2094/2842/2336 2093/2919/2410
f 2099/2840/2334 2093/2919/2410 2098/2920/2411
f 2104/2838/2332 2099/2840/2334 2098/2920/2411
f 2104/2838/2332 2098/2920/2411 2103/2921/2412
f 2109/2836/2330 2104/2838/2332 2103/2921/2412
f 2109/2836/2330 2103/2921/2412 2108/2833/2327
f 2114/2832/2326 2109/2836/2330 2108/2833/2327
f 2160/2774/2268 2154/2606/2121 2159/2604/2120
f 2160/2774/2268 2159/2604/2120 2165/2922/2413
f 2165/2922/2413 2159/2604/2120 2164/2602/2119
f 2165/2922/2413 2164/2602/2119 2170/2923/2414
f 2170/2923/2414 2164/2602/2119 2169/2600/2118
f 2170/2923/2414 2169/2600/2118 2174/2924/2415
f 2174/2924/2415 2169/2600/2118 2173/2598/2117
f 2174/2924/2415 2173/2598/2117 2179/2925/2416
f 2179/2925/2416 2173/2598/2117 2178/2596/2116
f 2179/2925/2416 2178/2596/2116 2184/2926/2417
f 2184/2926/2417 2178/2596/2116 2183/2594/2115
f 2184/2926/2417 2183/2594/2115 2189/2927/2418
f 2189/2927/2418 2183/2594/2115 2188/2592/2114
f 2189/2927/2418 2188/2592/2114 2194/2928/2419
f 2194/2928/2419 2188/2592/2114 2193/2590/2113
f 2194/2928/2419 2193/2590/2113 2199/2929/2420
f 2199/2929/2420 2193/2590/2113 2198/2588/2112
f 2199/2929/2420 2198/2588/2112 2204/2930/2421
f 2204/2930/2421 2198/2588/2112 2203/2586/2111
f 2204/2930/2421 2203/2586/2111 2209/2931/2422
f 2209/2931/2422 2203/2586/2111 2208/2584/2110
f 2209/2931/2422 2208/2584/2110 2214/2932/2423
f 2214/2932/2423 2208/2584/2110 2213/2582/2109
f 2214/2932/2423 2213/2582/2109 2219/2745/2239
f 2160/2774/2268 2165/2922/2413 2166/2772/2266
f 2166/2772/2266 2165/2922/2413 2171/2933/2424
f 2166/2772/2266 2171/2933/2424 2172/2770/2264
f 2172/2770/2264 2171/2933/2424 2176/2934/2425
f 2172/2770/2264 2176/2934/2425 2177/2768/2262
f 2177/2768/2262 2176/2934/2425 2182/2766/2260
f 2171/2933/2424 2165/2922/2413 2170/2923/2414
f 2171/2933/2424 2170/2923/2414 2175/2935/2426
f 2175/2935/2426 2170/2923/2414 2174/2924/2415
f 2175/2935/2426 2174/2924/2415 2180/2936/2427
f 2180/2936/2427 2174/2924/2415 2179/2925/2416
f 2180/2936/2427 2179/2925/2416 2185/2937/2428
f 2185/2937/2428 2179/2925/2416 2184/2926/2417
f 2185/2937/2428 2184/2926/2417 2190/2938/2429
f 2190/2938/2429 2184/2926/2417 2189/2927/2418
f 2190/2938/2429 2189/2927/2418 2195/2939/2430
f 2195/2939/2430 2189/2927/2418 2194/2928/2419
f 2195/2939/2430 2194/2928/2419 2200/2940/2431
f 2200/2940/2431 2194/2928/2419 2199/2929/2420
f 2200/2940/2431 2199/2929/2420 2205/2941/2432
f 2205/2941/2432 2199/2929/2420 2204/2930/2421
f 2205/2941/2432 2204/2930/2421 2210/2942/2433
f 2210/2942/2433 2204/2930/2421 2209/2931/2422
f 2210/2942/2433 2209/2931/2422 2215/2943/2434
f 2215/2943/2434 2209/2931/2422 2214/2932/2423
f 2215/2943/2434 2214/2932/2423 2220/2944/2435
f 2220/2944/2435 2214/2932/2423 2219/2745/2239
f 2220/2944/2435 2219/2745/2239 2225/2744/2238
f 2171/2933/2424 2175/2935/2426 2176/2934/2425
f 2176/2934/2425 2175/2935/2426 2181/2945/2436
f 2176/2934/2425 2181/2945/2436 2182/2766/2260
f 2182/2766/2260 2181/2945/2436 2187/2764/2258
f 2181/2945/2436 2175/2935/2426 2180/2936/2427
f 2181/2945/2436 2180/2936/2427 2186/2946/2437
f 2186/2946/2437 2180/2936/2427 2185/2937/2428
f 2186/2946/2437 2185/2937/2428 2191/2947/2438
f 2191/2947/2438 2185/2937/2428 2190/2938/2429
f 2191/2947/2438 2190/2938/2429 2196/2948/2439
f 2196/2948/2439 2190/2938/2429 2195/2939/2430
f 2196/2948/2439 2195/2939/2430 2201/2949/2440
f 2201/2949/2440 2195/2939/2430 2200/2940/2431
f 2201/2949/2440 2200/2940/2431 2206/2950/2441
f 2206/2950/2441 2200/2940/2431 2205/2941/2432
f 2206/2950/2441 2205/2941/2432 2211/2951/2442
f 2211/2951/2442 2205/2941/2432 2210/2942/2433
f 2211/2951/2442 2210/2942/2433 2216/2952/2443
f 2216/2952/2443 2210/2942/2433 2215/2943/2434
f 2216/2952/2443 2215/2943/2434 2221/2953/2444
f 2221/2953/2444 2215/2943/2434 2220/2944/2435
f 2221/2953/2444 2220/2944/2435 2226/2954/2445
f 2226/2954/2445 2220/2944/2435 2225/2744/2238
f 2226/2954/2445 2225/2744/2238 2231/2743/2237
f 2192/2762/2256 2187/2764/2258 2186/2946/2437
f 2186/2946/2437 2187/2764/2258 2181/2945/2436
f 2192/2762/2256 2186/2946/2437 2191/2947/2438
f 2197/2760/2254 2192/2762/2256 2191/2947/2438
f 2197/2760/2254 2191/2947/2438 2196/2948/2439
f 2202/2758/2252 2197/2760/2254 2196/2948/2439
f 2202/2758/2252 2196/2948/2439 2201/2949/2440
f 2207/2756/2250 2202/2758/2252 2201/2949/2440
f 2207/2756/2250 2201/2949/2440 2206/2950/2441
f 2212/2754/2248 2207/2756/2250 2206/2950/2441
f 2212/2754/2248 2206/2950/2441 2211/2951/2442
f 2217/2752/2246 2212/2754/2248 2211/2951/2442
f 2217/2752/2246 2211/2951/2442 2216/2952/2443
f 2222/2750/2244 2217/2752/2246 2216/2952/2443
f 2222/2750/2244 2216/2952/2443 2221/2953/2444
f 2227/2748/2242 2222/2750/2244 2221/2953/2444
f 2227/2748/2242 2221/2953/2444 2226/2954/2445
f 2232/2746/2240 2227/2748/2242 2226/2954/2445
f 2232/2746/2240 2226/2954/2445 2231/2743/2237
f 2237/2742/2236 2232/2746/2240 2231/2743/2237
f 1373/2955/2446 2018/2956/2251 1327/2957/2447
f 1327/2957/2447 2018/2956/2251 2017/2958/2249
f 1327/2957/2447 2017/2958/2249 1328/2959/2448
f 1328/2959/2448 2017/2958/2249 2016/2960/2247
f 1328/2959/2448 2016/2960/2247 1329/2961/2449
f 1329/2961/2449 2016/2960/2247 2015/2962/2245
f 1329/2961/2449 2015/2962/2245 2014/2963/2243
f 2018/2956/2251 1373/2955/2446 2019/2964/2253
f 2019/2964/2253 1373/2955/2446 1372/2965/2450
f 2019/2964/2253 1372/2965/2450 2020/2966/2255
f 2020/2966/2255 1372/2965/2450 2021/2967/2257
f 2021/2967/2257 1372/2965/2450 1371/2968/2451
f 2021/2967/2257 1371/2968/2451 2022/2969/2259
f 2022/2969/2259 1371/2968/2451 1370/2970/2452
f 2022/2969/2259 1370/2970/2452 2023/2971/2261
f 2023/2971/2261 1370/2970/2452 1369/2972/2453
f 2023/2971/2261 1369/2972/2453 2024/2973/2270
f 2024/2973/2270 1369/2972/2453 1368/2974/2454
f 2024/2973/2270 1368/2974/2454 2025/2975/2275
f 2025/2975/2275 1368/2974/2454 1367/2976/2455
f 2025/2975/2275 1367/2976/2455 2026/2977/2280
f 2026/2977/2280 1367/2976/2455 2027/2978/2285
f 2027/2978/2285 1367/2976/2455 1366/2979/2456
f 2027/2978/2285 1366/2979/2456 2028/2980/2290
f 2028/2980/2290 1366/2979/2456 1365/2981/2457
f 2028/2980/2290 1365/2981/2457 2029/2982/2295
f 2029/2982/2295 1365/2981/2457 1364/2983/2458
f 2029/2982/2295 1364/2983/2458 2030/2984/2300
f 2030/2984/2300 1364/2983/2458 1363/2985/2459
f 2030/2984/2300 1363/2985/2459 2031/2986/2305
f 2031/2986/2305 1363/2985/2459 1362/2987/2460
f 2031/2986/2305 1362/2987/2460 2032/2988/2310
f 2032/2988/2310 1362/2987/2460 2033/2989/2315
f 2033/2989/2315 1362/2987/2460 1361/2990/2461
f 2033/2989/2315 1361/2990/2461 2034/2991/2320
f 2034/2991/2320 1361/2990/2461 1360/2992/2462
f 2034/2991/2320 1360/2992/2462 2035/2993/2325
f 2035/2993/2325 1360/2992/2462 1359/2994/2463
f 2035/2993/2325 1359/2994/2463 2036/2995/2331
f 2036/2995/2331 1359/2994/2463 1358/2996/2464
f 2036/2995/2331 1358/2996/2464 2037/2997/2333
f 2037/2997/2333 1358/2996/2464 2038/2998/2335
f 2038/2998/2335 1358/2996/2464 1357/2999/2465
f 2038/2998/2335 1357/2999/2465 2039/3000/2337
f 2039/3000/2337 1357/2999/2465 1356/3001/2466
f 2039/3000/2337 1356/3001/2466 2040/3002/2339
f 2040/3002/2339 1356/3001/2466 1355/3003/2467
f 2040/3002/2339 1355/3003/2467 2041/3004/2341
f 2041/3004/2341 1355/3003/2467 1354/3005/2468
f 2041/3004/2341 1354/3005/2468 2042/3006/2343
f 2042/3006/2343 1354/3005/2468 1353/3007/2469
f 2042/3006/2343 1353/3007/2469 2043/3008/2345
f 2043/3008/2345 1353/3007/2469 2044/3009/2347
f 2044/3009/2347 1353/3007/2469 1352/3010/2470
f 2044/3009/2347 1352/3010/2470 2045/3011/2349
f 2045/3011/2349 1352/3010/2470 1351/3012/2471
f 2045/3011/2349 1351/3012/2471 1989/3013/2143
f 1989/3013/2143 1351/3012/2471 1350/3014/2472
f 1989/3013/2143 1350/3014/2472 1990/3015/2141
f 1990/3015/2141 1350/3014/2472 1349/3016/2473
f 1990/3015/2141 1349/3016/2473 1991/3017/2153
f 1991/3017/2153 1349/3016/2473 1348/3018/2474
f 1991/3017/2153 1348/3018/2474 1992/3019/2155
f 1992/3019/2155 1348/3018/2474 1993/3020/2157
f 1993/3020/2157 1348/3018/2474 1347/3021/2475
f 1993/3020/2157 1347/3021/2475 1994/3022/2159
f 1994/3022/2159 1347/3021/2475 1346/3023/2476
f 1994/3022/2159 1346/3023/2476 1995/3024/2161
f 1995/3024/2161 1346/3023/2476 1345/3025/2477
f 1995/3024/2161 1345/3025/2477 1996/3026/2163
f 1996/3026/2163 1345/3025/2477 1344/3027/2478
f 1996/3026/2163 1344/3027/2478 1997/3028/2165
f 1997/3028/2165 1344/3027/2478 1343/3029/2479
f 1997/3028/2165 1343/3029/2479 1998/3030/2167
f 1998/3030/2167 1343/3029/2479 1999/3031/2169
f 1999/3031/2169 1343/3029/2479 1342/3032/2480
f 1999/3031/2169 1342/3032/2480 2000/3033/2171
f 2000/3033/2171 1342/3032/2480 1341/3034/2481
f 2000/3033/2171 1341/3034/2481 2001/3035/2180
f 2001/3035/2180 1341/3034/2481 1340/3036/2482
f 2001/3035/2180 1340/3036/2482 2002/3037/2185
f 2002/3037/2185 1340/3036/2482 1339/3038/2483
f 2002/3037/2185 1339/3038/2483 2003/3039/2190
f 2003/3039/2190 1339/3038/2483 2004/3040/2195
f 2004/3040/2195 1339/3038/2483 1338/3041/2484
f 2004/3040/2195 1338/3041/2484 2005/3042/2200
f 2005/3042/2200 1338/3041/2484 1337/3043/2485
f 2005/3042/2200 1337/3043/2485 2006/3044/2205
f 2006/3044/2205 1337/3043/2485 1336/3045/2486
f 2006/3044/2205 1336/3045/2486 2007/3046/2210
f 2007/3046/2210 1336/3045/2486 1335/3047/2487
f 2007/3046/2210 1335/3047/2487 2008/3048/2215
f 2008/3048/2215 1335/3047/2487 1334/3049/2488
f 2008/3048/2215 1334/3049/2488 2009/3050/2220
f 2009/3050/2220 1334/3049/2488 2010/3051/2225
f 2010/3051/2225 1334/3049/2488 1333/3052/2489
f 2010/3051/2225 1333/3052/2489 2011/3053/2230
f 2011/3053/2230 1333/3052/2489 1332/3054/2490
f 2011/3053/2230 1332/3054/2490 2012/3055/2235
f 2012/3055/2235 1332/3054/2490 1331/3056/2491
f 2012/3055/2235 1331/3056/2491 2013/3057/2241
f 2013/3057/2241 1331/3056/2491 1330/3058/2492
f 2013/3057/2241 1330/3058/2492 2014/2963/2243
f 2014/2963/2243 1330/3058/2492 1329/2961/2449
# 2355 vertices
# 3058 texture params
# 2492 normals
# 4706 facets

# 1 groups
